date,erp,erp_ma
2005-04-08,2.2656,2.2656
2005-04-11,2.1938,2.2297000000000002
2005-04-12,2.4697,2.3097
2005-04-13,2.2538,2.2957
2005-04-14,2.2811000000000003,2.2928
2005-04-15,2.4913000000000003,2.3259
2005-04-18,2.5146,2.3528000000000002
2005-04-19,2.5387,2.3761
2005-04-20,2.6593,2.4074999999999998
2005-04-21,2.693,2.4361
2005-04-22,2.6884,2.459
2005-04-25,2.7771,2.4855
2005-04-26,2.7328,2.5046
2005-04-27,2.8272,2.5276
2005-04-28,2.723,2.5406
2005-04-29,2.878,2.5617
2005-05-09,3.0239,2.5888999999999998
2005-05-10,2.9611,2.6096
2005-05-11,3.0514,2.6328
2005-05-12,3.2474999999999996,2.6636
2005-05-13,3.2519,2.6915999999999998
2005-05-16,3.4588,2.7265
2005-05-17,3.3945999999999996,2.7555
2005-05-18,3.3646000000000003,2.7809
2005-05-19,3.4546,2.8078
2005-05-20,3.4619999999999997,2.833
2005-05-23,3.7685999999999997,2.8676
2005-05-24,3.7931,2.9007
2005-05-25,3.6715999999999998,2.9273000000000002
2005-05-26,3.8718000000000004,2.9588
2005-05-27,3.9692,2.9914
2005-05-30,3.8753999999999995,3.019
2005-05-31,3.8191,3.0432
2005-06-01,3.9801,3.0707999999999998
2005-06-02,4.1695,3.1022000000000003
2005-06-03,4.2072,3.1329000000000002
2005-06-06,4.0565999999999995,3.1578000000000004
2005-06-07,4.1234,3.1832
2005-06-08,3.4743000000000004,3.1906999999999996
2005-06-09,3.3283,3.1942
2005-06-10,3.5594,3.2030999999999996
2005-06-13,3.567,3.2117
2005-06-14,3.698,3.2230000000000003
2005-06-15,3.8678,3.2377000000000002
2005-06-16,3.8960000000000004,3.2523000000000004
2005-06-17,3.9021,3.2664
2005-06-20,3.6343,3.2743
2005-06-21,3.8146,3.2855000000000003
2005-06-22,3.7905,3.2958000000000003
2005-06-23,3.842,3.3068
2005-06-24,3.817,3.3168
2005-06-27,3.6831000000000005,3.3238
2005-06-28,3.762,3.3321000000000005
2005-06-29,3.807,3.3409
2005-06-30,3.9669999999999996,3.3522999999999996
2005-07-01,4.1492,3.3665000000000003
2005-07-04,4.201499999999999,3.3811
2005-07-05,4.2635,3.3963
2005-07-06,4.3699,3.4128
2005-07-07,4.3201,3.428
2005-07-08,4.4075999999999995,3.444
2005-07-11,4.4056,3.4595000000000002
2005-07-12,4.2686,3.4724
2005-07-13,4.4037,3.4869
2005-07-14,4.301,3.4995
2005-07-15,4.4366,3.5137
2005-07-18,4.4837,3.5281
2005-07-19,4.5837,3.5437000000000003
2005-07-20,4.4166,3.5563
2005-07-21,4.3933,3.5683
2005-07-22,4.1991,3.5770999999999997
2005-07-25,4.1918,3.5857
2005-07-26,3.984,3.5911
2005-07-27,4.0453,3.5972999999999997
2005-07-28,4.0245999999999995,3.6029999999999998
2005-07-29,4.178,3.6105
2005-08-01,4.2242,3.6185
2005-08-02,4.1546,3.6254
2005-08-03,4.1615,3.6322
2005-08-04,4.2004,3.6393
2005-08-05,4.0216,3.644
2005-08-08,3.8964,3.6471000000000005
2005-08-09,3.8468,3.6494999999999997
2005-08-10,3.7627,3.6508
2005-08-11,3.6984999999999997,3.6513999999999998
2005-08-12,3.8333,3.6534999999999997
2005-08-15,3.7546000000000004,3.6547000000000005
2005-08-16,3.8838,3.6573
2005-08-17,3.8246,3.6591
2005-08-18,4.1878,3.665
2005-08-19,4.172,3.6706000000000003
2005-08-22,4.0986,3.6752
2005-08-23,4.1388,3.6802
2005-08-24,3.9819,3.6834
2005-08-25,3.9905999999999997,3.6866999999999996
2005-08-26,3.9705999999999997,3.6896
2005-08-29,4.1842,3.6947
2005-08-30,4.2621,3.7005000000000003
2005-08-31,4.244,3.7060000000000004
2005-09-01,4.123600000000001,3.7102000000000004
2005-09-02,4.1161,3.7142
2005-09-05,4.1061,3.718
2005-09-06,4.224,3.723
2005-09-07,4.172,3.7273
2005-09-08,4.162,3.7314
2005-09-09,4.179399999999999,3.7356
2005-09-12,4.1328,3.7394
2005-09-13,4.078600000000001,3.7425
2005-09-14,4.0319,3.7451
2005-09-15,4.1631,3.7489000000000003
2005-09-16,4.3072,3.7539999999999996
2005-09-19,4.2358,3.7582999999999998
2005-09-20,4.2846,3.7629
2005-09-21,4.46,3.7691000000000003
2005-09-22,4.6139,3.7763999999999998
2005-09-23,4.6454,3.7838999999999996
2005-09-26,4.6328000000000005,3.7911
2005-09-27,4.794099999999999,3.7996000000000003
2005-09-28,4.8206,3.8082
2005-09-29,4.6465,3.8152
2005-09-30,4.5877,3.8216
2005-10-10,4.809200000000001,3.8297
2005-10-11,4.7114,3.8369
2005-10-12,4.6951,3.8438
2005-10-13,4.7808,3.8512999999999997
2005-10-14,4.8975,3.8596
2005-10-17,5.0099,3.8686
2005-10-18,5.003500000000001,3.8774999999999995
2005-10-19,5.0966,3.887
2005-10-20,5.0200000000000005,3.8956999999999997
2005-10-21,5.0067,3.9042
2005-10-24,5.0166,3.9126000000000003
2005-10-25,5.2019,3.9223
2005-10-26,5.4033999999999995,3.9333
2005-10-27,5.377400000000001,3.9440000000000004
2005-10-28,5.357,3.9544
2005-10-31,5.319,3.9644
2005-11-01,5.1963,3.9732999999999996
2005-11-02,5.0895,3.9813
2005-11-03,5.2052000000000005,3.9901
2005-11-04,5.1142,3.998
2005-11-07,5.1593,4.0062
2005-11-08,5.0803,4.0137
2005-11-09,5.0803,4.0211
2005-11-10,5.1802,4.0291
2005-11-11,5.1831000000000005,4.037
2005-11-14,5.2334,4.0452
2005-11-15,5.2462,4.0533
2005-11-16,5.161700000000001,4.0607
2005-11-17,5.2217,4.0685
2005-11-18,4.9780999999999995,4.0745000000000005
2005-11-21,5.0019,4.0806000000000004
2005-11-22,5.1588,4.0876
2005-11-23,5.0992999999999995,4.0942
2005-11-24,5.0203,4.1002
2005-11-25,4.9964,4.1059
2005-11-28,5.0012,4.1116
2005-11-29,5.1159,4.118
2005-11-30,5.1488,4.124499999999999
2005-12-01,5.0288,4.1301
2005-12-02,5.0659,4.1359
2005-12-05,5.1106,4.1419999999999995
2005-12-06,5.0546,4.1476
2005-12-07,5.0033,4.1528
2005-12-08,4.9864,4.1578
2005-12-09,4.8605,4.1621
2005-12-12,4.8569,4.1662
2005-12-13,4.8167,4.170100000000001
2005-12-14,4.9133000000000004,4.1745
2005-12-15,4.843299999999999,4.1784
2005-12-16,4.8635,4.1824
2005-12-19,4.7406,4.1857
2005-12-20,4.6845,4.1886
2005-12-21,4.7437,4.1917
2005-12-22,4.641,4.1943
2005-12-23,4.6928,4.1971
2005-12-26,4.5939,4.1994
2005-12-27,4.7017999999999995,4.2021999999999995
2005-12-28,4.662800000000001,4.2048000000000005
2005-12-29,4.5693,4.2068
2005-12-30,4.6102,4.2090000000000005
2006-01-04,4.5264,4.2108
2006-01-05,4.3705,4.2117
2006-01-06,4.372,4.2125
2006-01-09,4.3488,4.213299999999999
2006-01-10,4.31,4.2138
2006-01-11,4.3753,4.2146
2006-01-12,4.35,4.2154
2006-01-13,4.4078,4.2164
2006-01-16,4.499899999999999,4.2179
2006-01-17,4.5104999999999995,4.2194
2006-01-18,4.3515,4.2201
2006-01-19,4.2905,4.2205
2006-01-20,4.2029,4.2204
2006-01-23,4.2238999999999995,4.2204
2006-01-24,4.2505,4.2205
2006-01-25,4.2546,4.2207
2006-02-06,4.0342,4.2198
2006-02-07,4.055899999999999,4.2189
2006-02-08,3.9846,4.2178
2006-02-09,4.1806,4.2176
2006-02-10,4.0464,4.2167
2006-02-13,4.1074,4.2162
2006-02-14,4.1453999999999995,4.2159
2006-02-15,3.9627000000000003,4.2146
2006-02-16,4.1486,4.2143
2006-02-17,4.1686,4.2141
2006-02-20,4.1569,4.2138
2006-02-21,4.0676,4.2131
2006-02-22,4.048,4.2123
2006-02-23,4.0927,4.2118
2006-02-24,4.0972,4.2112
2006-02-27,4.0522,4.2105
2006-02-28,4.1323,4.2101
2006-03-01,4.1171,4.209700000000001
2006-03-02,4.245,4.2097999999999995
2006-03-03,4.1933,4.2097999999999995
2006-03-06,4.2294,4.2097999999999995
2006-03-07,4.3591999999999995,4.2105
2006-03-08,4.430499999999999,4.2115
2006-03-09,4.5027,4.2128
2006-03-10,4.4627,4.2139999999999995
2006-03-13,4.3506,4.2146
2006-03-14,4.3514,4.2152
2006-03-15,4.2611,4.2154
2006-03-16,4.2816,4.2157
2006-03-17,4.3193,4.2161
2006-03-20,4.1891,4.216
2006-03-21,4.1485,4.2157
2006-03-22,4.1078,4.2153
2006-03-23,4.0924000000000005,4.2147
2006-03-24,4.0778,4.2141
2006-03-27,4.1371,4.2138
2006-03-28,4.1171,4.2134
2006-03-29,4.0774,4.2128
2006-03-30,4.1773,4.2127
2006-03-31,4.1776,4.2125
2006-04-03,4.2959,4.2129
2006-04-04,4.128,4.2125
2006-04-05,4.0723,4.2119
2006-04-06,4.0322,4.2112
2006-04-07,4.0724,4.2105999999999995
2006-04-10,4.0023,4.2097999999999995
2006-04-11,3.9481,4.2087
2006-04-12,3.9530000000000003,4.2076
2006-04-13,4.0071,4.2068
2006-04-14,3.84,4.2053
2006-04-17,3.712,4.2034
2006-04-18,3.6521999999999997,4.2011
2006-04-19,3.6295,4.1989
2006-04-20,3.7289000000000003,4.197
2006-04-21,3.5102,4.1943
2006-04-24,3.4874,4.1915000000000004
2006-04-25,3.5032,4.1888000000000005
2006-04-26,3.4209000000000005,4.1857
2006-04-27,3.4057999999999997,4.1827000000000005
2006-04-28,3.2791,4.179200000000001
2006-05-08,2.8796,4.1741
2006-05-09,2.8324,4.169
2006-05-10,2.8011,4.1637
2006-05-11,2.8562,4.1587
2006-05-12,2.5789,4.1527
2006-05-15,2.3566,4.1458
2006-05-16,2.5554,4.1398
2006-05-17,2.5397,4.1338
2006-05-18,2.5902000000000003,4.128
2006-05-19,2.4788,4.1217999999999995
2006-05-22,2.5385999999999997,4.1159
2006-05-23,2.7139,4.1107
2006-05-24,2.7271,4.1055
2006-05-25,2.7403,4.1005
2006-05-26,2.6780000000000004,4.0953
2006-05-29,2.5304,4.0895
2006-05-30,2.5241,4.0838
2006-05-31,2.5997,4.0784
2006-06-01,2.494,4.0727
2006-06-02,2.568,4.0673
2006-06-05,2.5472,4.0618
2006-06-06,2.5754,4.0565
2006-06-07,2.8802000000000003,4.052300000000001
2006-06-08,2.8792999999999997,4.048100000000001
2006-06-09,3.025,4.0445
2006-06-12,2.9741,4.0407
2006-06-13,3.0543,4.0371999999999995
2006-06-14,3.1314,4.034
2006-06-15,3.1138,4.030799999999999
2006-06-16,2.9537,4.0271
2006-06-19,2.9076999999999997,4.0232
2006-06-20,2.9342,4.0194
2006-06-21,2.9162,4.0156
2006-06-22,2.9272,4.0119
2006-06-23,2.9058,4.0081
2006-06-26,2.7803,4.0039
2006-06-27,2.6471,3.9993
2006-06-28,2.5804,3.9945
2006-06-29,2.4705999999999997,3.9892999999999996
2006-06-30,2.4911,3.9843
2006-07-03,2.3475,3.9787999999999997
2006-07-04,2.401,3.9735
2006-07-05,2.4711,3.9684999999999997
2006-07-06,2.3279,3.963
2006-07-07,2.3841,3.9578
2006-07-10,2.3834999999999997,3.9526
2006-07-11,2.3548,3.9474
2006-07-12,2.3678999999999997,3.9421999999999997
2006-07-13,2.5914,3.9378
2006-07-14,2.5773,3.9333
2006-07-17,2.5371,3.9288
2006-07-18,2.5571,3.9244000000000003
2006-07-19,1.9138,3.9179
2006-07-20,1.8838000000000001,3.9113
2006-07-21,1.8475,3.9047
2006-07-24,1.8402000000000003,3.8981000000000003
2006-07-25,1.7814,3.8913999999999995
2006-07-26,1.794,3.8847
2006-07-27,1.8186999999999998,3.8781999999999996
2006-07-28,1.8683,3.8718000000000004
2006-07-31,2.0096,3.866
2006-08-01,2.1575,3.8606000000000003
2006-08-02,2.1575,3.8552999999999997
2006-08-03,2.1704999999999997,3.8501
2006-08-04,2.1079,3.8447
2006-08-07,2.1665,3.8394999999999997
2006-08-08,2.0418,3.8339
2006-08-09,2.0825,3.8285
2006-08-10,1.9914999999999998,3.8228999999999997
2006-08-11,2.0004999999999997,3.8173
2006-08-14,2.1235,3.8121
2006-08-15,2.021,3.8066999999999998
2006-08-16,1.9425999999999999,3.8011000000000004
2006-08-17,1.9935999999999998,3.7956
2006-08-18,2.0371,3.7903
2006-08-21,2.0140000000000002,3.785
2006-08-22,2.0105999999999997,3.7796000000000003
2006-08-23,2.2009999999999996,3.7748999999999997
2006-08-24,2.1596,3.7701
2006-08-25,2.1635999999999997,3.7654
2006-08-28,2.1401,3.7606
2006-08-29,2.0566999999999998,3.7554999999999996
2006-08-30,2.0335,3.7504999999999997
2006-08-31,2.0535,3.7455000000000003
2006-09-01,2.1148,3.7407000000000004
2006-09-04,2.0621,3.7358000000000002
2006-09-05,2.0506,3.7309
2006-09-06,2.0219,3.726
2006-09-07,2.1177,3.7213000000000003
2006-09-08,2.0942,3.7165999999999997
2006-09-11,2.0708,3.7119
2006-09-12,2.0135,3.707
2006-09-13,2.0248,3.7022
2006-09-14,2.0077000000000003,3.6974
2006-09-15,1.9092000000000002,3.6923
2006-09-18,1.8875,3.6872000000000003
2006-09-19,1.8848,3.6821
2006-09-20,1.9038,3.6771
2006-09-21,1.8594,3.672
2006-09-22,1.941,3.6672000000000002
2006-09-25,1.9301,3.6623
2006-09-26,1.9959,3.6576999999999997
2006-09-27,2.0501,3.6532
2006-09-28,2.0175,3.6487
2006-09-29,1.8573,3.6437
2006-10-09,1.7454,3.6385
2006-10-10,2.2192,3.6346000000000003
2006-10-11,2.2083,3.6307
2006-10-12,2.2374,3.6269000000000005
2006-10-13,2.2338,3.6231
2006-10-16,2.2704,3.6193999999999997
2006-10-17,2.3335000000000004,3.6159
2006-10-18,2.2721,3.6123000000000003
2006-10-19,2.2666,3.6087000000000002
2006-10-20,2.2738,3.6051
2006-10-23,2.3577,3.6017
2006-10-24,2.2275,3.5981
2006-10-25,2.214,3.5944
2006-10-26,2.2113,3.5907
2006-10-27,2.3182,3.5873000000000004
2006-10-30,2.4296,3.5842
2006-10-31,2.4945,3.5814
2006-11-01,2.4237,3.5783
2006-11-02,2.4354,3.5753
2006-11-03,2.4035,3.5723
2006-11-06,2.2925999999999997,3.5688999999999997
2006-11-07,2.2704,3.5655
2006-11-08,2.349,3.5624000000000002
2006-11-09,2.2592999999999996,3.5589999999999997
2006-11-10,1.8804,3.5547000000000004
2006-11-13,1.8948,3.5504000000000002
2006-11-14,1.8309,3.546
2006-11-15,1.7348,3.5413
2006-11-16,1.6698000000000002,3.5365
2006-11-17,1.5909,3.5316
2006-11-20,1.4903,3.5263999999999998
2006-11-21,1.4331,3.5211
2006-11-22,1.4392,3.5158
2006-11-23,1.2649000000000001,3.5101
2006-11-24,1.3353,3.5046
2006-11-27,1.3607,3.4992
2006-11-28,1.4463,3.4941
2006-11-29,1.317,3.4887
2006-11-30,1.2885,3.4832
2006-12-01,1.3041,3.4777000000000005
2006-12-04,1.1694,3.472
2006-12-05,1.1554,3.4663
2006-12-06,1.1982,3.4607
2006-12-07,1.1911,3.4551
2006-12-08,1.3029000000000002,3.4498
2006-12-11,1.1186,3.4440999999999997
2006-12-12,1.0439,3.4382
2006-12-13,1.0274,3.4323
2006-12-14,0.9941,3.4264
2006-12-15,0.8869999999999999,3.4202000000000004
2006-12-18,0.8356,3.4139999999999997
2006-12-19,0.7207,3.4075
2006-12-20,0.7436,3.4011
2006-12-21,0.7841,3.3948
2006-12-22,0.8014,3.3886
2006-12-25,0.605,3.3819000000000004
2006-12-26,0.5701999999999999,3.3751999999999995
2006-12-27,0.4368,3.3682
2006-12-28,0.33,3.361
2006-12-29,0.22160000000000002,3.3535000000000004
2007-01-04,0.178,3.3459999999999996
2007-01-05,0.28900000000000003,3.3388
2007-01-08,0.2289,3.3314999999999997
2007-01-09,0.094,3.3238999999999996
2007-01-10,0.06949999999999999,3.3163
2007-01-11,0.1557,3.3089
2007-01-12,0.3003,3.3019
2007-01-15,0.1466,3.2945
2007-01-16,0.0901,3.2870999999999997
2007-01-17,0.1456,3.2798000000000003
2007-01-18,0.1885,3.2727
2007-01-19,0.1338,3.2655000000000003
2007-01-22,-0.0123,3.2579
2007-01-23,-0.3704,3.2495999999999996
2007-01-24,-0.3562,3.2413999999999996
2007-01-25,-0.2607,3.2334
2007-01-26,-0.259,3.2253999999999996
2007-01-29,-0.3402,3.2173
2007-01-30,-0.3041,3.2093000000000003
2007-01-31,-0.2188,3.2016000000000004
2007-02-01,-0.1455,3.1940000000000004
2007-02-02,-0.1006,3.1866
2007-02-05,0.0245,3.1794999999999995
2007-02-06,-0.087,3.1722
2007-02-07,-0.1109,3.1648
2007-02-08,-0.1767,3.1574
2007-02-09,-0.16440000000000002,3.15
2007-02-12,-0.19569999999999999,3.1425
2007-02-13,-0.2081,3.1350999999999996
2007-02-14,-0.3528,3.1274
2007-02-15,-0.44920000000000004,3.1195
2007-02-16,-0.4463,3.1116
2007-02-26,-0.4604,3.1038
2007-02-27,-0.1749,3.0966
2007-02-28,-0.28500000000000003,3.0892
2007-03-01,-0.16490000000000002,3.0821
2007-03-02,-0.25639999999999996,3.0748
2007-03-05,-0.2205,3.0675999999999997
2007-03-06,-0.26480000000000004,3.0604
2007-03-07,-0.3583,3.053
2007-03-08,-0.3815,3.0456
2007-03-09,-0.4379,3.0381
2007-03-12,-0.40499999999999997,3.0307
2007-03-13,-0.4189,3.0233
2007-03-14,-0.3955,3.016
2007-03-15,-0.4268,3.0086000000000004
2007-03-16,-0.47140000000000004,3.0012
2007-03-19,-0.6056,2.9935
2007-03-20,-0.5433,2.986
2007-03-21,-0.6804,2.9781999999999997
2007-03-22,-0.6956,2.9705
2007-03-23,-0.5437,2.963
2007-03-26,-0.5615,2.9556
2007-03-27,-0.5971,2.9482
2007-03-28,-0.673,2.9406000000000003
2007-03-29,-0.7185,2.9329
2007-03-30,-0.6505000000000001,2.9254
2007-04-02,-0.7256,2.9177999999999997
2007-04-03,-0.7654,2.9102
2007-04-04,-0.6483,2.9028
2007-04-05,-0.6068,2.8955
2007-04-06,-0.6776,2.8881
2007-04-09,-0.7392,2.8807
2007-04-10,-0.7995,2.8731
2007-04-11,-0.7691,2.8656
2007-04-12,-0.8233,2.8581
2007-04-13,-0.7547,2.8507000000000002
2007-04-16,-0.7804,2.8433
2007-04-17,-0.8432999999999999,2.8357
2007-04-18,-0.7967,2.8284
2007-04-19,-1.0274,2.8205
2007-04-20,-1.0194999999999999,2.8128
2007-04-23,-1.111,2.8048
2007-04-24,-0.8595,2.7975
2007-04-25,-0.8693,2.7901
2007-04-26,-0.8758999999999999,2.7827
2007-04-27,-0.7767,2.7756
2007-04-30,-1.023,2.768
2007-05-08,-1.1578,2.7601
2007-05-09,-0.9162,2.7528
2007-05-10,-0.9690000000000001,2.7454
2007-05-11,-0.9433,2.7380999999999998
2007-05-14,-1.2226000000000001,2.7303
2007-05-15,-1.1215,2.7227
2007-05-16,-1.0363,2.7152
2007-05-17,-1.0697999999999999,2.7078
2007-05-18,-1.2587,2.7
2007-05-21,-1.2253,2.6923
2007-05-22,-1.3324,2.6844
2007-05-23,-1.7286,2.6758
2007-05-24,-1.714,2.6672000000000002
2007-05-25,-1.7227,2.6587
2007-05-28,-1.7816999999999998,2.6501
2007-05-29,-1.8478,2.6414
2007-05-30,-1.6848999999999998,2.633
2007-05-31,-1.7534999999999998,2.6245000000000003
2007-06-01,-1.7066000000000001,2.6162
2007-06-04,-1.2219,2.6088
2007-06-05,-1.2695,2.6014
2007-06-06,-1.3448,2.5938
2007-06-07,-1.4333,2.5861
2007-06-08,-1.4040000000000001,2.5785
2007-06-11,-1.5485,2.5705999999999998
2007-06-12,-1.5911000000000002,2.5627
2007-06-13,-1.6287,2.5548
2007-06-14,-1.6986999999999999,2.5467
2007-06-15,-1.6158,2.5388
2007-06-18,-1.8876,2.5305
2007-06-19,-1.8662999999999998,2.5222
2007-06-20,-1.8842999999999999,2.5139
2007-06-21,-1.926,2.5056
2007-06-22,-1.8355,2.4975
2007-06-25,-1.7033,2.4896000000000003
2007-06-26,-1.7430999999999999,2.4817
2007-06-27,-1.6171000000000002,2.4741
2007-06-28,-1.5184,2.4667000000000003
2007-06-29,-1.6083,2.4591
2007-07-02,-1.6694,2.4515
2007-07-03,-1.8546,2.4435
2007-07-04,-1.8481999999999998,2.4356
2007-07-05,-1.7036,2.428
2007-07-06,-1.9233,2.42
2007-07-09,-1.8452,2.4121
2007-07-10,-1.6945999999999999,2.4046000000000003
2007-07-11,-1.8419999999999999,2.3968
2007-07-12,-1.7350999999999999,2.3893
2007-07-13,-1.8938,2.3815
2007-07-16,-1.8349,2.3737999999999997
2007-07-17,-1.9359000000000002,2.366
2007-07-18,-1.92,2.3582
2007-07-19,-1.8731000000000002,2.3506
2007-07-20,-2.0357,2.3427
2007-07-23,-2.1212999999999997,2.3346
2007-07-24,-2.0667999999999997,2.3266999999999998
2007-07-25,-2.2077,2.3186
2007-07-26,-2.0201000000000002,2.3108
2007-07-27,-2.1914,2.3028
2007-07-30,-2.0632,2.2950000000000004
2007-07-31,-2.0774,2.2872
2007-08-01,-2.0330999999999997,2.2795
2007-08-02,-2.0895,2.2717
2007-08-03,-2.1158,2.2639
2007-08-06,-2.2675,2.2559
2007-08-07,-2.1599,2.2481
2007-08-08,-2.2289,2.2401999999999997
2007-08-09,-2.276,2.2323
2007-08-10,-2.2587,2.2244
2007-08-13,-2.1925,2.2166
2007-08-14,-2.2088,2.2089000000000003
2007-08-15,-2.2331,2.2011
2007-08-16,-2.2228000000000003,2.1934
2007-08-17,-2.1179,2.1859
2007-08-20,-2.2284,2.1782
2007-08-21,-2.2133,2.1706
2007-08-22,-2.2171,2.163
2007-08-23,-2.2127,2.1554
2007-08-24,-2.1023,2.1479999999999997
2007-08-27,-2.1477,2.1406
2007-08-28,-2.0873,2.1334
2007-08-29,-2.0223999999999998,2.1262
2007-08-30,-1.8854,2.1193
2007-08-31,-2.0548,2.1121999999999996
2007-09-03,-2.098,2.105
2007-09-04,-1.9446,2.0981
2007-09-05,-1.9205,2.0912
2007-09-06,-2.1231,2.0841
2007-09-07,-1.899,2.0773
2007-09-10,-2.099,2.0702000000000003
2007-09-11,-1.8204000000000002,2.0636
2007-09-12,-2.0007,2.0568
2007-09-13,-2.0328,2.0499
2007-09-14,-2.0895,2.0429
2007-09-17,-2.1819,2.0358
2007-09-18,-1.9272999999999998,2.0292
2007-09-19,-2.1704999999999997,2.0221
2007-09-20,-2.2758000000000003,2.0149
2007-09-21,-2.2558000000000002,2.0078
2007-09-24,-1.9727999999999999,2.0012
2007-09-25,-1.9573,1.9946
2007-09-26,-2.2164,1.9876
2007-09-27,-2.2728,1.9805
2007-09-28,-2.2933,1.9734999999999998
2007-10-08,-2.0764,1.9668
2007-10-09,-2.0845,1.9595999999999998
2007-10-10,-2.3653,1.9524
2007-10-11,-2.4858000000000002,1.9451
2007-10-12,-2.4829,1.9373999999999998
2007-10-15,-2.4772,1.9282000000000001
2007-10-16,-2.5503,1.9198
2007-10-17,-2.46,1.9126
2007-10-18,-2.4013,1.9055
2007-10-19,-2.384,1.8974000000000002
2007-10-22,-2.3483,1.8868
2007-10-23,-2.4392,1.8783
2007-10-24,-2.4586,1.8710999999999998
2007-10-25,-2.3441,1.8641999999999999
2007-10-26,-2.5319000000000003,1.8554000000000002
2007-10-29,-2.54,1.8437
2007-10-30,-2.5187999999999997,1.8348
2007-10-31,-2.5097,1.8276000000000001
2007-11-01,-2.4192,1.8206
2007-11-02,-2.4332,1.8135999999999999
2007-11-05,-2.3669,1.8067
2007-11-06,-2.2752000000000003,1.7999999999999998
2007-11-07,-2.3148,1.7933000000000001
2007-11-08,-2.1954000000000002,1.7868
2007-11-09,-2.1848,1.7803
2007-11-12,-2.1322,1.7679
2007-11-13,-2.1604,1.7590000000000001
2007-11-14,-2.2771,1.7500000000000002
2007-11-15,-2.2586,1.7434
2007-11-16,-2.2319999999999998,1.7368999999999999
2007-11-19,-2.3211,1.7221
2007-11-20,-2.3205,1.7126
2007-11-21,-2.2084,1.7034
2007-11-22,-2.1999,1.6969999999999998
2007-11-23,-2.2036,1.6906
2007-11-26,-2.1669,1.6742
2007-11-27,-2.1168,1.6643999999999999
2007-11-28,-2.0798,1.6545
2007-11-29,-2.1875,1.6482
2007-11-30,-2.1198,1.6421000000000001
2007-12-03,-2.1311,1.6206999999999998
2007-12-04,-2.1484,1.6102999999999998
2007-12-05,-2.2138999999999998,1.6039999999999999
2007-12-06,-2.2194,1.5977999999999999
2007-12-07,-2.3337,1.5873000000000002
2007-12-10,-2.273,1.5709
2007-12-11,-2.2736,1.5613
2007-12-12,-2.3219,1.555
2007-12-13,-2.1644,1.5489
2007-12-14,-2.1487,1.5396
2007-12-17,-2.005,1.5225
2007-12-18,-1.9848999999999999,1.5129
2007-12-19,-2.0394,1.5070999999999999
2007-12-20,-2.0398,1.5013
2007-12-21,-2.2273,1.4917
2007-12-24,-2.1771,1.4743
2007-12-25,-2.1797,1.4644000000000001
2007-12-26,-2.2601,1.4583000000000002
2007-12-27,-2.2169000000000003,1.4523
2007-12-28,-2.0736,1.4429
2008-01-02,-2.2643,1.4206
2008-01-03,-2.254,1.4144999999999999
2008-01-04,-2.1963,1.4085999999999999
2008-01-07,-2.2334,1.3885
2008-01-08,-2.2703,1.3777
2008-01-09,-2.3076,1.3667
2008-01-10,-2.2693000000000003,1.3607
2008-01-11,-2.2422999999999997,1.3548
2008-01-14,-2.3366000000000002,1.3339
2008-01-15,-2.1915,1.3233
2008-01-16,-2.2405,1.3123
2008-01-17,-2.1270000000000002,1.3067
2008-01-18,-2.1917,1.3009
2008-01-21,-1.9627,1.2799
2008-01-22,-1.8454000000000002,1.2696
2008-01-23,-1.8707000000000003,1.2596
2008-01-24,-1.7987,1.2546
2008-01-25,-1.8651,1.2494999999999998
2008-01-28,-1.5644000000000002,1.2309999999999999
2008-01-29,-1.651,1.2217
2008-01-30,-1.5345,1.2123
2008-01-31,-1.496,1.2079
2008-02-01,-1.4879,1.2034
2008-02-04,-1.6206000000000003,1.1841000000000002
2008-02-05,-1.6187,1.1745999999999999
2008-02-13,-1.4592,1.1437
2008-02-14,-1.4762000000000002,1.1394
2008-02-15,-1.5407,1.135
2008-02-18,-1.4983,1.1173
2008-02-19,-1.6356,1.1076000000000001
2008-02-20,-1.5762000000000003,1.0980999999999999
2008-02-21,-1.4951,1.0937999999999999
2008-02-22,-1.3042,1.0899
2008-02-25,-1.1509,1.0713
2008-02-26,-1.3447,1.0625
2008-02-27,-1.4107,1.0536
2008-02-28,-1.2822,1.0496999999999999
2008-02-29,-1.2423,1.0459
2008-03-03,-1.3422,1.0159
2008-03-04,-1.3955,1.0119
2008-03-05,-1.3006,1.0081
2008-03-06,-1.3486,0.9990000000000001
2008-03-07,-1.3098,0.9899
2008-03-10,-1.1925,0.9704
2008-03-11,-1.1988,0.9668
2008-03-12,-1.0897000000000001,0.9634
2008-03-13,-1.0563,0.9547999999999999
2008-03-14,-1.0074,0.9464
2008-03-17,-0.9067000000000001,0.9273
2008-03-18,-0.7882,0.9244
2008-03-19,-0.8344,0.9214999999999999
2008-03-20,-0.8543999999999999,0.9131
2008-03-21,-0.8489,0.9046000000000001
2008-03-24,-0.6188,0.8838
2008-03-25,-0.6649,0.8812
2008-03-26,-0.5806,0.8788
2008-03-27,-0.4678,0.8703000000000001
2008-03-28,-0.5773,0.8614
2008-03-31,-0.47109999999999996,0.8463999999999999
2008-04-01,-0.2785,0.8382999999999999
2008-04-02,-0.3015,0.8364
2008-04-03,-0.308,0.8345
2008-04-07,-0.6188,0.8321000000000001
2008-04-08,-0.5661,0.8298
2008-04-09,-0.379,0.8278000000000001
2008-04-10,-0.4137,0.8258
2008-04-11,-0.45970000000000005,0.8172
2008-04-14,-0.2205,0.7960999999999999
2008-04-15,-0.22629999999999997,0.7877000000000001
2008-04-16,-0.23149999999999998,0.786
2008-04-17,-0.129,0.7845
2008-04-18,0.0886,0.7764
2008-04-21,0.025099999999999997,0.7541
2008-04-22,0.0183,0.7459
2008-04-23,-0.0275,0.7446
2008-04-24,-0.384,0.7428
2008-04-25,-0.3575,0.7339
2008-04-28,-0.3364,0.7095
2008-04-29,-0.3714,0.7000000000000001
2008-04-30,-0.4317,0.6982
2008-05-05,-0.5158,0.659
2008-05-06,-0.47939999999999994,0.6570999999999999
2008-05-07,-0.3607,0.6555
2008-05-08,-0.3922,0.6463
2008-05-09,-0.34199999999999997,0.6373
2008-05-12,-0.3905,0.6132000000000001
2008-05-13,-0.3303,0.6117
2008-05-14,-0.3667,0.6101
2008-05-15,-0.41590000000000005,0.6007
2008-05-16,-0.4033,0.5914
2008-05-19,-0.3778,0.5673
2008-05-20,-0.2252,0.5660000000000001
2008-05-21,-0.32,0.5645
2008-05-22,-0.2653,0.5559
2008-05-23,-0.2346,0.547
2008-05-26,-0.108,0.5236000000000001
2008-05-27,-0.17099999999999999,0.5224000000000001
2008-05-28,-0.2407,0.5212
2008-05-29,-0.1864,0.5126000000000001
2008-05-30,-0.2274,0.5038
2008-06-02,-0.2923,0.48729999999999996
2008-06-03,-0.2474,0.47850000000000004
2008-06-04,-0.19419999999999998,0.47739999999999994
2008-06-05,-0.12310000000000001,0.4764
2008-06-06,-0.1483,0.4678
2008-06-10,0.1631,0.4374
2008-06-11,0.2403,0.4371
2008-06-12,0.24350000000000002,0.4368
2008-06-13,0.42810000000000004,0.4294
2008-06-16,0.4037,0.40740000000000004
2008-06-17,0.4739,0.4001
2008-06-18,0.28509999999999996,0.3999
2008-06-19,0.6148,0.4003
2008-06-20,0.5306,0.39339999999999997
2008-06-23,0.6804,0.3725
2008-06-24,0.5923,0.3657
2008-06-25,0.149,0.3653
2008-06-26,0.11199999999999999,0.3649
2008-06-27,0.3713,0.358
2008-06-30,0.5029,0.3369
2008-07-01,0.6236,0.3303
2008-07-02,0.5519999999999999,0.3307
2008-07-03,0.4726,0.33089999999999997
2008-07-04,0.5065,0.3312
2008-07-07,0.34619999999999995,0.31089999999999995
2008-07-08,0.3356,0.311
2008-07-09,0.2312,0.3108
2008-07-10,0.21250000000000002,0.304
2008-07-11,0.1583,0.29719999999999996
2008-07-14,0.22369999999999998,0.2768
2008-07-15,0.4044,0.27699999999999997
2008-07-16,0.5277,0.2775
2008-07-17,0.5582,0.271
2008-07-18,0.38999999999999996,0.2642
2008-07-21,0.3006,0.2443
2008-07-22,0.3301,0.24450000000000002
2008-07-23,0.197,0.2444
2008-07-24,0.2164,0.23779999999999998
2008-07-25,0.2938,0.2313
2008-07-28,0.2404,0.22460000000000002
2008-07-29,0.2424,0.22469999999999998
2008-07-30,0.35309999999999997,0.22490000000000002
2008-07-31,0.31679999999999997,0.22499999999999998
2008-08-01,0.2291,0.22499999999999998
2008-08-04,0.5052,0.2255
2008-08-05,0.6082,0.2261
2008-08-06,0.5525,0.22669999999999998
2008-08-07,0.4675,0.2208
2008-08-08,0.7347,0.2154
2008-08-11,0.9285,0.19770000000000001
2008-08-12,0.9166000000000001,0.1989
2008-08-13,1.0463,0.2003
2008-08-14,0.9772,0.19519999999999998
2008-08-15,1.1486,0.1903
2008-08-18,1.288,0.1729
2008-08-19,1.2472,0.1747
2008-08-20,0.9954,0.17600000000000002
2008-08-21,1.2833,0.17129999999999998
2008-08-22,1.4137,0.167
2008-08-25,1.5048000000000001,0.15
2008-08-26,1.6824,0.1525
2008-08-27,1.8013000000000001,0.1552
2008-08-28,1.7073,0.1514
2008-08-29,1.6193,0.15380000000000002
2008-09-01,1.6843000000000001,0.1498
2008-09-02,1.6812,0.1458
2008-09-03,2.0812,0.1423
2008-09-04,2.0549999999999997,0.13879999999999998
2008-09-05,2.2544,0.1423
2008-09-08,2.3888,0.13240000000000002
2008-09-09,2.4188,0.1292
2008-09-10,2.4545,0.1258
2008-09-11,2.7435,0.123
2008-09-12,2.8289,0.12739999999999999
2008-09-16,2.9781999999999997,0.1116
2008-09-17,3.3494,0.1101
2008-09-18,3.3615,0.1085
2008-09-19,3.0871,0.11329999999999998
2008-09-22,2.6154,0.1042
2008-09-23,2.455,0.1015
2008-09-24,2.6685,0.09920000000000001
2008-09-25,2.4681,0.09659999999999999
2008-09-26,2.472,0.10039999999999999
2008-10-06,2.8830999999999998,0.0518
2008-10-07,2.6163,0.0494
2008-10-08,3.1106000000000003,0.0479
2008-10-09,3.7518000000000002,0.053899999999999997
2008-10-10,4.0478,0.0605
2008-10-13,3.8093000000000004,0.0474
2008-10-14,3.9474,0.0473
2008-10-15,3.9972,0.0475
2008-10-16,4.2884,0.0545
2008-10-17,4.1721,0.061200000000000004
2008-10-20,4.0698,0.050100000000000006
2008-10-21,4.0973999999999995,0.050699999999999995
2008-10-22,4.3275,0.052
2008-10-23,4.4261,0.059199999999999996
2008-10-24,4.6082,0.0666
2008-10-27,5.1213,0.0582
2008-10-28,4.7391000000000005,0.0604
2008-10-29,5.0437,0.0633
2008-10-30,5.0272,0.0714
2008-10-31,5.215,0.0798
2008-11-03,5.0788,0.08800000000000001
2008-11-04,5.2903,0.0965
2008-11-05,5.0241,0.1046
2008-11-06,5.0919,0.1127
2008-11-07,5.0432999999999995,0.1207
2008-11-10,4.5188,0.11900000000000001
2008-11-11,4.652,0.122
2008-11-12,4.5487,0.1247
2008-11-13,4.3484,0.1276
2008-11-14,4.3098,0.1344
2008-11-17,4.0922,0.1333
2008-11-18,4.68,0.1368
2008-11-19,4.1631,0.13929999999999998
2008-11-20,4.2933,0.1423
2008-11-21,4.295999999999999,0.14909999999999998
2008-11-24,4.6088,0.1482
2008-11-25,4.7378,0.1515
2008-11-26,4.3773,0.1542
2008-11-27,4.577500000000001,0.1573
2008-11-28,4.4159999999999995,0.1642
2008-12-01,4.727,0.16
2008-12-02,4.6623,0.1635
2008-12-03,4.441,0.1666
2008-12-04,4.3007,0.17329999999999998
2008-12-05,4.2839,0.18
2008-12-08,4.0444,0.1741
2008-12-09,4.1776,0.1762
2008-12-10,3.9780999999999995,0.1778
2008-12-11,4.1431000000000004,0.1842
2008-12-12,4.436,0.1911
2008-12-15,4.4684,0.18409999999999999
2008-12-16,4.4855,0.1864
2008-12-17,4.591,0.189
2008-12-18,4.4464,0.196
2008-12-19,4.3716,0.20279999999999998
2008-12-22,4.4855,0.1964
2008-12-23,4.810099999999999,0.19949999999999998
2008-12-24,5.0931,0.20309999999999997
2008-12-25,4.9427,0.21080000000000002
2008-12-26,5.1427,0.2188
2008-12-29,5.1302,0.21480000000000002
2008-12-30,4.9628,0.21889999999999998
2008-12-31,5.3015,0.2272
2009-01-05,5.0759,0.2244
2009-01-06,4.7501,0.2281
2009-01-07,4.7104,0.232
2009-01-08,5.026400000000001,0.2363
2009-01-09,4.7642,0.2437
2009-01-12,4.9899,0.24450000000000002
2009-01-13,5.1827,0.24910000000000002
2009-01-14,4.7219999999999995,0.2526
2009-01-15,4.657,0.256
2009-01-16,4.4919,0.26289999999999997
2009-01-19,4.2421,0.26189999999999997
2009-01-20,4.2153,0.2657
2009-01-21,4.2314,0.2695
2009-01-22,4.1874,0.2734
2009-01-23,4.266,0.2799
2009-02-02,4.1927,0.2677
2009-02-03,3.9072999999999998,0.2706
2009-02-04,3.7443999999999997,0.2732
2009-02-05,3.9234999999999998,0.2762
2009-02-06,3.6569,0.2817
2009-02-09,3.5289,0.2811
2009-02-10,3.1183,0.2828
2009-02-11,3.0766999999999998,0.2846
2009-02-12,3.4488,0.2869
2009-02-13,3.1670999999999996,0.2917
2009-02-16,3.0963000000000003,0.2904
2009-02-17,3.2251000000000003,0.2925
2009-02-18,3.5489,0.29510000000000003
2009-02-19,3.4549999999999996,0.2974
2009-02-20,3.3688999999999996,0.3025
2009-02-23,3.2520000000000002,0.3017
2009-02-24,3.5914,0.304
2009-02-25,3.5778999999999996,0.3064
2009-02-26,3.7800000000000002,0.309
2009-02-27,3.9126000000000003,0.3149
2009-03-02,3.8832,0.3062
2009-03-03,3.8670999999999998,0.3121
2009-03-04,3.4489,0.3173
2009-03-05,3.2946000000000004,0.31930000000000003
2009-03-06,3.3778,0.3215
2009-03-09,3.7071,0.3184
2009-03-10,3.4903999999999997,0.3237
2009-03-11,3.5843,0.329
2009-03-12,3.6373999999999995,0.3316
2009-03-13,3.6319999999999997,0.3343
2009-03-16,3.5540000000000003,0.33140000000000003
2009-03-17,3.3558999999999997,0.3364
2009-03-18,3.3389,0.3414
2009-03-19,3.1060999999999996,0.3434
2009-03-20,3.2071,0.34559999999999996
2009-03-23,3.065,0.3424
2009-03-24,3.0242999999999998,0.3468
2009-03-25,3.0978,0.3513
2009-03-26,2.8188,0.3528
2009-03-27,2.7288,0.35400000000000004
2009-03-30,2.7667,0.35000000000000003
2009-03-31,2.6914000000000002,0.3538
2009-04-01,2.6811000000000003,0.35769999999999996
2009-04-02,2.6203,0.3614
2009-04-03,2.5937,0.36510000000000004
2009-04-07,2.5772,0.3687
2009-04-08,2.753,0.37260000000000004
2009-04-09,2.7081999999999997,0.3764
2009-04-10,2.505,0.3777
2009-04-13,2.3406,0.3718
2009-04-14,2.1895000000000002,0.3717
2009-04-15,2.2489,0.3748
2009-04-16,2.2601,0.37789999999999996
2009-04-17,2.3285,0.378
2009-04-20,2.1905,0.3715
2009-04-21,2.2453999999999996,0.3715
2009-04-22,2.3694,0.3748
2009-04-23,2.1933000000000002,0.3778
2009-04-24,2.2221,0.3775
2009-04-27,2.2659,0.3716
2009-04-28,2.3515,0.3716
2009-04-29,2.1226,0.3745
2009-04-30,2.0474,0.37720000000000004
2009-05-04,1.9256,0.3628
2009-05-05,1.8905,0.3653
2009-05-06,1.9124999999999999,0.3679
2009-05-07,1.8900000000000001,0.36719999999999997
2009-05-08,1.8037,0.3664
2009-05-11,1.9224999999999999,0.3601
2009-05-12,1.7357999999999998,0.3624
2009-05-13,1.6473000000000002,0.3645
2009-05-14,1.8296,0.3644
2009-05-15,1.83,0.3644
2009-05-18,1.818,0.3604
2009-05-19,1.7803,0.3627
2009-05-20,1.7528,0.365
2009-05-21,1.9002999999999999,0.3656
2009-05-22,1.9675000000000002,0.3665
2009-05-25,1.9328,0.3643
2009-05-26,1.9301,0.36679999999999996
2009-05-27,1.8588,0.3693
2009-06-01,1.6705999999999999,0.3649
2009-06-02,1.6806,0.3656
2009-06-03,1.5382,0.3675
2009-06-04,1.562,0.3695
2009-06-05,1.6081999999999999,0.3702
2009-06-08,1.5625,0.3681
2009-06-09,1.5098,0.3685
2009-06-10,1.4558,0.3703
2009-06-11,1.4829999999999999,0.3721
2009-06-12,1.5951,0.3729
2009-06-15,1.4662,0.3715
2009-06-16,1.4872,0.3725
2009-06-17,1.429,0.37420000000000003
2009-06-18,1.3105,0.3757
2009-06-19,1.3117,0.3765
2009-06-22,1.2272999999999998,0.3761
2009-06-23,1.2278,0.3768
2009-06-24,1.2159,0.37820000000000004
2009-06-25,1.1403,0.3794
2009-06-26,1.0229,0.3801
2009-06-29,0.9609,0.3807
2009-06-30,0.9899,0.382
2009-07-01,0.8718999999999999,0.3828
2009-07-02,0.7984,0.3835
2009-07-03,0.7801,0.3841
2009-07-06,0.6532,0.3851
2009-07-07,0.7917000000000001,0.3858
2009-07-08,0.7882999999999999,0.38639999999999997
2009-07-09,0.7469,0.38730000000000003
2009-07-10,0.7701,0.38839999999999997
2009-07-13,0.8252,0.3901
2009-07-14,0.6538999999999999,0.3906
2009-07-15,0.5904,0.3909
2009-07-16,0.6372,0.39170000000000005
2009-07-17,0.562,0.39249999999999996
2009-07-20,0.6185999999999999,0.394
2009-07-21,0.4573,0.3941
2009-07-22,0.658,0.3946
2009-07-23,0.3153,0.39509999999999995
2009-07-24,0.26649999999999996,0.3961
2009-07-27,0.20370000000000002,0.3992
2009-07-28,0.1537,0.39880000000000004
2009-07-29,0.402,0.39880000000000004
2009-07-30,0.25079999999999997,0.3998
2009-07-31,0.43920000000000003,0.40099999999999997
2009-08-03,0.107,0.4033
2009-08-04,0.1117,0.40280000000000005
2009-08-05,0.1633,0.4024
2009-08-06,0.1522,0.4026
2009-08-07,0.40930000000000005,0.40340000000000004
2009-08-10,0.37620000000000003,0.4061
2009-08-11,0.3532,0.406
2009-08-12,0.53,0.40619999999999995
2009-08-13,0.4806,0.4073
2009-08-14,0.5908,0.4086
2009-08-17,0.8456,0.4134
2009-08-18,0.8168,0.41409999999999997
2009-08-19,1.0079,0.4151
2009-08-20,0.8149,0.4157
2009-08-21,0.7474,0.4163
2009-08-24,0.8264,0.4169
2009-08-25,0.9265000000000001,0.4178
2009-08-26,0.8944000000000001,0.41850000000000004
2009-08-27,0.9202999999999999,0.4208
2009-08-28,1.0968,0.4228
2009-08-31,1.4802,0.4246
2009-09-01,1.4976,0.4275
2009-09-02,1.3472,0.4299
2009-09-03,1.1295,0.43220000000000003
2009-09-04,1.1098000000000001,0.4333
2009-09-07,1.0838999999999999,0.4365
2009-09-08,1.0416999999999998,0.4388
2009-09-09,1.0272,0.4411
2009-09-10,1.0483,0.44349999999999995
2009-09-11,1.0263,0.4444
2009-09-14,0.9772,0.4481
2009-09-15,0.9792000000000001,0.45030000000000003
2009-09-16,1.0283,0.4527
2009-09-17,0.9440000000000001,0.455
2009-09-18,1.0828,0.45599999999999996
2009-09-21,1.0808,0.46030000000000004
2009-09-22,1.1768,0.46340000000000003
2009-09-23,1.2592,0.46649999999999997
2009-09-24,1.1707,0.4693
2009-09-25,1.2126,0.4705
2009-09-28,1.1793,0.4751
2009-09-29,1.2793,0.47819999999999996
2009-09-30,1.2309999999999999,0.4814
2009-10-09,1.022,0.4937
2009-10-12,1.0293,0.5008
2009-10-13,0.8710000000000001,0.5035999999999999
2009-10-14,0.7903,0.5061
2009-10-15,0.9083000000000001,0.5067999999999999
2009-10-16,0.9162999999999999,0.5074000000000001
2009-10-19,0.6053000000000001,0.5141
2009-10-20,0.5728,0.5166999999999999
2009-10-21,0.6197,0.5194
2009-10-22,0.5879,0.5195
2009-10-23,0.4937,0.5195
2009-10-26,0.6478,0.5269
2009-10-27,0.7725,0.5296000000000001
2009-10-28,0.7009,0.532
2009-10-29,0.7644,0.5324
2009-10-30,0.8434,0.5329
2009-11-02,0.7192,0.5357999999999999
2009-11-03,0.6806000000000001,0.536
2009-11-04,0.6354000000000001,0.5362
2009-11-05,0.6071,0.5363
2009-11-06,0.6159,0.5364
2009-11-09,0.6085,0.5393
2009-11-10,0.5992,0.5418000000000001
2009-11-11,0.6103,0.5443
2009-11-12,0.6278,0.5468999999999999
2009-11-13,0.6129,0.547
2009-11-16,0.48589999999999994,0.5525
2009-11-17,0.4719,0.5549000000000001
2009-11-18,0.40249999999999997,0.5573
2009-11-19,0.4339,0.5601
2009-11-20,0.45630000000000004,0.5599
2009-11-23,0.4188,0.5657
2009-11-24,0.5362,0.5693
2009-11-25,0.5064,0.5729
2009-11-26,0.6503,0.5768
2009-11-27,0.7066,0.577
2009-11-30,0.7485,0.5851000000000001
2009-12-01,0.6299,0.5927
2009-12-02,0.5901,0.5963999999999999
2009-12-03,0.6563,0.5965
2009-12-04,0.5525,0.5963999999999999
2009-12-07,0.5105000000000001,0.6054
2009-12-08,0.5824,0.6087
2009-12-09,0.6134999999999999,0.612
2009-12-10,0.6373,0.6121
2009-12-11,0.6363,0.6121
2009-12-14,0.5215,0.6227
2009-12-15,0.5952,0.6264
2009-12-16,0.6019,0.63
2009-12-17,0.6878000000000001,0.6301
2009-12-18,0.7474999999999999,0.6303
2009-12-21,0.7636999999999999,0.6427999999999999
2009-12-22,0.8903,0.6474
2009-12-23,0.8463,0.6518
2009-12-24,0.7478,0.6518999999999999
2009-12-25,0.7725,0.6521
2009-12-28,0.7103,0.6636000000000001
2009-12-29,0.6472,0.6672
2009-12-30,0.5494,0.6707000000000001
2009-12-31,0.5684,0.6705
2010-01-04,0.5464,0.6782
2010-01-05,0.5528,0.6822
2010-01-06,0.5963999999999999,0.6859
2010-01-07,0.6382,0.6901
2010-01-08,0.69,0.6901
2010-01-11,0.5999,0.6979
2010-01-12,0.5982000000000001,0.7019
2010-01-13,0.613,0.7057
2010-01-14,0.6497,0.7099
2010-01-15,0.6003,0.7097
2010-01-18,0.5892,0.718
2010-01-19,0.5482,0.722
2010-01-20,0.815,0.7263999999999999
2010-01-21,0.6575,0.7307
2010-01-22,0.8170000000000001,0.7309
2010-01-25,0.8643,0.7403
2010-01-26,0.8879,0.7453000000000001
2010-01-27,1.0168,0.7503
2010-01-28,0.9789000000000001,0.7554
2010-01-29,1.0295999999999998,0.7559
2010-02-01,0.9903000000000001,0.7655000000000001
2010-02-02,1.1148,0.7706000000000001
2010-02-03,1.0056,0.7757000000000001
2010-02-04,1.1318,0.7809
2010-02-05,1.1692,0.7816
2010-02-08,1.2581,0.7920999999999999
2010-02-09,1.1481,0.7976000000000001
2010-02-10,1.2255,0.8033
2010-02-11,1.099,0.8088
2010-02-12,1.0135,0.8090999999999999
2010-02-22,1.1353,0.8443
2010-02-23,1.1295,0.8498
2010-02-24,1.1575,0.8553
2010-02-25,1.1225,0.8606
2010-02-26,1.0456,0.8609
2010-03-01,1.1434,0.8853
2010-03-02,1.0204,0.8855
2010-03-03,1.1955,0.886
2010-03-04,1.1347,0.8913000000000001
2010-03-05,1.2782,0.8966
2010-03-08,1.2225,0.9114000000000001
2010-03-09,1.203,0.9119
2010-03-10,1.2489,0.9125
2010-03-11,1.2362,0.9178999999999999
2010-03-12,1.1416000000000002,0.9228000000000001
2010-03-15,1.3029000000000002,0.9381
2010-03-16,1.3193,0.9387
2010-03-17,1.2533,0.9393
2010-03-18,1.2929,0.9450000000000001
2010-03-19,1.1861,0.9501000000000001
2010-03-22,1.2496,0.9662999999999999
2010-03-23,1.2251,0.9668
2010-03-24,1.3306,0.9674
2010-03-25,1.3081,0.9728000000000001
2010-03-26,1.2592,0.9781
2010-03-29,1.1661,0.9944
2010-03-30,1.1532,0.9946999999999999
2010-03-31,1.0973,0.9948
2010-04-01,1.1173,0.9950000000000001
2010-04-02,1.1475000000000002,0.9953
2010-04-06,1.1318,0.9955
2010-04-07,1.1577,0.9958
2010-04-08,1.2539,0.9962000000000001
2010-04-09,1.2706,1.0017
2010-04-12,1.2708000000000002,1.0184
2010-04-13,1.107,1.0242
2010-04-14,1.2438,1.0246
2010-04-15,1.1916,1.0249
2010-04-16,1.3231,1.0311000000000001
2010-04-19,1.5499,1.0491000000000001
2010-04-20,1.6461,1.0557
2010-04-21,1.5836,1.0566
2010-04-22,1.6726,1.0576
2010-04-23,1.7075,1.0642
2010-04-26,1.7604000000000002,1.0824
2010-04-27,2.0282999999999998,1.0899
2010-04-28,2.0871,1.0915
2010-04-29,2.265,1.0934
2010-04-30,2.4943,1.1016
2010-05-04,2.5437000000000003,1.1274
2010-05-05,2.5297,1.1297
2010-05-06,2.6814,1.138
2010-05-07,2.9735,1.1466
2010-05-10,2.8628,1.166
2010-05-11,3.0091,1.169
2010-05-12,2.8717,1.1718
2010-05-13,2.8825,1.18
2010-05-14,2.9081,1.1883
2010-05-17,3.2335000000000003,1.2087
2010-05-18,3.2098,1.2119
2010-05-19,3.1944,1.2152
2010-05-20,3.1967000000000003,1.2242
2010-05-21,3.2060999999999997,1.2333
2010-05-24,2.9212,1.253
2010-05-25,3.0892,1.256
2010-05-26,3.1492,1.2590999999999999
2010-05-27,2.9954,1.2675
2010-05-28,3.0932999999999997,1.276
2010-05-31,3.1167,1.2902
2010-06-01,3.1425,1.2989000000000002
2010-06-02,3.1593000000000004,1.3018999999999998
2010-06-03,3.2558999999999996,1.3051
2010-06-04,3.2344999999999997,1.3139
2010-06-07,3.47,1.3347
2010-06-08,3.3845,1.344
2010-06-09,3.2392999999999996,1.3471
2010-06-10,3.2274,1.3502
2010-06-11,3.2317,1.3592
2010-06-17,3.2402,1.3858000000000001
2010-06-18,3.3013,1.3946
2010-06-21,3.005,1.4141000000000001
2010-06-22,3.0349999999999997,1.4227999999999998
2010-06-23,3.0893,1.4255
2010-06-24,3.0835,1.4282
2010-06-25,3.0888999999999998,1.4369
2010-06-28,3.1274,1.4577
2010-06-29,3.5506,1.467
2010-06-30,3.5618,1.4704
2010-07-01,3.4522999999999997,1.4737
2010-07-02,3.5899,1.4772
2010-07-05,3.6171,1.4989999999999999
2010-07-06,3.4968,1.5023
2010-07-07,3.514,1.5056
2010-07-08,3.5159000000000002,1.5150000000000001
2010-07-09,3.3681,1.5243
2010-07-12,3.3503,1.546
2010-07-13,3.46,1.5491
2010-07-14,3.3813000000000004,1.5522
2010-07-15,3.5276,1.5618
2010-07-16,3.5522,1.5712
2010-07-19,3.3507000000000002,1.5926
2010-07-20,3.2667,1.5954
2010-07-21,3.2483,1.5980999999999999
2010-07-22,3.1719999999999997,1.6065
2010-07-23,3.1435,1.6147000000000002
2010-07-26,3.0252,1.6341
2010-07-27,3.1516,1.6365999999999998
2010-07-28,2.8383,1.6386
2010-07-29,2.9778,1.646
2010-07-30,2.9833,1.6536
2010-08-02,2.8872999999999998,1.6712
2010-08-03,3.0011,1.6734
2010-08-04,3.0052,1.6756
2010-08-05,3.0094,1.6832
2010-08-06,2.9893,1.6906999999999999
2010-08-09,2.9735,1.6927999999999999
2010-08-10,3.1716,1.6951999999999998
2010-08-11,3.1109,1.6976000000000002
2010-08-12,3.3074,1.7002
2010-08-13,3.1799,1.7026
2010-08-16,3.0871,1.7205000000000001
2010-08-17,3.0711,1.7227
2010-08-18,3.1273000000000004,1.725
2010-08-19,3.0871,1.7324
2010-08-20,3.205,1.7402999999999997
2010-08-23,3.2592999999999996,1.7584
2010-08-24,3.2425,1.7608
2010-08-25,3.3594,1.7634
2010-08-26,3.4069000000000003,1.7708000000000002
2010-08-27,3.4859,1.7787000000000002
2010-08-30,3.4449,1.7916
2010-08-31,3.5827,1.7945
2010-09-01,3.6006000000000005,1.8023999999999998
2010-09-02,3.4997,1.8051000000000001
2010-09-03,3.5589000000000004,1.8079999999999998
2010-09-06,3.3911,1.8259
2010-09-07,3.4511,1.8336999999999999
2010-09-08,3.469,1.8415000000000001
2010-09-09,3.5688999999999997,1.8443
2010-09-10,3.5042999999999997,1.847
2010-09-13,3.3794999999999997,1.8641999999999999
2010-09-14,3.4385,1.8715
2010-09-15,3.6106,1.879
2010-09-16,3.6041,1.8818000000000001
2010-09-17,3.7289000000000003,1.8848
2010-09-20,3.7083999999999997,1.9011
2010-09-21,3.5841,1.9082999999999999
2010-09-27,3.5076000000000005,1.9278
2010-09-28,3.71,1.9345999999999999
2010-09-29,3.6952,1.9416
2010-09-30,3.5527,1.9442000000000002
2010-10-08,3.2289,1.9654999999999998
2010-10-11,2.9439,1.9790999999999999
2010-10-12,2.8991,1.9846
2010-10-13,2.86,1.9861
2010-10-14,2.7904999999999998,1.9873999999999998
2010-10-15,2.5159000000000002,1.9919
2010-10-18,2.5637,2.0036
2010-10-19,2.4823999999999997,2.0076
2010-10-20,2.4585,2.0083
2010-10-21,2.4707,2.0091
2010-10-22,2.5382,2.0132
2010-10-25,2.3870999999999998,2.0244
2010-10-26,2.1611,2.0286
2010-10-27,2.3859000000000004,2.0292
2010-10-28,2.3643,2.0297
2010-10-29,2.5722,2.0345
2010-11-01,2.4805,2.0431999999999997
2010-11-02,2.7796000000000003,2.0445
2010-11-03,2.5228,2.0452000000000004
2010-11-04,2.45,2.0459
2010-11-05,2.625,2.0468
2010-11-08,2.3287999999999998,2.0596
2010-11-09,2.2233,2.0639000000000003
2010-11-10,2.3138,2.0682
2010-11-11,2.0241,2.0682
2010-11-12,2.4891,2.0688999999999997
2010-11-15,2.4052000000000002,2.0814
2010-11-16,2.7433,2.0865
2010-11-17,2.809,2.0918
2010-11-18,2.7607,2.0928999999999998
2010-11-19,2.6703,2.0938
2010-11-22,2.7706999999999997,2.1068
2010-11-23,2.7695000000000003,2.1117
2010-11-24,2.7156,2.1166
2010-11-25,2.612,2.1174
2010-11-26,2.7078,2.1184000000000003
2010-11-29,2.7211,2.1306
2010-11-30,2.8476,2.1356
2010-12-01,2.7431,2.1405
2010-12-02,2.8256,2.1416
2010-12-03,2.7711,2.1466
2010-12-06,2.7281,2.1590000000000003
2010-12-07,2.7446,2.1638
2010-12-08,2.8145,2.1649000000000003
2010-12-09,2.8695,2.166
2010-12-10,2.8122000000000003,2.1671
2010-12-13,2.5267,2.1773000000000002
2010-12-14,2.5883,2.1808
2010-12-15,2.6561999999999997,2.1816
2010-12-16,2.6104,2.1822999999999997
2010-12-17,2.7117,2.1860999999999997
2010-12-20,2.8069,2.1955999999999998
2010-12-21,2.6776999999999997,2.1991
2010-12-22,2.7574,2.1999999999999997
2010-12-23,2.812,2.2009999999999996
2010-12-24,2.8213,2.2045
2010-12-27,2.9385000000000003,2.2151
2010-12-28,2.9046,2.2193
2010-12-29,2.8074000000000003,2.2203
2010-12-30,2.7843,2.2212
2010-12-31,2.7711,2.2221
2011-01-04,2.6335,2.2338
2011-01-05,2.6159000000000003,2.2373
2011-01-06,2.6833,2.238
2011-01-07,2.6517,2.2387
2011-01-10,2.7269,2.249
2011-01-11,2.6976,2.2531
2011-01-12,2.6931,2.2571999999999997
2011-01-13,2.6273999999999997,2.2578
2011-01-14,2.6963,2.2585
2011-01-17,2.8606,2.2687
2011-01-18,2.8499,2.2725
2011-01-19,2.7395,2.2763
2011-01-20,3.04,2.2776
2011-01-21,2.8353,2.2785
2011-01-24,2.8776,2.2893
2011-01-25,2.8961,2.2937
2011-01-26,2.8399,2.2979
2011-01-27,2.8531,2.2988
2011-01-28,2.7231,2.2995
2011-01-31,2.7634,2.3102
2011-02-01,2.6245000000000003,2.314
2011-02-09,2.5839999999999996,2.3323
2011-02-10,2.5857,2.3327
2011-02-11,2.5038,2.333
2011-02-14,2.535,2.3401
2011-02-15,2.2933,2.3423
2011-02-16,2.248,2.3441
2011-02-17,2.3560999999999996,2.3441
2011-02-18,2.3015999999999996,2.344
2011-02-21,2.4098,2.3499
2011-02-22,2.5031000000000003,2.3519
2011-02-23,2.5574,2.3538
2011-02-24,2.6174,2.3543000000000003
2011-02-25,2.5932,2.3547
2011-02-28,2.5325,2.3584
2011-03-01,2.432,2.3608000000000002
2011-03-02,2.4684999999999997,2.3621
2011-03-03,2.4826,2.3634
2011-03-04,2.3371,2.3639
2011-03-07,2.2689,2.3644
2011-03-08,2.2667,2.3642
2011-03-09,2.2767,2.3640000000000003
2011-03-10,2.4231,2.3640000000000003
2011-03-11,2.4497999999999998,2.3640000000000003
2011-03-14,2.4898,2.3628
2011-03-15,2.5635000000000003,2.3632
2011-03-16,2.4985,2.3634
2011-03-17,2.5051,2.3626
2011-03-18,2.6817,2.3615
2011-03-21,2.6245000000000003,2.3591
2011-03-22,2.6589,2.3596
2011-03-23,2.4392,2.3592999999999997
2011-03-24,2.5316,2.3594
2011-03-25,2.4703,2.3591
2011-03-28,2.5267,2.359
2011-03-29,2.5993,2.3594
2011-03-30,2.4917000000000002,2.3596
2011-03-31,2.7578,2.3603
2011-04-01,2.8878,2.3611
2011-04-06,2.4704,2.3613
2011-04-07,2.4193,2.3606
2011-04-08,2.4916,2.3604
2011-04-11,2.5441,2.3544
2011-04-12,2.5767,2.3547
2011-04-13,2.5461,2.355
2011-04-14,2.4867,2.3529
2011-04-15,2.5561,2.3506
2011-04-18,2.4379999999999997,2.3418
2011-04-19,2.6045,2.3422
2011-04-20,2.6088,2.3427
2011-04-21,2.5604,2.3402
2011-04-22,2.6574,2.3378
2011-04-25,2.7978,2.3281
2011-04-26,2.649,2.3287
2011-04-27,2.8649,2.3296
2011-04-28,2.9987,2.3261
2011-04-29,3.1821,2.3234999999999997
2011-05-03,3.1521,2.3112
2011-05-04,3.3863999999999996,2.3084000000000002
2011-05-05,3.2807000000000004,2.3051
2011-05-06,3.3574,2.3023
2011-05-09,3.2169000000000003,2.2946999999999997
2011-05-10,3.3649999999999998,2.2965
2011-05-11,3.3558999999999997,2.2946
2011-05-12,3.4714,2.2925999999999997
2011-05-13,3.4374000000000002,2.2908
2011-05-16,3.5014000000000003,2.2861
2011-05-17,3.3945999999999996,2.2879
2011-05-18,3.4116,2.2868
2011-05-19,3.3733,2.2846
2011-05-20,3.2327000000000004,2.2831
2011-05-23,3.6350000000000002,2.2787
2011-05-24,3.6618999999999997,2.2809
2011-05-25,3.6658000000000004,2.2794
2011-05-26,3.6658000000000004,2.2776
2011-05-27,3.7388,2.2766
2011-05-30,3.6358,2.2715
2011-05-31,3.6506,2.2738
2011-06-01,3.5618999999999996,2.2759
2011-06-02,3.7060999999999997,2.2742
2011-06-03,3.6543,2.2725
2011-06-07,3.6144999999999996,2.2645
2011-06-08,3.6731,2.2668
2011-06-09,3.712,2.2662999999999998
2011-06-10,3.742,2.2656
2011-06-13,3.7394,2.2585
2011-06-14,3.6143,2.2607
2011-06-15,3.6836,2.2630999999999997
2011-06-16,3.848,2.262
2011-06-17,3.8899999999999997,2.2611
2011-06-20,3.9385999999999997,2.2529
2011-06-21,3.8659,2.2555
2011-06-22,3.848,2.2582
2011-06-23,3.6860999999999997,2.2569
2011-06-24,3.5238,2.2547
2011-06-27,3.4871,2.2429
2011-06-28,3.5371,2.245
2011-06-29,3.6301,2.2473
2011-06-30,3.566,2.2447000000000004
2011-07-01,3.4745999999999997,2.2372
2011-07-04,3.3464,2.239
2011-07-05,3.3316,2.2408
2011-07-06,3.3680000000000003,2.238
2011-07-07,3.3459999999999996,2.2357
2011-07-08,3.4452999999999996,2.2336
2011-07-11,3.3906,2.2268
2011-07-12,3.546,2.2289
2011-07-13,3.4068,2.2263
2011-07-14,3.3799,2.2234
2011-07-15,3.3333000000000004,2.2211000000000003
2011-07-18,3.3993,2.2153
2011-07-19,3.4629,2.2173
2011-07-20,3.4084000000000003,2.2159
2011-07-21,3.4984,2.2148000000000003
2011-07-22,3.2729,2.2132
2011-07-25,3.6961,2.2089999999999996
2011-07-26,3.4858000000000002,2.2111
2011-07-27,3.6014999999999997,2.2134
2011-07-28,3.5315,2.2155
2011-07-29,3.4673000000000003,2.2176
2011-08-01,3.533,2.2197
2011-08-02,3.5428,2.2218999999999998
2011-08-03,3.5928,2.2209
2011-08-04,3.6069999999999998,2.2204
2011-08-05,3.7624999999999997,2.2205
2011-08-08,4.0341000000000005,2.2183
2011-08-09,4.0472,2.2213
2011-08-10,4.0486,2.2221
2011-08-11,4.0691,2.2237
2011-08-12,4.0302,2.2252
2011-08-15,3.7608999999999995,2.2242
2011-08-16,4.023899999999999,2.2271
2011-08-17,4.0318,2.2287
2011-08-18,4.2036999999999995,2.2303
2011-08-19,4.2602,2.2314
2011-08-22,4.3872,2.2311
2011-08-23,4.284000000000001,2.2344
2011-08-24,4.1918999999999995,2.236
2011-08-25,4.1475,2.2369
2011-08-26,4.2299999999999995,2.2379
2011-08-29,4.3333,2.2361
2011-08-30,4.2042,2.2393
2011-08-31,4.3403,2.2426999999999997
2011-09-01,4.2382,2.246
2011-09-02,4.4602,2.2496
2011-09-05,4.4833,2.246
2011-09-06,4.5405,2.248
2011-09-07,4.473400000000001,2.2498
2011-09-08,4.447,2.2534
2011-09-09,4.4670000000000005,2.257
2011-09-13,4.5681,2.2519
2011-09-14,4.5485,2.2534
2011-09-15,4.5681,2.2571999999999997
2011-09-16,4.5559,2.2609
2011-09-19,4.6766000000000005,2.2592
2011-09-20,4.616,2.2617000000000003
2011-09-21,4.4106,2.2636
2011-09-22,4.6389,2.2675
2011-09-23,4.6773,2.2714000000000003
2011-09-26,4.8445,2.2718
2011-09-27,4.9574,2.2752000000000003
2011-09-28,4.9806,2.2789
2011-09-29,5.0286,2.2834
2011-09-30,5.1147,2.2880000000000003
2011-10-10,5.2334,2.2878
2011-10-11,5.2589999999999995,2.2923
2011-10-12,4.9466,2.2967
2011-10-13,4.8532,2.3008
2011-10-14,4.868399999999999,2.305
2011-10-17,4.893,2.3095999999999997
2011-10-18,5.067399999999999,2.3141
2011-10-19,5.131,2.3186999999999998
2011-10-20,5.2097999999999995,2.3234999999999997
2011-10-21,5.3327,2.3286000000000002
2011-10-24,5.081,2.3334
2011-10-25,4.9066,2.3379
2011-10-26,4.8984,2.3421000000000003
2011-10-27,4.9719,2.3464
2011-10-28,4.9796,2.3508
2011-10-31,5.1027000000000005,2.3557
2011-11-01,5.1647,2.3608000000000002
2011-11-02,5.0473,2.3651999999999997
2011-11-03,4.9796,2.3695
2011-11-04,4.9532,2.3737
2011-11-07,5.0396,2.3804
2011-11-08,5.0496,2.3855999999999997
2011-11-09,4.978400000000001,2.3908
2011-11-10,5.188899999999999,2.3954
2011-11-11,5.261,2.4
2011-11-14,5.1184,2.4076
2011-11-15,5.1336,2.413
2011-11-16,5.2526,2.4186
2011-11-17,5.3186,2.4234
2011-11-18,5.5241,2.4284
2011-11-21,5.5123999999999995,2.4367
2011-11-22,5.4908,2.4426
2011-11-23,5.5196000000000005,2.4484
2011-11-24,5.5627,2.4535
2011-11-25,5.6907,2.4588
2011-11-28,5.6136,2.4666
2011-11-29,5.5123999999999995,2.4716
2011-11-30,5.7785,2.477
2011-12-01,5.6727,2.4822
2011-12-02,5.7407,2.4889
2011-12-05,5.7523,2.4986
2011-12-06,5.8370999999999995,2.5055
2011-12-07,5.7697,2.5109
2011-12-08,5.8284,2.5163
2011-12-09,5.8309,2.5233
2011-12-12,5.9597,2.5340000000000003
2011-12-13,6.0654,2.5413
2011-12-14,6.1305,2.5472
2011-12-15,6.3517,2.5534
2011-12-16,6.1993,2.5610999999999997
2011-12-19,6.2271,2.5728
2011-12-20,6.2461,2.5808
2011-12-21,6.3325000000000005,2.587
2011-12-22,6.3128,2.593
2011-12-23,6.2361,2.6012
2011-12-26,6.3128,2.6142
2011-12-27,6.4206,2.6229999999999998
2011-12-28,6.3812,2.6292
2011-12-29,6.3519000000000005,2.6352
2011-12-30,6.2266,2.6438
2012-01-04,6.2656,2.6615
2012-01-05,6.3635,2.6675
2012-01-06,6.2366,2.6733
2012-01-09,6.0677,2.6884
2012-01-10,5.8593,2.6968
2012-01-11,5.861000000000001,2.7051
2012-01-12,5.9171000000000005,2.7104
2012-01-13,6.0251,2.7158
2012-01-16,6.0602,2.7312
2012-01-17,5.7981,2.7397
2012-01-18,5.9371,2.7485
2012-01-19,5.7896,2.7535
2012-01-20,5.6075,2.7582
2012-01-30,5.8678,2.7946999999999997
2012-01-31,5.8421,2.8039
2012-02-01,5.945799999999999,2.8129999999999997
2012-02-02,5.7575,2.8179
2012-02-03,5.6492,2.8226
2012-02-06,5.7158,2.8407
2012-02-07,5.8678,2.8501
2012-02-08,5.6498,2.8588
2012-02-09,5.6316,2.8634
2012-02-10,5.5498,2.8678
2012-02-13,5.5444,2.8844000000000003
2012-02-14,5.5575,2.8928
2012-02-15,5.4334,2.9008
2012-02-16,5.5527,2.9051
2012-02-17,5.5544,2.9095
2012-02-20,5.5098,2.9238
2012-02-21,5.4547,2.9315
2012-02-22,5.3727,2.9391
2012-02-23,5.3568,2.9431
2012-02-24,5.2796,2.947
2012-02-27,5.208900000000001,2.9610000000000003
2012-02-28,5.176,2.968
2012-02-29,5.2606,2.9749000000000003
2012-03-01,5.226100000000001,2.9811
2012-03-02,5.1608,2.9871000000000003
2012-03-05,5.2373,2.9998
2012-03-06,5.3627,3.0037000000000003
2012-03-07,5.3986,3.0076
2012-03-08,5.380999999999999,3.0147
2012-03-09,5.2961,3.0218
2012-03-12,5.3452,3.0355
2012-03-13,5.2451,3.0391999999999997
2012-03-14,5.4528,3.0432
2012-03-15,5.493399999999999,3.0505999999999998
2012-03-16,5.4245,3.058
2012-03-19,5.3766,3.072
2012-03-20,5.489800000000001,3.076
2012-03-21,5.4998,3.08
2012-03-22,5.498,3.0873
2012-03-23,5.5824,3.0946000000000002
2012-03-26,5.5841,3.108
2012-03-27,5.5409,3.1121
2012-03-28,5.7093,3.1164
2012-03-29,5.8685,3.1241000000000003
2012-03-30,5.7697,3.1315000000000004
2012-04-05,5.5996,3.1388
2012-04-06,5.6411999999999995,3.1429
2012-04-09,5.7177999999999995,3.1471
2012-04-10,5.6411999999999995,3.1547
2012-04-11,5.6327,3.1588
2012-04-12,5.5162,3.1627
2012-04-13,5.4998,3.17
2012-04-16,5.5244,3.1853
2012-04-17,5.5658,3.193
2012-04-18,5.3966,3.1966
2012-04-19,5.4286,3.2002999999999995
2012-04-20,5.3531,3.2081
2012-04-23,5.4126,3.2245999999999997
2012-04-24,5.3927000000000005,3.2327000000000004
2012-04-25,5.3351999999999995,3.2362
2012-04-26,5.3088999999999995,3.2396000000000003
2012-04-27,5.354699999999999,3.2473
2012-05-02,5.3327,3.2670999999999997
2012-05-03,5.3327,3.2746999999999997
2012-05-04,5.3351999999999995,3.2824
2012-05-07,5.3052,3.299
2012-05-08,5.3389,3.3023
2012-05-09,5.5216,3.306
2012-05-10,5.4616,3.314
2012-05-11,5.5792,3.3222
2012-05-14,5.6443,3.3395
2012-05-15,5.6612,3.3432999999999997
2012-05-16,5.7797,3.3473999999999995
2012-05-17,5.7996,3.3561
2012-05-18,5.8984000000000005,3.3651
2012-05-21,5.8237,3.3836999999999997
2012-05-22,5.7996,3.3876999999999997
2012-05-23,5.8021,3.3917
2012-05-24,5.8451,3.4007
2012-05-25,5.9145,3.4095
2012-05-28,5.8321,3.4274
2012-05-29,5.7307999999999995,3.4312
2012-05-30,5.7743,3.4351
2012-05-31,5.7251,3.4388
2012-06-01,5.8766,3.4473
2012-06-04,6.112900000000001,3.4657
2012-06-05,5.933999999999999,3.4745999999999997
2012-06-06,6.034,3.4788
2012-06-07,6.0967,3.4831000000000003
2012-06-08,6.2311,3.4924999999999997
2012-06-11,6.0807,3.5111000000000003
2012-06-12,6.1738,3.5202999999999998
2012-06-13,6.0251,3.5244
2012-06-14,6.1238,3.5286999999999997
2012-06-15,6.0697,3.5378
2012-06-18,6.114,3.5564999999999998
2012-06-19,6.0767,3.5652999999999997
2012-06-20,6.0847,3.5694999999999997
2012-06-21,6.1432,3.5736999999999997
2012-06-25,6.4528,3.5968
2012-06-26,6.4425,3.6061
2012-06-27,6.5222,3.611
2012-06-28,6.600499999999999,3.6159
2012-06-29,6.4338999999999995,3.6253
2012-07-02,6.3212,3.6449000000000003
2012-07-03,6.322500000000001,3.6492999999999998
2012-07-04,6.3318,3.6537
2012-07-05,6.4266000000000005,3.6635
2012-07-06,6.322500000000001,3.673
2012-07-09,6.5217,3.6927000000000003
2012-07-10,6.621199999999999,3.6976
2012-07-11,6.592199999999999,3.7024
2012-07-12,6.5535,3.7122
2012-07-13,6.5143,3.7219
2012-07-16,6.6405,3.7421999999999995
2012-07-17,6.611400000000001,3.7469
2012-07-18,6.5717,3.7516000000000003
2012-07-19,6.5634999999999994,3.7614
2012-07-20,6.621,3.7714999999999996
2012-07-23,6.750100000000001,3.7913
2012-07-24,6.76,3.7962000000000002
2012-07-25,6.7805,3.8011999999999997
2012-07-26,6.7912,3.811
2012-07-27,6.800599999999999,3.8207
2012-07-30,6.851699999999999,3.8397
2012-07-31,6.7608,3.8445
2012-08-01,6.7299999999999995,3.8493
2012-08-02,6.7805,3.8587999999999996
2012-08-03,6.710000000000001,3.8681
2012-08-06,6.5906,3.8863000000000003
2012-08-07,6.600499999999999,3.8907999999999996
2012-08-08,6.531000000000001,3.8952
2012-08-09,6.482499999999999,3.9038000000000004
2012-08-10,6.5612,3.9127
2012-08-13,6.7200999999999995,3.9313000000000002
2012-08-14,6.68,3.9357999999999995
2012-08-15,6.771199999999999,3.9405
2012-08-16,6.752,3.9451
2012-08-17,6.7723,3.9497999999999998
2012-08-20,6.813700000000001,3.9544999999999995
2012-08-21,6.812600000000001,3.9592
2012-08-22,6.854100000000001,3.9639
2012-08-23,6.8037,3.9732000000000003
2012-08-24,6.9275,3.9827000000000004
2012-08-27,7.0684,4.0019
2012-08-28,7.0342,4.0069
2012-08-29,7.1103,4.0119
2012-08-30,7.0722,4.016900000000001
2012-08-31,7.109699999999999,4.022
2012-09-03,7.265199999999999,4.0369
2012-09-04,7.3545,4.047
2012-09-05,7.3595999999999995,4.0571
2012-09-06,7.283199999999999,4.0668999999999995
2012-09-07,6.854100000000001,4.0715
2012-09-10,6.7033,4.0851
2012-09-11,6.7863999999999995,4.0942
2012-09-12,6.7259,4.1030999999999995
2012-09-13,6.7693,4.1123
2012-09-14,6.6449,4.1165
2012-09-17,7.1784,4.1306
2012-09-18,7.0074,4.1401
2012-09-19,7.0552,4.1495
2012-09-20,7.206600000000001,4.1593
2012-09-21,7.175199999999999,4.1642
2012-09-24,7.141,4.1787
2012-09-25,7.1209999999999996,4.1881
2012-09-26,7.2959,4.197900000000001
2012-09-27,6.9422,4.2072
2012-09-28,6.8306000000000004,4.2115
2012-10-08,6.895,4.2513000000000005
2012-10-09,6.7041,4.2603
2012-10-10,6.6937,4.2692
2012-10-11,6.756900000000001,4.2733
2012-10-12,6.745900000000001,4.2774
2012-10-15,6.7768999999999995,4.2966999999999995
2012-10-16,6.7869,4.3059
2012-10-17,6.7359,4.3148
2012-10-18,6.6523,4.318700000000001
2012-10-19,6.6626,4.3225
2012-10-22,6.6123,4.3398
2012-10-23,6.7059,4.3481
2012-10-24,6.6964,4.3563
2012-10-25,6.6887,4.3601
2012-10-26,6.9352,4.3643
2012-10-29,7.089700000000001,4.3807
2012-10-30,6.9774,4.3885
2012-10-31,7.0008,4.3928
2012-11-01,6.7642,4.3998
2012-11-02,6.7105999999999995,4.4036
2012-11-05,6.712,4.4104
2012-11-06,6.7734000000000005,4.4174
2012-11-07,6.8142,4.4242
2012-11-08,6.9263,4.4307
2012-11-09,6.9674,4.4348
2012-11-12,6.8832,4.4437999999999995
2012-11-13,7.1883,4.4509
2012-11-14,7.0232,4.4577
2012-11-15,7.1881,4.4647
2012-11-16,7.1991,4.4692
2012-11-19,7.2508,4.4779
2012-11-20,7.3278,4.4845999999999995
2012-11-21,7.2411,4.4913
2012-11-22,7.2508,4.4979
2012-11-23,7.2427,4.5024
2012-11-26,7.3108,4.5119
2012-11-27,7.3114,4.5188
2012-11-28,7.369000000000001,4.526
2012-11-29,7.388999999999999,4.533
2012-11-30,7.3351,4.5376
2012-12-03,7.4011,4.5492
2012-12-04,7.428999999999999,4.5561
2012-12-05,7.066999999999999,4.5624
2012-12-06,7.0883,4.5665
2012-12-07,6.893199999999999,4.5704
2012-12-10,6.845,4.58
2012-12-11,6.8575,4.585999999999999
2012-12-12,6.8142,4.5919
2012-12-13,6.882199999999999,4.5957
2012-12-14,6.5402000000000005,4.5989
2012-12-17,6.41,4.601800000000001
2012-12-18,6.419999999999999,4.607
2012-12-19,6.41,4.6121
2012-12-20,6.3601,4.614999999999999
2012-12-21,6.4303,4.6179
2012-12-24,6.410100000000001,4.6286000000000005
2012-12-25,6.1852,4.6337
2012-12-26,6.2356,4.6388
2012-12-27,6.213500000000001,4.6414
2012-12-28,6.1693,4.6439
2012-12-31,5.9529,4.6503000000000005
2013-01-04,5.8418,4.6577
2013-01-07,5.844,4.6633000000000004
2013-01-08,5.9056999999999995,4.6672
2013-01-09,5.9167,4.6712
2013-01-10,5.879700000000001,4.6753
2013-01-11,6.0061,4.677499999999999
2013-01-14,5.6797,4.6833
2013-01-15,5.7036999999999995,4.6871
2013-01-16,5.7721,4.690799999999999
2013-01-17,5.8997,4.6946
2013-01-18,5.775799999999999,4.6964
2013-01-21,5.757099999999999,4.7027
2013-01-22,5.8021,4.7069
2013-01-23,5.7458,4.7111
2013-01-24,5.7371,4.7154
2013-01-25,5.8084999999999996,4.7172
2013-01-28,5.5243,4.7239
2013-01-29,5.5708,4.7283
2013-01-30,5.3753,4.7322999999999995
2013-01-31,5.409,4.7363
2013-02-01,5.2674,4.737100000000001
2013-02-04,5.2161,4.7438
2013-02-05,5.2183,4.7474
2013-02-06,5.1783,4.7509999999999994
2013-02-07,5.2968,4.7548
2013-02-08,5.2674,4.7556
2013-02-18,5.3127,4.775399999999999
2013-02-19,5.4761999999999995,4.7793
2013-02-20,5.4534,4.7832
2013-02-21,5.7197,4.7874
2013-02-22,5.8008999999999995,4.7891
2013-02-25,5.7258000000000004,4.7957
2013-02-26,5.8787,4.7999
2013-02-27,5.790900000000001,4.8038
2013-02-28,5.5659,4.8073
2013-03-01,5.5381,4.812799999999999
2013-03-04,5.9177,4.8209
2013-03-05,5.7833000000000006,4.8225
2013-03-06,5.7036999999999995,4.824
2013-03-07,5.7985,4.8279000000000005
2013-03-08,5.7661999999999995,4.8318
2013-03-11,5.861800000000001,4.8401
2013-03-12,5.9129000000000005,4.8419
2013-03-13,6.0254,4.8438
2013-03-14,5.9577,4.8481000000000005
2013-03-15,6.1338,4.8526
2013-03-18,6.0987,4.8607
2013-03-19,6.0239,4.8626000000000005
2013-03-20,5.7721,4.8641
2013-03-21,5.7333,4.867500000000001
2013-03-22,5.9558,4.8714
2013-03-25,6.0362,4.8732999999999995
2013-03-26,5.9811000000000005,4.875100000000001
2013-03-27,5.9669,4.8769
2013-03-28,6.3505,4.8816
2013-03-29,6.461,4.8862000000000005
2013-04-01,6.3212,4.8927
2013-04-02,6.351,4.8951
2013-04-03,6.371200000000001,4.8976
2013-04-08,6.410200000000001,4.9
2013-04-09,6.441,4.9052999999999995
2013-04-10,6.4808,4.9079
2013-04-11,6.5205,4.9106
2013-04-12,6.47,4.9163
2013-04-15,6.530600000000001,4.9292
2013-04-16,6.47,4.9357
2013-04-17,6.6202,4.9384999999999994
2013-04-18,6.5600000000000005,4.9411
2013-04-19,6.4342999999999995,4.9475
2013-04-22,6.3332,4.962
2013-04-23,6.670800000000001,4.9688
2013-04-24,6.550000000000001,4.9714
2013-04-25,6.6306,4.9741
2013-04-26,6.7564,4.9812
2013-05-02,7.105,5.0061
2013-05-03,6.8064,5.0127
2013-05-06,6.772,5.028
2013-05-07,6.712,5.0308
2013-05-08,6.7105999999999995,5.0335
2013-05-09,6.662,5.0407
2013-05-10,6.6108,5.0479
2013-05-13,6.572,5.0642
2013-05-14,6.8375,5.067200000000001
2013-05-15,6.7759,5.07
2013-05-16,6.671,5.077
2013-05-17,6.5202,5.083200000000001
2013-05-20,6.421200000000001,5.0971
2013-05-21,6.381399999999999,5.099200000000001
2013-05-22,6.4514000000000005,5.1014
2013-05-23,6.550000000000001,5.1076999999999995
2013-05-24,6.5,5.1138
2013-05-27,6.5,5.1282000000000005
2013-05-28,6.3628,5.1302
2013-05-29,6.3828,5.1323
2013-05-30,6.401700000000001,5.1384
2013-05-31,6.5002,5.1406
2013-06-03,6.510199999999999,5.1545
2013-06-04,6.5803,5.1608
2013-06-05,6.6205,5.1632
2013-06-06,6.6733,5.1657
2013-06-07,6.8199,5.1724
2013-06-13,7.1757,5.1914
2013-06-14,7.069699999999999,5.1989
2013-06-17,7.1156999999999995,5.2149
2013-06-18,7.0931999999999995,5.2222
2013-06-19,7.1338,5.2254000000000005
2013-06-20,7.509,5.2292
2013-06-21,7.4788,5.2369
2013-06-24,8.0596,5.2540000000000004
2013-06-25,8.089599999999999,5.2627
2013-06-26,8.1686,5.2675
2013-06-27,8.1709,5.2724
2013-06-28,7.9207,5.2806
2013-07-01,7.725,5.3011
2013-07-02,7.674,5.305
2013-07-03,7.8407,5.3092
2013-07-04,7.6867,5.3132
2013-07-05,7.638599999999999,5.3214
2013-07-08,7.8943,5.339
2013-07-09,7.854800000000001,5.3432
2013-07-10,7.7386,5.3472
2013-07-11,7.2814000000000005,5.354699999999999
2013-07-12,7.4642,5.3626
2013-07-15,7.388999999999999,5.3794
2013-07-16,7.314900000000001,5.3826
2013-07-17,7.366499999999999,5.3858999999999995
2013-07-18,7.516,5.3936
2013-07-19,7.656599999999999,5.4015
2013-07-22,7.5779,5.4178
2013-07-23,7.3735,5.421
2013-07-24,7.360800000000001,5.4242
2013-07-25,7.6486,5.4321
2013-07-26,7.605,5.439900000000001
2013-07-29,7.9207,5.4572
2013-07-30,7.6655,5.4608
2013-07-31,7.8155,5.464700000000001
2013-08-01,7.5033,5.4726
2013-08-02,7.636,5.4809
2013-08-05,7.391100000000001,5.484
2013-08-06,7.3242,5.4871
2013-08-07,7.3607000000000005,5.4901
2013-08-08,7.323200000000001,5.4932
2013-08-09,7.2959,5.4961
2013-08-12,7.029599999999999,5.5132
2013-08-13,6.9096,5.5155
2013-08-14,6.9551,5.517799999999999
2013-08-15,7.0011,5.5252
2013-08-16,7.0997,5.5329999999999995
2013-08-19,7.0011,5.5514
2013-08-20,7.0811,5.554
2013-08-21,7.033499999999999,5.5564
2013-08-22,7.1132,5.564100000000001
2013-08-23,7.2367,5.571899999999999
2013-08-26,7.163500000000001,5.5892
2013-08-27,7.1434999999999995,5.5918
2013-08-28,7.1257,5.5943
2013-08-29,7.2767,5.5971
2013-08-30,7.3655,5.6000000000000005
2013-09-02,7.4355,5.6132
2013-09-03,7.263999999999999,5.621099999999999
2013-09-04,7.2166999999999994,5.6288
2013-09-05,7.2294,5.6368
2013-09-06,7.1686,5.6392999999999995
2013-09-09,6.7860000000000005,5.652299999999999
2013-09-10,6.7443,5.6596
2013-09-11,6.668100000000001,5.6666
2013-09-12,6.557,5.6733
2013-09-13,6.578100000000001,5.6748
2013-09-16,6.6527,5.6867
2013-09-17,6.834899999999999,5.6938
2013-09-18,6.9269,5.7011
2013-09-23,6.8025,5.7179
2013-09-24,6.909,5.7253
2013-09-25,6.929,5.7325
2013-09-26,7.1407,5.7402
2013-09-27,7.0859000000000005,5.7424
2013-09-30,7.036499999999999,5.755
2013-10-08,6.9769,5.7831
2013-10-09,6.8909,5.7903
2013-10-10,6.9897,5.7923
2013-10-11,6.8314,5.794
2013-10-14,6.849600000000001,5.8119
2013-10-15,6.897,5.8192
2013-10-16,6.881900000000001,5.8263
2013-10-17,6.9342,5.8282
2013-10-18,6.9497,5.83
2013-10-21,6.783200000000001,5.8479
2013-10-22,6.9811,5.8552
2013-10-23,6.9388000000000005,5.8623
2013-10-24,7.0382,5.8642
2013-10-25,7.1907,5.8664000000000005
2013-10-28,7.1825,5.884
2013-10-29,7.1335999999999995,5.8908000000000005
2013-10-30,7.165000000000001,5.8974
2013-10-31,7.3541,5.8998
2013-11-01,7.4575000000000005,5.9024
2013-11-04,7.2707,5.9092
2013-11-05,7.2907,5.9156
2013-11-06,7.3344000000000005,5.9223
2013-11-07,7.3714,5.929
2013-11-08,7.4809,5.9315
2013-11-11,7.4396,5.9427
2013-11-12,7.157900000000001,5.949
2013-11-13,7.348300000000001,5.9554
2013-11-14,7.2925,5.9617
2013-11-15,7.1844,5.9638
2013-11-18,6.819400000000001,5.9735000000000005
2013-11-19,6.730700000000001,5.979
2013-11-20,6.7367,5.984500000000001
2013-11-21,6.6494,5.9901
2013-11-22,6.615,5.9912
2013-11-25,6.6925,6.0001
2013-11-26,6.7185999999999995,6.0051
2013-11-27,6.7379,6.0102
2013-11-28,6.656,6.015000000000001
2013-11-29,6.8486,6.0164
2013-12-02,6.8282,6.0296
2013-12-03,6.6507,6.0345
2013-12-04,6.5519,6.0393
2013-12-05,6.5888,6.0402
2013-12-06,6.6758999999999995,6.0412
2013-12-09,6.6083,6.0501
2013-12-10,6.6007,6.0548
2013-12-11,6.727900000000001,6.059699999999999
2013-12-12,6.7107,6.0608
2013-12-13,6.7625,6.062
2013-12-16,6.8166,6.075
2013-12-17,6.8486,6.08
2013-12-18,6.8316,6.0847999999999995
2013-12-19,6.9639999999999995,6.0863
2013-12-20,7.1903,6.0881
2013-12-23,7.113300000000001,6.1007
2013-12-24,7.1233,6.1064
2013-12-25,7.025,6.1121
2013-12-26,7.2243,6.114
2013-12-27,7.038600000000001,6.1155
2013-12-30,7.113300000000001,6.1297999999999995
2013-12-31,6.970899999999999,6.1312
2014-01-02,7.0014,6.1413
2014-01-03,7.2086,6.143
2014-01-06,7.3617,6.1543
2014-01-07,7.280399999999999,6.1608
2014-01-08,7.3448,6.1673
2014-01-09,7.4519,6.174
2014-01-10,7.5655,6.1762999999999995
2014-01-13,7.580299999999999,6.1875
2014-01-14,7.4919,6.1941999999999995
2014-01-15,7.525900000000001,6.201099999999999
2014-01-16,7.550700000000001,6.208
2014-01-17,7.6899,6.2105
2014-01-20,7.725700000000001,6.2222
2014-01-21,7.6749,6.2292
2014-01-22,7.4692,6.235799999999999
2014-01-23,7.5219,6.2428
2014-01-24,7.498199999999999,6.2448
2014-01-27,7.6603,6.2559000000000005
2014-01-28,7.615900000000001,6.2626
2014-01-29,7.5973,6.269299999999999
2014-01-30,7.6451,6.2762
2014-02-07,7.630299999999999,6.300600000000001
2014-02-10,7.4674000000000005,6.3100000000000005
2014-02-11,7.348300000000001,6.3155
2014-02-12,7.334300000000001,6.321000000000001
2014-02-13,7.3724,6.3265
2014-02-14,7.3064,6.3281
2014-02-17,7.2171,6.3377
2014-02-18,7.3448,6.3432
2014-02-19,7.1371,6.3481
2014-02-20,7.2109000000000005,6.353000000000001
2014-02-21,7.3365,6.3547
2014-02-24,7.6259,6.3635
2014-02-25,7.765700000000001,6.3694
2014-02-26,7.885300000000001,6.375699999999999
2014-02-27,7.8199000000000005,6.3816
2014-02-28,7.79,6.3839999999999995
2014-03-03,7.785499999999999,6.4036
2014-03-04,7.71,6.4058
2014-03-05,7.810499999999999,6.4081
2014-03-06,7.7799,6.4136
2014-03-07,7.775,6.419
2014-03-10,8.1145,6.4317
2014-03-11,8.0686,6.4344
2014-03-12,8.1045,6.4372
2014-03-13,7.9533000000000005,6.439699999999999
2014-03-14,8.082799999999999,6.4456
2014-03-17,8.018799999999999,6.457599999999999
2014-03-18,8.0044,6.4602
2014-03-19,8.07,6.4629
2014-03-20,8.1922,6.4688
2014-03-21,7.8353,6.474100000000001
2014-03-24,7.695100000000001,6.4857
2014-03-25,7.7199,6.4877
2014-03-26,7.7249,6.4898
2014-03-27,7.780099999999999,6.494700000000001
2014-03-28,7.780099999999999,6.4994
2014-03-31,7.8505,6.5066
2014-04-01,7.7349,6.511
2014-04-02,7.6655,6.512900000000001
2014-04-03,7.7099,6.5149
2014-04-04,7.630299999999999,6.5167
2014-04-08,7.3548,6.5181000000000004
2014-04-09,7.306500000000001,6.5194
2014-04-10,7.1996,6.5205
2014-04-11,7.1733,6.523700000000001
2014-04-14,7.2271,6.532399999999999
2014-04-15,7.3948,6.5365
2014-04-16,7.470599999999999,6.538099999999999
2014-04-17,7.4932,6.5397
2014-04-18,7.5417,6.544
2014-04-21,7.8165,6.553100000000001
2014-04-22,7.6627,6.557
2014-04-23,7.672700000000001,6.5588
2014-04-24,7.7512,6.5608
2014-04-25,7.894900000000001,6.5655
2014-04-28,8.0924,6.5761
2014-04-29,8.0416,6.5812
2014-04-30,8.2328,6.5839
2014-05-05,8.278599999999999,6.5995
2014-05-06,8.2445,6.6022
2014-05-07,8.3243,6.6051
2014-05-08,8.4482,6.6108
2014-05-09,8.5282,6.6165
2014-05-12,8.297799999999999,6.6267000000000005
2014-05-13,8.3233,6.629500000000001
2014-05-14,8.2533,6.632200000000001
2014-05-15,8.348600000000001,6.6375
2014-05-16,8.3628,6.6429
2014-05-19,8.5565,6.6525
2014-05-20,8.500399999999999,6.6555
2014-05-21,8.368599999999999,6.6584
2014-05-22,8.4645,6.6633
2014-05-23,8.3856,6.668100000000001
2014-05-26,8.2744,6.6761
2014-05-27,8.3413,6.6789000000000005
2014-05-28,8.2324,6.6815
2014-05-29,8.3133,6.6859
2014-05-30,8.3088,6.690599999999999
2014-06-03,8.4188,6.6982
2014-06-04,8.4971,6.7012
2014-06-05,8.443299999999999,6.7041
2014-06-06,8.4313,6.708600000000001
2014-06-09,8.4356,6.7158999999999995
2014-06-10,8.280899999999999,6.72
2014-06-11,8.280899999999999,6.722599999999999
2014-06-12,8.2916,6.725200000000001
2014-06-13,8.1899,6.7289
2014-06-16,7.9004,6.733599999999999
2014-06-17,8.0365,6.736599999999999
2014-06-18,8.0855,6.7389
2014-06-19,8.2805,6.7414000000000005
2014-06-20,8.2605,6.7448
2014-06-23,8.3109,6.7496
2014-06-24,8.2453,6.753000000000001
2014-06-25,8.280899999999999,6.7555000000000005
2014-06-26,8.2201,6.7579
2014-06-27,8.265699999999999,6.7612000000000005
2014-06-30,8.209900000000001,6.7655
2014-07-01,8.215,6.7688
2014-07-02,8.1499,6.7711
2014-07-03,8.06,6.7732
2014-07-04,8.084900000000001,6.775399999999999
2014-07-07,8.0649,6.7799
2014-07-08,8.0151,6.782000000000001
2014-07-09,8.2309,6.7844
2014-07-10,8.287799999999999,6.7881
2014-07-11,8.266900000000001,6.7921
2014-07-14,8.1853,6.7986
2014-07-15,8.105,6.8008
2014-07-16,8.105,6.802999999999999
2014-07-17,8.1409,6.8064
2014-07-18,8.0857,6.8102
2014-07-21,8.0609,6.8174
2014-07-22,7.9399,6.8193
2014-07-23,7.91,6.8210999999999995
2014-07-24,7.7192,6.8225999999999996
2014-07-25,7.5806,6.823799999999999
2014-07-28,7.2741,6.8246
2014-07-29,7.260700000000001,6.8252999999999995
2014-07-30,7.2875,6.8260000000000005
2014-07-31,7.1679,6.8282
2014-08-01,7.2573,6.830500000000001
2014-08-04,7.0707,6.8361
2014-08-05,7.109500000000001,6.836499999999999
2014-08-06,7.1355,6.837
2014-08-07,7.3075,6.8396
2014-08-08,7.2941,6.842
2014-08-11,7.1355,6.8485000000000005
2014-08-12,7.1648000000000005,6.8491
2014-08-13,7.1648000000000005,6.849600000000001
2014-08-14,7.2941,6.8524
2014-08-15,7.2379,6.8552
2014-08-18,7.198599999999999,6.8624
2014-08-19,7.188600000000001,6.8629
2014-08-20,7.2343,6.8635
2014-08-21,7.2907,6.8665
2014-08-22,7.2507,6.869400000000001
2014-08-25,7.357900000000001,6.877800000000001
2014-08-26,7.4633,6.8788
2014-08-27,7.504700000000001,6.8797999999999995
2014-08-28,7.6265,6.8838
2014-08-29,7.584299999999999,6.8877
2014-09-01,7.556400000000001,6.891500000000001
2014-09-02,7.4086,6.8951
2014-09-03,7.2773,6.8985
2014-09-04,7.1879,6.898999999999999
2014-09-05,7.073599999999999,6.8993
2014-09-09,7.0995,6.9098999999999995
2014-09-10,7.1648000000000005,6.9129
2014-09-11,7.2075,6.9134
2014-09-12,7.1286000000000005,6.9138
2014-09-15,7.151599999999999,6.9219
2014-09-16,7.3344000000000005,6.924900000000001
2014-09-17,7.304099999999999,6.927999999999999
2014-09-18,7.337299999999999,6.9287
2014-09-19,7.3643,6.929399999999999
2014-09-22,7.673299999999999,6.9379
2014-09-23,7.6014,6.9413
2014-09-24,7.4279,6.944400000000001
2014-09-25,7.4311,6.9452
2014-09-26,7.451099999999999,6.946
2014-09-29,7.4148000000000005,6.9534
2014-09-30,7.4116,6.9559
2014-10-08,7.3336,6.962899999999999
2014-10-09,7.2979,6.9634
2014-10-10,7.352499999999999,6.9661
2014-10-13,7.447900000000001,6.973699999999999
2014-10-14,7.4943,6.977
2014-10-15,7.4686,6.9778
2014-10-16,7.6110999999999995,6.9789
2014-10-17,7.6674999999999995,6.9824
2014-10-20,7.614799999999999,6.991
2014-10-21,7.724,6.9948999999999995
2014-10-22,7.774100000000001,6.9962
2014-10-23,7.8622,6.997599999999999
2014-10-24,7.903300000000001,7.0017
2014-10-27,8.0243,7.0116
2014-10-28,7.8414,7.0157
2014-10-29,7.764,7.0169999999999995
2014-10-30,7.7111,7.0181
2014-10-31,7.586600000000001,7.019
2014-11-03,7.6325,7.0228
2014-11-04,7.6495,7.026599999999999
2014-11-05,7.7948,7.0306999999999995
2014-11-06,7.7916,7.0319
2014-11-07,7.8279000000000005,7.033200000000001
2014-11-10,7.5957,7.0423
2014-11-11,7.5264999999999995,7.045700000000001
2014-11-12,7.4754000000000005,7.0488
2014-11-13,7.461900000000001,7.0495
2014-11-14,7.4297,7.0501
2014-11-17,7.4759,7.0575
2014-11-18,7.614,7.0605
2014-11-19,7.6594,7.063400000000001
2014-11-20,7.6394,7.064299999999999
2014-11-21,7.4535,7.064900000000001
2014-11-24,7.2351,7.0714
2014-11-25,7.244299999999999,7.0737
2014-11-26,7.0531999999999995,7.0756
2014-11-27,6.9212,7.0752999999999995
2014-11-28,6.6229,7.0746
2014-12-01,6.5920000000000005,7.0824
2014-12-02,6.2061,7.083
2014-12-03,6.1382,7.0814
2014-12-04,5.6207,7.079000000000001
2014-12-05,5.329,7.077700000000001
2014-12-08,4.9184,7.0794
2014-12-09,5.4677999999999995,7.0781
2014-12-10,5.229,7.075099999999999
2014-12-11,5.3808,7.072299999999999
2014-12-12,5.3374999999999995,7.0710999999999995
2014-12-15,5.1586,7.0727
2014-12-16,4.8755,7.0707
2014-12-17,4.709,7.0668999999999995
2014-12-18,4.7623999999999995,7.0631
2014-12-19,4.5812,7.0606
2014-12-22,4.44,7.061000000000001
2014-12-23,4.733099999999999,7.0572
2014-12-24,5.066,7.0539000000000005
2014-12-25,4.7804,7.050199999999999
2014-12-26,4.4933,7.046900000000001
2014-12-29,4.4406,7.0452
2014-12-30,4.395099999999999,7.041899999999999
2014-12-31,4.1993,7.0372
2015-01-05,3.9029000000000003,7.0356000000000005
2015-01-06,3.8971999999999998,7.0314000000000005
2015-01-07,3.8531000000000004,7.0273
2015-01-08,4.062,7.0225
2015-01-09,4.062,7.0176
2015-01-12,4.1709000000000005,7.0151
2015-01-13,4.1709000000000005,7.0112
2015-01-14,4.2531,7.0074
2015-01-15,3.9829000000000003,7.0025
2015-01-16,3.9083,6.9974
2015-01-19,4.63,6.9954
2015-01-20,4.5451,6.9921
2015-01-21,4.1552999999999995,6.9879999999999995
2015-01-22,4.1478,6.9834
2015-01-23,4.1404000000000005,6.9787
2015-01-26,4.1288,6.975099999999999
2015-01-27,4.1736,6.970700000000001
2015-01-28,4.306,6.966600000000001
2015-01-29,4.3989,6.962400000000001
2015-01-30,4.515700000000001,6.958399999999999
2015-02-02,4.7713,6.955699999999999
2015-02-03,4.5615000000000006,6.952
2015-02-04,4.67,6.948600000000001
2015-02-05,4.7808,6.9451
2015-02-06,4.9704,6.9418
2015-02-09,4.8833,6.940300000000001
2015-02-10,4.75,6.9374
2015-02-11,4.6967,6.9343
2015-02-12,4.7003,6.930699999999999
2015-02-13,4.638599999999999,6.9269
2015-02-16,4.62,6.924099999999999
2015-02-17,4.5765,6.9205000000000005
2015-02-25,4.6564000000000005,6.9177
2015-02-26,4.4586,6.913600000000001
2015-02-27,4.4264,6.9095
2015-03-02,4.3659,6.9038
2015-03-03,4.5645,6.899900000000001
2015-03-04,4.5028,6.8953
2015-03-05,4.5915,6.8907
2015-03-06,4.591,6.886100000000001
2015-03-09,4.4089,6.8814
2015-03-10,4.4545,6.8773
2015-03-11,4.4254,6.873600000000001
2015-03-12,4.306,6.869400000000001
2015-03-13,4.2759,6.8653
2015-03-16,4.0873,6.8612
2015-03-17,3.955,6.8564
2015-03-18,3.7606,6.8507
2015-03-19,3.7821000000000002,6.8454
2015-03-20,3.7227,6.8398
2015-03-23,3.5772,6.833200000000001
2015-03-24,3.5721999999999996,6.827800000000001
2015-03-25,3.6790999999999996,6.822
2015-03-26,3.6078,6.8162
2015-03-27,3.4823,6.809800000000001
2015-03-30,3.2398999999999996,6.8036
2015-03-31,3.2956,6.7978
2015-04-01,3.152,6.7917000000000005
2015-04-02,3.1966,6.7858
2015-04-03,3.1997,6.7798
2015-04-07,3.0138000000000003,6.7736
2015-04-08,2.9059,6.7672
2015-04-09,2.8907,6.7606
2015-04-10,2.7567,6.7541
2015-04-13,2.6311999999999998,6.747400000000001
2015-04-14,2.6431,6.7406
2015-04-15,2.7135,6.734
2015-04-16,2.5743,6.726999999999999
2015-04-17,2.4806000000000004,6.719899999999999
2015-04-20,2.6043,6.7133
2015-04-21,2.6101,6.7065
2015-04-22,2.5301,6.6996
2015-04-23,2.5409,6.6929
2015-04-24,2.5749999999999997,6.686100000000001
2015-04-27,2.3777,6.6785
2015-04-28,2.3941,6.671399999999999
2015-04-29,2.4728,6.664499999999999
2015-04-30,2.6113999999999997,6.657100000000001
2015-05-04,2.5944,6.648999999999999
2015-05-05,2.8283,6.6427
2015-05-06,2.8871,6.6363
2015-05-07,2.9983,6.6301
2015-05-08,2.8912,6.623600000000001
2015-05-11,2.7643,6.616099999999999
2015-05-12,2.7,6.6096
2015-05-13,2.7390000000000003,6.6028
2015-05-14,2.762,6.5954
2015-05-15,2.9031000000000002,6.5886
2015-05-18,2.9697999999999998,6.5806000000000004
2015-05-19,2.7380999999999998,6.574299999999999
2015-05-20,2.7052,6.5667
2015-05-21,2.6637,6.558999999999999
2015-05-22,2.5166,6.5512
2015-05-25,2.3304,6.5419
2015-05-26,2.2378,6.534800000000001
2015-05-27,2.1676,6.5262
2015-05-28,2.5625,6.518400000000001
2015-05-29,2.53,6.5104
2015-06-01,2.1975000000000002,6.500400000000001
2015-06-02,2.0904,6.4931
2015-06-03,2.1603,6.4859
2015-06-04,2.0745,6.477099999999999
2015-06-05,2.0365,6.4682
2015-06-08,1.7982999999999998,6.457699999999999
2015-06-09,1.8537000000000001,6.4501
2015-06-10,1.8955,6.4426
2015-06-11,1.8866,6.4344
2015-06-12,1.8365,6.4261
2015-06-15,1.8135,6.4169
2015-06-16,1.9865000000000002,6.4094999999999995
2015-06-17,1.9286,6.402099999999999
2015-06-18,2.1671,6.395099999999999
2015-06-19,2.5501,6.3887
2015-06-23,2.3424,6.3819
2015-06-24,2.1806,6.375
2015-06-25,2.3695999999999997,6.3683000000000005
2015-06-26,2.8425,6.3628
2015-06-29,2.9663,6.3579
2015-06-30,2.5773,6.3516
2015-07-01,2.9059,6.3466
2015-07-02,2.9957000000000003,6.340999999999999
2015-07-03,3.3480999999999996,6.3361
2015-07-06,3.0856000000000003,6.331499999999999
2015-07-07,3.1038,6.3262
2015-07-08,3.5673000000000004,6.3224
2015-07-09,3.2111,6.318
2015-07-10,2.9485,6.3131
2015-07-13,2.8998,6.3087
2015-07-14,3.036,6.3033
2015-07-15,3.1199999999999997,6.299
2015-07-16,3.11,6.2948
2015-07-17,2.9647,6.2901
2015-07-20,2.962,6.2861
2015-07-21,2.9804,6.2807
2015-07-22,3.0002,6.2761
2015-07-23,2.8826,6.2713
2015-07-24,3.0488,6.266900000000001
2015-07-27,3.6782000000000004,6.264200000000001
2015-07-28,3.7298,6.260000000000001
2015-07-29,3.5723,6.2568
2015-07-30,3.7497999999999996,6.2538
2015-07-31,3.7659,6.2511
2015-08-03,3.7150000000000003,6.25
2015-08-04,3.5373,6.2455
2015-08-05,3.6891,6.243
2015-08-06,3.7674,6.240600000000001
2015-08-07,3.6529,6.2381
2015-08-10,3.3592999999999997,6.2364999999999995
2015-08-11,3.3771000000000004,6.2318
2015-08-12,3.4135,6.2271
2015-08-13,3.3318,6.2223
2015-08-14,3.3709000000000002,6.217700000000001
2015-08-17,3.3996,6.213
2015-08-18,3.7653,6.209
2015-08-19,3.7427,6.2065
2015-08-20,3.9463,6.204
2015-08-21,4.2786,6.202
2015-08-24,5.0785,6.2016
2015-08-25,5.7937,6.2010000000000005
2015-08-26,5.8050999999999995,6.201099999999999
2015-08-27,5.3839,6.2003
2015-08-28,5.069,6.1991
2015-08-31,5.1643,6.1974
2015-09-01,5.0817,6.1966
2015-09-02,4.982600000000001,6.1956999999999995
2015-09-07,5.3457,6.1963
2015-09-08,5.1479,6.1952
2015-09-09,4.9852,6.1939
2015-09-10,5.087400000000001,6.1921
2015-09-11,5.1479,6.1904
2015-09-14,5.2756,6.1902
2015-09-15,5.5289,6.1895
2015-09-16,5.207,6.188
2015-09-17,5.386,6.186599999999999
2015-09-18,5.3684,6.1853
2015-09-21,5.2733,6.1849
2015-09-22,5.1897,6.184
2015-09-23,5.3836,6.1831
2015-09-24,5.3357,6.181699999999999
2015-09-25,5.4296,6.1804
2015-09-28,5.4473,6.1802
2015-09-29,5.6406,6.178999999999999
2015-09-30,5.6327,6.1776
2015-10-08,5.412999999999999,6.1754999999999995
2015-10-09,5.3163,6.1737
2015-10-12,5.1364,6.1705000000000005
2015-10-13,5.1742,6.1684
2015-10-14,5.3017,6.1669
2015-10-15,5.1981,6.1653
2015-10-16,5.0565999999999995,6.1629000000000005
2015-10-19,5.0266,6.1591
2015-10-20,4.9637,6.1567
2015-10-21,5.1472,6.155
2015-10-22,5.0866,6.1533
2015-10-23,5.0237,6.1511000000000005
2015-10-26,4.988,6.1469000000000005
2015-10-27,5.0245,6.144
2015-10-28,5.1934000000000005,6.1425
2015-10-29,5.149900000000001,6.1408
2015-10-30,4.9486,6.1389
2015-11-02,5.1745,6.1373
2015-11-03,5.2156,6.1342
2015-11-04,4.8354,6.131
2015-11-05,4.6221,6.1285
2015-11-06,4.4836,6.1258
2015-11-09,4.3419,6.1199
2015-11-10,4.2801,6.116
2015-11-11,4.317200000000001,6.112299999999999
2015-11-12,4.4378,6.1095
2015-11-13,4.516,6.1068999999999996
2015-11-16,4.5264,6.1013
2015-11-17,4.5104999999999995,6.097700000000001
2015-11-18,4.5799,6.0945
2015-11-19,4.487,6.0919
2015-11-20,4.4928,6.089300000000001
2015-11-23,4.5382,6.085100000000001
2015-11-24,4.5442,6.0819
2015-11-25,4.5111,6.0786
2015-11-26,4.566400000000001,6.0761
2015-11-27,5.0006,6.0744
2015-11-30,4.968,6.0709
2015-12-01,4.9686,6.0678
2015-12-02,4.6659,6.0655
2015-12-03,4.5711,6.0630999999999995
2015-12-04,4.7547,6.0602
2015-12-07,4.7647,6.0553
2015-12-08,4.9018,6.0521
2015-12-09,4.8965000000000005,6.0502
2015-12-10,4.944500000000001,6.0484
2015-12-11,4.9828,6.0467
2015-12-14,4.6505,6.0426
2015-12-15,4.668,6.038600000000001
2015-12-16,4.684,6.0364
2015-12-17,4.5904,6.0341
2015-12-18,4.583,6.0299
2015-12-21,4.4805,6.0215
2015-12-22,4.5249,6.0165999999999995
2015-12-23,4.5504999999999995,6.0142
2015-12-24,4.6319,6.012
2015-12-25,4.6831,6.0065
2015-12-28,4.8701,5.9942
2015-12-29,4.8210999999999995,5.9891
2015-12-30,4.8228,5.9872000000000005
2015-12-31,4.8264000000000005,5.9853000000000005
2016-01-04,5.33,5.9756
2016-01-05,5.2733,5.9717
2016-01-06,5.1186,5.9675
2016-01-07,5.649,5.9670000000000005
2016-01-08,5.516299999999999,5.9663
2016-01-11,5.9328,5.9571
2016-01-12,5.9066,5.954899999999999
2016-01-13,6.1006,5.9526
2016-01-14,6.0196,5.9527
2016-01-15,6.2762,5.9533000000000005
2016-01-18,6.2780000000000005,5.9469
2016-01-19,6.0005999999999995,5.9444
2016-01-20,6.0927,5.9419
2016-01-21,6.3375,5.9425
2016-01-22,6.2462,5.943
2016-01-25,6.205299999999999,5.9361
2016-01-26,6.708500000000001,5.9346000000000005
2016-01-27,6.706099999999999,5.9331000000000005
2016-01-28,6.8835,5.934699999999999
2016-01-29,6.6411,5.9358
2016-02-01,6.801200000000001,5.9281
2016-02-02,6.625699999999999,5.9267
2016-02-03,6.650200000000001,5.925
2016-02-04,6.540700000000001,5.926
2016-02-05,6.6247,5.9272
2016-02-15,6.7469,5.9117999999999995
2016-02-16,6.4497,5.9109
2016-02-17,6.3721,5.9097
2016-02-18,6.397799999999999,5.9105
2016-02-19,6.4237,5.9113
2016-02-22,6.2227,5.9063
2016-02-23,6.2843,5.9049
2016-02-24,6.2258000000000004,5.9032
2016-02-25,6.7618,5.9046
2016-02-26,6.6402,5.9058
2016-02-29,6.8366,5.9013
2016-03-01,6.6869,5.8979
2016-03-02,6.3421,5.8986
2016-03-03,6.286600000000001,5.8967
2016-03-04,6.119800000000001,5.8948
2016-03-07,6.1098,5.8887
2016-03-08,6.0916,5.888999999999999
2016-03-09,6.1575,5.8895
2016-03-10,6.3450999999999995,5.8887
2016-03-11,6.340700000000001,5.8881000000000006
2016-03-14,6.250799999999999,5.8851
2016-03-15,6.2175,5.8857
2016-03-16,6.1516,5.8861
2016-03-17,6.0806,5.8852
2016-03-18,5.9517,5.8837
2016-03-21,5.8006,5.8819
2016-03-22,5.8488999999999995,5.8818
2016-03-23,5.8184,5.8817
2016-03-24,5.9183,5.8803
2016-03-25,5.8719,5.8786
2016-03-28,5.9496,5.8729000000000005
2016-03-29,6.0165999999999995,5.8731
2016-03-30,5.8719,5.8731
2016-03-31,5.8513,5.8731
2016-04-01,5.8208,5.8711
2016-04-05,5.7381,5.8709
2016-04-06,5.7405,5.8706000000000005
2016-04-07,5.8542,5.8706000000000005
2016-04-08,5.8938999999999995,5.8707
2016-04-11,5.7984,5.865200000000001
2016-04-12,5.8136,5.8636
2016-04-13,5.680700000000001,5.8633
2016-04-14,5.6337,5.8629
2016-04-15,5.6263,5.8609
2016-04-18,5.7406,5.8556
2016-04-19,5.7255,5.8536
2016-04-20,5.852799999999999,5.8536
2016-04-21,5.8974,5.8537
2016-04-22,5.858300000000001,5.8522
2016-04-25,5.8874,5.8467
2016-04-26,5.8483,5.8445
2016-04-27,5.8974,5.8446
2016-04-28,5.9231,5.8447
2016-04-29,5.883900000000001,5.8426
2016-05-03,5.7784,5.8331
2016-05-04,5.8113,5.833
2016-05-05,5.795999999999999,5.8306
2016-05-06,5.9986,5.8285
2016-05-09,6.1958,5.821400000000001
2016-05-10,6.1975,5.822
2016-05-11,6.128,5.8225
2016-05-12,6.111599999999999,5.8204
2016-05-13,6.1444,5.818700000000001
2016-05-16,6.0853,5.811999999999999
2016-05-17,6.0916,5.8124
2016-05-18,6.1409,5.813
2016-05-19,6.1175,5.8118
2016-05-20,6.0762,5.8107
2016-05-23,6.0534,5.806900000000001
2016-05-24,6.1109,5.8074
2016-05-25,6.1275,5.808
2016-05-26,6.1127,5.8069999999999995
2016-05-27,6.1209,5.806
2016-05-30,6.0862,5.8019
2016-05-31,5.8028,5.8019
2016-06-01,5.8161,5.8019
2016-06-02,5.7983,5.8019
2016-06-03,5.7242,5.8001
2016-06-06,5.741899999999999,5.7961
2016-06-07,5.7519,5.7946
2016-06-08,5.7828,5.7945
2016-06-13,5.9386,5.7890999999999995
2016-06-14,5.9426,5.7877
2016-06-15,5.865200000000001,5.7879
2016-06-16,5.9406,5.7881
2016-06-17,5.9189,5.7866
2016-06-20,5.9031,5.7814
2016-06-21,5.9189,5.7794
2016-06-22,5.858300000000001,5.7795
2016-06-23,5.8896,5.7797
2016-06-24,6.0186,5.7779
2016-06-27,5.965199999999999,5.7715000000000005
2016-06-28,5.9661,5.7698
2016-06-29,5.8996,5.7700000000000005
2016-06-30,5.9151,5.7702
2016-07-01,5.9373000000000005,5.7663
2016-07-04,5.8180000000000005,5.762
2016-07-05,5.7756,5.762
2016-07-06,5.7607,5.762
2016-07-07,5.7881,5.7595
2016-07-08,5.8808,5.7572
2016-07-11,5.827999999999999,5.7489
2016-07-12,5.6246,5.7487
2016-07-13,5.575900000000001,5.7485
2016-07-14,5.6046,5.7452000000000005
2016-07-15,5.6002,5.7421
2016-07-18,5.6246,5.7328
2016-07-19,5.6606,5.7327
2016-07-20,5.707,5.7327
2016-07-21,5.7006,5.7294
2016-07-22,5.7616,5.7262
2016-07-25,5.7223999999999995,5.717499999999999
2016-07-26,5.6188,5.7173
2016-07-27,5.7197,5.7173
2016-07-28,5.737,5.7142
2016-07-29,5.737,5.7111
2016-08-01,5.769,5.7049
2016-08-02,5.747,5.705
2016-08-03,5.7397,5.7051
2016-08-04,5.7424,5.7051
2016-08-05,5.7524,5.7052
2016-08-08,5.6974,5.702100000000001
2016-08-09,5.650399999999999,5.702
2016-08-10,5.7117,5.702
2016-08-11,5.721699999999999,5.6992
2016-08-12,5.5681,5.6963
2016-08-15,5.3615,5.6876999999999995
2016-08-16,5.443499999999999,5.6873
2016-08-17,5.4333,5.6869000000000005
2016-08-18,5.4666,5.6841
2016-08-19,5.4433,5.681
2016-08-22,5.4634,5.6731
2016-08-23,5.4266000000000005,5.6727
2016-08-24,5.4402,5.6723
2016-08-25,5.4572,5.6688
2016-08-26,5.4166,5.664899999999999
2016-08-29,5.3701,5.6573
2016-08-30,5.3335,5.6568
2016-08-31,5.2806,5.6562
2016-09-01,5.3433,5.652200000000001
2016-09-02,5.3169,5.6517
2016-09-05,5.3103,5.6444
2016-09-06,5.2841,5.6403
2016-09-07,5.274100000000001,5.6362000000000005
2016-09-08,5.2641,5.6321
2016-09-09,5.3135,5.6316
2016-09-12,5.440799999999999,5.6232999999999995
2016-09-13,5.4545,5.619
2016-09-14,5.5264,5.6151
2016-09-19,5.4781,5.6030999999999995
2016-09-20,5.5019,5.5988999999999995
2016-09-21,5.4881,5.5945
2016-09-22,5.4269,5.590599999999999
2016-09-23,5.464,5.5904
2016-09-26,5.598199999999999,5.5835
2016-09-27,5.5595,5.58
2016-09-28,5.5872,5.5764000000000005
2016-09-29,5.5526,5.5728
2016-09-30,5.5287999999999995,5.5727
2016-10-10,5.4734,5.5492
2016-10-11,5.4466,5.5463
2016-10-12,5.4567,5.5435
2016-10-13,5.4567,5.5434
2016-10-14,5.4433,5.543200000000001
2016-10-17,5.5108,5.5342
2016-10-18,5.4067,5.5308
2016-10-19,5.4233,5.5273
2016-10-20,5.4367,5.527200000000001
2016-10-21,5.4503,5.527
2016-10-24,5.3128,5.5159
2016-10-25,5.3251,5.5119
2016-10-26,5.3374999999999995,5.5078000000000005
2016-10-27,5.3703,5.5075
2016-10-28,5.4734,5.5075
2016-10-31,5.5381,5.499099999999999
2016-11-01,5.4704999999999995,5.4946
2016-11-02,5.5488,5.4947
2016-11-03,5.4837,5.4947
2016-11-04,5.5108,5.4947
2016-11-07,5.484,5.4857000000000005
2016-11-08,5.4334,5.481
2016-11-09,5.4708,5.4761
2016-11-10,5.3733,5.471
2016-11-11,5.2803,5.4706
2016-11-14,5.210999999999999,5.461
2016-11-15,5.2040999999999995,5.4559999999999995
2016-11-16,5.2040999999999995,5.4509
2016-11-17,5.171,5.4456
2016-11-18,5.1969,5.4452
2016-11-21,5.1351,5.4347
2016-11-22,5.0745,5.4293000000000005
2016-11-23,5.0818,5.4238
2016-11-24,5.0828,5.4184
2016-11-25,4.9878,5.4177
2016-11-28,4.9447,5.4075
2016-11-29,4.848,5.402
2016-11-30,4.9031,5.3964
2016-12-01,4.7982,5.3907
2016-12-02,4.8009,5.3897
2016-12-05,4.9028,5.3789
2016-12-06,4.8845,5.3731
2016-12-07,4.8354,5.3671999999999995
2016-12-08,4.861800000000001,5.3664000000000005
2016-12-09,4.7802,5.3655
2016-12-12,4.7463999999999995,5.3499
2016-12-13,4.7377,5.3441
2016-12-14,4.7418000000000005,5.3385
2016-12-15,4.860600000000001,5.3377
2016-12-16,4.7541,5.3368
2016-12-19,4.770300000000001,5.3228
2016-12-20,4.7733,5.3171
2016-12-21,4.697500000000001,5.3113
2016-12-22,4.791,5.3104
2016-12-23,4.9035,5.3098
2016-12-26,4.9006,5.2946
2016-12-27,4.9435,5.2892
2016-12-28,4.96,5.2838
2016-12-29,5.0266,5.2834
2016-12-30,5.0535,5.283
2017-01-03,4.9915,5.2683
2017-01-04,4.8436,5.2631
2017-01-05,4.7608,5.2576
2017-01-06,4.77,5.256799999999999
2017-01-09,4.7581,5.247
2017-01-10,4.7908,5.2413
2017-01-11,4.8057,5.2357000000000005
2017-01-12,4.8315,5.2301
2017-01-13,4.8057,5.2294
2017-01-16,4.763599999999999,5.2191
2017-01-17,4.7272,5.2136000000000005
2017-01-18,4.6818,5.2079
2017-01-19,4.7008,5.2024
2017-01-20,4.6565,5.2015
2017-01-23,4.6439,5.1915000000000004
2017-01-24,4.5989,5.1861
2017-01-25,4.5378,5.1809
2017-01-26,4.4647,5.1758
2017-02-03,4.4802,5.1575999999999995
2017-02-06,4.4016,5.1499999999999995
2017-02-07,4.3902,5.1455
2017-02-08,4.3793,5.1407
2017-02-09,4.368600000000001,5.1359
2017-02-10,4.3521,5.134600000000001
2017-02-13,4.284000000000001,5.1266
2017-02-14,4.284000000000001,5.1219
2017-02-15,4.284000000000001,5.1169
2017-02-16,4.266,5.112
2017-02-17,4.36,5.1108
2017-02-20,4.2887,5.1026
2017-02-21,4.2553,5.097700000000001
2017-02-22,4.2478,5.0927
2017-02-23,4.3027999999999995,5.0878
2017-02-24,4.2987,5.0865
2017-02-27,4.372,5.0777
2017-02-28,4.350099999999999,5.0725
2017-03-01,4.3182,5.0629
2017-03-02,4.3359000000000005,5.0576
2017-03-03,4.356,5.0526
2017-03-06,4.3719,5.040900000000001
2017-03-07,4.344,5.0398
2017-03-08,4.3399,5.0386
2017-03-09,4.3482,5.0375000000000005
2017-03-10,4.3603000000000005,5.033
2017-03-13,4.304,5.0212
2017-03-14,4.328,5.0201
2017-03-15,4.326,5.0188999999999995
2017-03-16,4.3264,5.0143
2017-03-17,4.428,5.0095
2017-03-20,4.417999999999999,4.997
2017-03-21,4.382,4.9959999999999996
2017-03-22,4.436,4.9951
2017-03-23,4.428,4.9897
2017-03-24,4.406000000000001,4.9845
2017-03-27,4.484,4.9715
2017-03-28,4.5241999999999996,4.9708000000000006
2017-03-29,4.5103,4.97
2017-03-30,4.5493,4.9653
2017-03-31,4.472099999999999,4.9645
2017-04-05,4.352799999999999,4.9595
2017-04-06,4.3210999999999995,4.9584
2017-04-07,4.3336,4.9574
2017-04-10,4.3311,4.9486
2017-04-11,4.253,4.9436
2017-04-12,4.2473,4.9424
2017-04-13,4.2415,4.9413
2017-04-14,4.2736,4.936100000000001
2017-04-17,4.257,4.9223
2017-04-18,4.2742,4.9167000000000005
2017-04-19,4.328,4.9157
2017-04-20,4.2999,4.914700000000001
2017-04-21,4.2246,4.909199999999999
2017-04-24,4.238,4.8939
2017-04-25,4.2359,4.8879
2017-04-26,4.2181999999999995,4.8868
2017-04-27,4.2401,4.8858
2017-04-28,4.4002,4.8798
2017-05-02,4.5192000000000005,4.860600000000001
2017-05-03,4.5415,4.859999999999999
2017-05-04,4.5145,4.8549
2017-05-05,4.5272,4.8498
2017-05-08,4.523499999999999,4.8347
2017-05-09,4.503299999999999,4.8341
2017-05-10,4.4933,4.8336
2017-05-11,4.4037,4.8283
2017-05-12,4.349200000000001,4.8231
2017-05-15,4.34,4.8094
2017-05-16,4.3245,4.808599999999999
2017-05-17,4.3245,4.8078
2017-05-18,4.3886,4.8027
2017-05-19,4.3986,4.7974000000000006
2017-05-22,4.3464,4.782900000000001
2017-05-23,4.252800000000001,4.7821
2017-05-24,4.2491,4.7812
2017-05-25,4.1286000000000005,4.7761
2017-05-26,4.1325,4.771
2017-05-31,4.1121,4.7596
2017-06-01,4.1059,4.758500000000001
2017-06-02,4.132099999999999,4.754499999999999
2017-06-05,4.2055,4.7475000000000005
2017-06-06,4.1686,4.7456
2017-06-07,4.0859,4.7445
2017-06-08,4.0342,4.7433000000000005
2017-06-09,4.0046,4.7418000000000005
2017-06-12,3.9614999999999996,4.7375
2017-06-13,4.005800000000001,4.7353
2017-06-14,4.0969999999999995,4.7342
2017-06-15,4.1564,4.7333
2017-06-16,4.156,4.731599999999999
2017-06-19,4.1128,4.7303999999999995
2017-06-20,4.1787,4.7297
2017-06-21,4.1046,4.7287
2017-06-22,4.031499999999999,4.7275
2017-06-23,3.9600999999999997,4.7267
2017-06-26,3.9038000000000004,4.7246999999999995
2017-06-27,3.9227,4.723800000000001
2017-06-28,3.9675000000000002,4.7225
2017-06-29,3.9027,4.7212
2017-06-30,3.8883,4.7203
2017-07-03,3.8906000000000005,4.7203
2017-07-04,3.9101,4.719
2017-07-05,3.8538,4.7176
2017-07-06,3.8627000000000002,4.7175
2017-07-07,3.8683,4.7175
2017-07-10,3.8583,4.7196
2017-07-11,3.8305,4.7182
2017-07-12,3.8571,4.7167
2017-07-13,3.8064,4.7161
2017-07-14,3.7845999999999997,4.7155000000000005
2017-07-17,3.8001,4.7173
2017-07-18,3.7955,4.7158
2017-07-19,3.6993,4.7141
2017-07-20,3.6673999999999998,4.7125
2017-07-21,3.7093000000000003,4.7112
2017-07-24,3.678,4.7123
2017-07-25,3.6886,4.7106
2017-07-26,3.6580000000000004,4.7088
2017-07-27,3.6533,4.7081
2017-07-28,3.6527,4.7072
2017-07-31,3.6269000000000005,4.7069
2017-08-01,3.5442,4.705
2017-08-02,3.5494,4.7031
2017-08-03,3.6169,4.7012
2017-08-04,3.6433,4.6997
2017-08-07,3.6022,4.6974
2017-08-08,3.5715999999999997,4.6955
2017-08-09,3.6086,4.6938
2017-08-10,3.6298999999999997,4.6917
2017-08-11,3.7784,4.6901
2017-08-14,3.7283999999999997,4.6886
2017-08-15,3.6953,4.6869000000000005
2017-08-16,3.7060000000000004,4.6853
2017-08-17,3.6739,4.6838
2017-08-18,3.6593,4.6823
2017-08-21,3.6174,4.6805
2017-08-22,3.5816,4.6787
2017-08-23,3.5454,4.6769
2017-08-24,3.5664000000000002,4.6751000000000005
2017-08-25,3.4072,4.673
2017-08-28,3.3522000000000003,4.6717
2017-08-29,3.3771000000000004,4.6695
2017-08-30,3.4273,4.6675
2017-08-31,3.5246,4.665699999999999
2017-09-01,3.5664000000000002,4.6639
2017-09-04,3.5498000000000003,4.6627
2017-09-05,3.4936000000000003,4.6611
2017-09-06,3.5090999999999997,4.6593
2017-09-07,3.5854,4.6577
2017-09-08,3.6059,4.656
2017-09-11,3.6159,4.655
2017-09-12,3.585,4.653700000000001
2017-09-13,3.5749999999999997,4.6525
2017-09-14,3.6064,4.6514
2017-09-15,3.6574000000000004,4.6498
2017-09-18,3.6369,4.6502
2017-09-19,3.6222,4.65
2017-09-20,3.6116,4.649699999999999
2017-09-21,3.5907,4.6495
2017-09-22,3.5854,4.6476999999999995
2017-09-25,3.5854,4.6495
2017-09-26,3.6054000000000004,4.6494
2017-09-27,3.6110999999999995,4.6494
2017-09-28,3.6110999999999995,4.6496
2017-09-29,3.6007,4.6479
2017-10-09,3.5185,4.6633000000000004
2017-10-10,3.4831000000000003,4.6643
2017-10-11,3.4576000000000002,4.6654
2017-10-12,3.4425,4.6634
2017-10-13,3.4425,4.6614
2017-10-16,3.4174,4.6692
2017-10-17,3.3876000000000004,4.6705000000000005
2017-10-18,3.3120999999999996,4.6719
2017-10-19,3.3371,4.669700000000001
2017-10-20,3.3522000000000003,4.6675
2017-10-23,3.3622,4.6757
2017-10-24,3.3172,4.6769
2017-10-25,3.2772,4.678100000000001
2017-10-26,3.2721,4.6758
2017-10-27,3.2420999999999998,4.6734
2017-10-30,3.258,4.6822
2017-10-31,3.3054,4.68
2017-11-01,3.3453999999999997,4.6812
2017-11-02,3.3198,4.6789
2017-11-03,3.3253999999999997,4.6767
2017-11-06,3.3245999999999998,4.6809
2017-11-07,3.2429,4.681500000000001
2017-11-08,3.2631,4.682
2017-11-09,3.2327000000000004,4.6825
2017-11-10,3.1974,4.6801
2017-11-13,3.1122,4.6838999999999995
2017-11-14,3.1325,4.6845
2017-11-15,3.2036000000000002,4.6853
2017-11-16,3.2182000000000004,4.6857999999999995
2017-11-17,3.1471999999999998,4.6833
2017-11-20,3.0922,4.686599999999999
2017-11-21,3.0135,4.6871
2017-11-22,2.9256,4.6876
2017-11-23,3.0922,4.6885
2017-11-24,3.1122,4.6859
2017-11-27,3.1936,4.6913
2017-11-28,3.2039,4.693
2017-11-29,3.2338999999999998,4.6941
2017-11-30,3.3211,4.6954
2017-12-01,3.3522000000000003,4.6932
2017-12-04,3.3364,4.7035
2017-12-05,3.2839,4.7055
2017-12-06,3.3307,4.7076
2017-12-07,3.4046,4.7054
2017-12-08,3.3579999999999997,4.7032
2017-12-11,3.1978,4.7148
2017-12-12,3.2607,4.717
2017-12-13,3.2188000000000003,4.7193
2017-12-14,3.2802,4.7169
2017-12-15,3.3585999999999996,4.714700000000001
2017-12-18,3.3574,4.7263
2017-12-19,3.2688,4.7280999999999995
2017-12-20,3.2588,4.7292000000000005
2017-12-21,3.2229,4.7268
2017-12-22,3.2382,4.7243
2017-12-25,3.2432999999999996,4.73
2017-12-26,3.2174,4.7313
2017-12-27,3.2946000000000004,4.7321
2017-12-28,3.238,4.7296
2017-12-29,3.1974,4.7271
2018-01-02,3.0974999999999997,4.7338
2018-01-03,3.0632,4.734
2018-01-04,3.0189,4.7334000000000005
2018-01-05,2.9996,4.7306
2018-01-08,2.9909000000000003,4.733099999999999
2018-01-09,2.9671,4.7321
2018-01-10,2.9053,4.731599999999999
2018-01-11,2.8659,4.7315000000000005
2018-01-12,2.8327,4.7284
2018-01-15,2.7735,4.7309
2018-01-16,2.7368,4.7303
2018-01-17,2.7085000000000004,4.7297
2018-01-18,2.6134,4.7291
2018-01-19,2.5538000000000003,4.7255
2018-01-22,2.5046,4.7276
2018-01-23,2.4733,4.7268
2018-01-24,2.4792,4.7261
2018-01-25,2.5166999999999997,4.725300000000001
2018-01-26,2.4975,4.7216000000000005
2018-01-29,2.5717,4.7214
2018-01-30,2.6725,4.72
2018-01-31,2.6433,4.7182
2018-02-01,2.6533,4.7164
2018-02-02,2.6059,4.712899999999999
2018-02-05,2.5509,4.712899999999999
2018-02-06,2.7511,4.7114
2018-02-07,2.9680999999999997,4.7101
2018-02-08,3.1077,4.7092
2018-02-09,3.4046,4.7071000000000005
2018-02-12,3.3574,4.709300000000001
2018-02-13,3.2588,4.709
2018-02-14,3.2429,4.7089
2018-02-22,3.0784,4.7156
2018-02-23,3.0396,4.712899999999999
2018-02-26,2.9876,4.7077
2018-02-27,3.123,4.7033
2018-02-28,3.2222,4.6997
2018-03-01,3.2022000000000004,4.6959
2018-03-02,3.2323,4.6928
2018-03-05,3.2423,4.689900000000001
2018-03-06,3.1572999999999998,4.6874
2018-03-07,3.1971,4.6850000000000005
2018-03-08,3.1773999999999996,4.6814
2018-03-09,3.143,4.678100000000001
2018-03-12,3.1284,4.6736
2018-03-13,3.1674,4.6711
2018-03-14,3.1972,4.6687
2018-03-15,3.1773000000000002,4.6653
2018-03-16,3.2371999999999996,4.661499999999999
2018-03-19,3.2371,4.6559
2018-03-20,3.2273000000000005,4.6536
2018-03-21,3.3174,4.6514
2018-03-22,3.4035999999999995,4.6483
2018-03-23,3.6092,4.6457
2018-03-26,3.7282999999999995,4.6405
2018-03-27,3.6705,4.6389
2018-03-28,3.8258,4.6376
2018-03-29,3.6983,4.6347
2018-03-30,3.6994,4.631600000000001
2018-04-02,3.7745,4.6285
2018-04-03,3.8315,4.6272
2018-04-04,3.8545999999999996,4.625900000000001
2018-04-09,3.8688000000000002,4.6234
2018-04-10,3.7104999999999997,4.6208
2018-04-11,3.6519000000000004,4.619199999999999
2018-04-12,3.7506,4.6178
2018-04-13,3.8129000000000004,4.615600000000001
2018-04-16,3.9781999999999997,4.6116
2018-04-17,4.120299999999999,4.61
2018-04-18,4.1359,4.6093
2018-04-19,4.1446,4.6085
2018-04-20,4.2299999999999995,4.607200000000001
2018-04-23,4.1579999999999995,4.6042
2018-04-24,4.022,4.6026
2018-04-25,4.0605,4.6017
2018-04-26,4.172499999999999,4.601
2018-04-27,4.1893,4.5997
2018-05-02,4.2818000000000005,4.596
2018-05-03,4.2477,4.5945
2018-05-04,4.2954,4.593
2018-05-07,4.1831,4.592099999999999
2018-05-08,4.064,4.5912
2018-05-09,4.05,4.5903
2018-05-10,4.014,4.5898
2018-05-11,4.0359,4.5893999999999995
2018-05-14,3.9822999999999995,4.5892
2018-05-15,3.9487,4.5881
2018-05-16,4.0259,4.5872
2018-05-17,4.0582,4.5865
2018-05-18,3.9605,4.5856
2018-05-21,3.9427999999999996,4.5847999999999995
2018-05-22,3.9882,4.5838
2018-05-23,4.1186,4.5831
2018-05-24,4.204,4.5825
2018-05-25,4.2089,4.582
2018-05-28,4.2464,4.580900000000001
2018-05-29,4.2965,4.5804
2018-05-30,4.4902999999999995,4.5803
2018-05-31,4.318099999999999,4.5798
2018-06-01,4.3692,4.5789
2018-06-04,4.291799999999999,4.5775999999999994
2018-06-05,4.2377,4.5768
2018-06-06,4.2465,4.5762
2018-06-07,4.240200000000001,4.5757
2018-06-08,4.3551,4.575
2018-06-11,4.2539,4.5728
2018-06-12,4.1531,4.5714
2018-06-13,4.2014000000000005,4.5708
2018-06-14,4.2439,4.5703000000000005
2018-06-15,4.2865,4.5697
2018-06-19,4.5466,4.5693
2018-06-20,4.5433,4.5692
2018-06-21,4.6508,4.5694
2018-06-22,4.6305,4.5696
2018-06-25,4.7372,4.5699
2018-06-26,4.8317,4.5701
2018-06-27,4.979,4.5708
2018-06-28,5.080500000000001,4.5716
2018-06-29,4.9274,4.5717
2018-07-02,5.243600000000001,4.5716
2018-07-03,5.2084,4.5726
2018-07-04,5.2519,4.5737
2018-07-05,5.2751,4.5737
2018-07-06,5.208900000000001,4.5735
2018-07-09,4.9534,4.569999999999999
2018-07-10,4.9218,4.5705
2018-07-11,5.0807,4.5714
2018-07-12,4.8988,4.5697
2018-07-13,4.9474,4.5681
2018-07-16,5.037,4.5612
2018-07-17,5.1356,4.5621
2018-07-18,5.1655,4.5630999999999995
2018-07-19,5.1880999999999995,4.5613
2018-07-20,4.9718,4.5596
2018-07-23,4.859299999999999,4.5519
2018-07-24,4.7113000000000005,4.5522
2018-07-25,4.715,4.5524000000000004
2018-07-26,4.8082,4.5501
2018-07-27,4.8363000000000005,4.5470999999999995
2018-07-30,4.8493,4.5367
2018-07-31,4.8522,4.5372
2018-08-01,5.0543,4.5381
2018-08-02,5.243600000000001,4.5355
2018-08-03,5.3361,4.5334
2018-08-06,5.4347,4.5247
2018-08-07,5.158,4.5257
2018-08-08,5.2496,4.5268999999999995
2018-08-09,5.0533,4.5278
2018-08-10,5.0581000000000005,4.5286
2018-08-13,5.0881,4.5295000000000005
2018-08-14,5.1308,4.5305
2018-08-15,5.3147,4.5318
2018-08-16,5.334499999999999,4.5295000000000005
2018-08-17,5.398,4.5278
2018-08-20,5.2665999999999995,4.5198
2018-08-21,5.1406,4.5209
2018-08-22,5.2627,4.5221
2018-08-23,5.2689,4.5205
2018-08-24,5.2096,4.5188
2018-08-27,5.0684,4.5098
2018-08-28,5.1142,4.5107
2018-08-29,5.2116999999999996,4.5119
2018-08-30,5.3126,4.513199999999999
2018-08-31,5.4171,4.5146
2018-09-03,5.4316,4.5059000000000005
2018-09-04,5.3066,4.5043
2018-09-05,5.4758000000000004,4.5032000000000005
2018-09-06,5.5527,4.5049
2018-09-07,5.499099999999999,4.5065
2018-09-10,5.5807,4.5004
2018-09-11,5.5778,4.4992
2018-09-12,5.6197,4.498
2018-09-13,5.5196000000000005,4.4996
2018-09-14,5.5112000000000005,4.5013
2018-09-17,5.6164,4.494800000000001
2018-09-18,5.4458,4.4937
2018-09-19,5.3109,4.4927
2018-09-20,5.3109,4.494
2018-09-21,5.016,4.4949
2018-09-25,5.102799999999999,4.4871
2018-09-26,5.0308,4.4857000000000005
2018-09-27,5.073600000000001,4.4867
2018-09-28,4.9856,4.4875
2018-10-08,5.379,4.471
2018-10-09,5.3509,4.4700999999999995
2018-10-10,5.3628,4.4715
2018-10-11,5.7962,4.4737
2018-10-12,5.6493,4.4735
2018-10-15,5.7785,4.4695
2018-10-16,5.824,4.4698
2018-10-17,5.7809,4.472
2018-10-18,6.0539000000000005,4.4746
2018-10-19,5.7921,4.4747
2018-10-22,5.4353,4.4696
2018-10-23,5.6764,4.4693
2018-10-24,5.6721,4.4713
2018-10-25,5.6636,4.4732
2018-10-26,5.6836,4.4729
2018-10-29,5.9477,4.4683
2018-10-30,5.8762,4.4683
2018-10-31,5.904,4.4707
2018-11-01,5.8873,4.473
2018-11-02,5.5991,4.4748
2018-11-05,5.6736,4.4725
2018-11-06,5.7364,4.4724
2018-11-07,5.8171,4.472099999999999
2018-11-08,5.8445,4.4742999999999995
2018-11-09,6.0238,4.4768
2018-11-12,5.9429,4.4709
2018-11-13,5.8809000000000005,4.4705
2018-11-14,6.027699999999999,4.4703
2018-11-15,5.9509,4.472700000000001
2018-11-16,5.984500000000001,4.4752
2018-11-19,5.8707,4.4695
2018-11-20,6.0529,4.469399999999999
2018-11-21,6.034,4.4693
2018-11-22,6.0607,4.4719
2018-11-23,6.2232,4.4748
2018-11-26,6.2225,4.4697000000000005
2018-11-27,6.2312,4.4699
2018-11-28,6.159400000000001,4.4699
2018-11-29,6.2712,4.4729
2018-11-30,6.1785,4.4757
2018-12-03,5.945799999999999,4.4689
2018-12-04,5.9784,4.4693
2018-12-05,6.0309,4.4719
2018-12-06,6.2211,4.4747
2018-12-07,6.259399999999999,4.4756
2018-12-10,6.351800000000001,4.4744
2018-12-11,6.324599999999999,4.4774
2018-12-12,6.278499999999999,4.4803999999999995
2018-12-13,6.1118,4.4830000000000005
2018-12-14,6.217700000000001,4.4835
2018-12-17,6.0787,4.4791
2018-12-18,6.159400000000001,4.4794
2018-12-19,6.2912,4.4824
2018-12-20,6.416099999999999,4.4856
2018-12-21,6.4921999999999995,4.4865
2018-12-24,6.472799999999999,4.4829
2018-12-25,6.5409999999999995,4.4837
2018-12-26,6.5905000000000005,4.4872000000000005
2018-12-27,6.6701,4.4907
2018-12-28,6.6408,4.4918
2019-01-02,6.8604,4.4863
2019-01-03,6.8603,4.4902
2019-01-04,6.6722,4.4937
2019-01-07,6.6434999999999995,4.4909
2019-01-08,6.6925,4.4924
2019-01-09,6.6166,4.4936
2019-01-10,6.6447,4.4971
2019-01-11,6.578199999999999,4.500500000000001
2019-01-14,6.6639,4.4983
2019-01-15,6.5024999999999995,4.4997
2019-01-16,6.5332,4.5013
2019-01-17,6.5905000000000005,4.5047
2019-01-18,6.3857,4.5078
2019-01-21,6.3418,4.5051
2019-01-22,6.439400000000001,4.5062999999999995
2019-01-23,6.4194,4.5074000000000005
2019-01-24,6.3738,4.5104
2019-01-25,6.2829,4.5133
2019-01-28,6.2473,4.5104
2019-01-29,6.2121,4.5112
2019-01-30,6.285100000000001,4.5121
2019-01-31,6.181,4.5148
2019-02-01,6.0581000000000005,4.5173
2019-02-11,6.0092,4.5038
2019-02-12,5.968,4.5042
2019-02-13,5.7831,4.5046
2019-02-14,5.7889,4.5067
2019-02-15,5.968,4.5091
2019-02-18,5.6906,4.506600000000001
2019-02-19,5.6883,4.5069
2019-02-20,5.6373,4.5072
2019-02-21,5.6783,4.5092
2019-02-22,5.5155,4.510800000000001
2019-02-25,5.01,4.507
2019-02-26,5.0819,4.5064
2019-02-27,5.0745,4.5059000000000005
2019-02-28,5.0819,4.5068
2019-03-01,4.9169,4.5034
2019-03-04,4.828600000000001,4.501200000000001
2019-03-05,4.7828,4.5017000000000005
2019-03-06,4.7165,4.5007
2019-03-07,4.8228,4.499899999999999
2019-03-08,5.1942,4.4998000000000005
2019-03-11,5.060499999999999,4.4981
2019-03-12,5.0099,4.4990000000000006
2019-03-13,5.0976,4.4984
2019-03-14,5.1526000000000005,4.4979
2019-03-15,5.0705,4.4971
2019-03-18,4.8757,4.4978
2019-03-19,4.8850999999999996,4.4984
2019-03-20,4.9079999999999995,4.4975000000000005
2019-03-21,4.898000000000001,4.4965
2019-03-22,4.931,4.4955
2019-03-25,5.1613,4.4935
2019-03-26,5.2712,4.494800000000001
2019-03-27,5.1781,4.4941
2019-03-28,5.1813,4.4935
2019-03-29,4.92,4.4924
2019-04-01,4.6642,4.4892
2019-04-02,4.6303,4.489400000000001
2019-04-03,4.4642,4.489400000000001
2019-04-04,4.3461,4.4892
2019-04-08,4.332,4.4889
2019-04-09,4.332,4.4886
2019-04-10,4.2961,4.4883
2019-04-11,4.468,4.4867
2019-04-12,4.44,4.485
2019-04-15,4.4325,4.4802
2019-04-16,4.1930000000000005,4.479699999999999
2019-04-17,4.1458,4.4792
2019-04-18,4.2204,4.4771
2019-04-19,4.1686,4.4751
2019-04-22,4.308,4.47
2019-04-23,4.3219,4.4698
2019-04-24,4.3059,4.4695
2019-04-25,4.4689,4.4681999999999995
2019-04-26,4.6251,4.4670000000000005
2019-04-29,4.6345,4.4627
2019-04-30,4.73,4.4632
2019-05-06,5.2259,4.4558
2019-05-07,5.1943,4.457
2019-05-08,5.313,4.4567000000000005
2019-05-09,5.4883,4.4568
2019-05-10,5.2516,4.4565
2019-05-13,5.3681,4.4551
2019-05-14,5.4336,4.4567000000000005
2019-05-15,5.2490000000000006,4.4568
2019-05-16,5.2424,4.4568
2019-05-17,5.446,4.4572
2019-05-20,5.4566,4.4565
2019-05-21,5.3555,4.458
2019-05-22,5.3757,4.4584
2019-05-23,5.4783,4.459
2019-05-24,5.4651,4.4597
2019-05-27,5.3608,4.4592
2019-05-28,5.2756,4.4606
2019-05-29,5.3205,4.4612
2019-05-30,5.3606,4.462
2019-05-31,5.4108,4.4636000000000005
2019-06-03,5.4208,4.4633
2019-06-04,5.5042,4.4651000000000005
2019-06-05,5.5066,4.4668
2019-06-06,5.5583,4.4678
2019-06-10,5.4559999999999995,4.4670000000000005
2019-06-11,5.2424,4.4683
2019-06-12,5.2911,4.4696
2019-06-13,5.3159,4.4706
2019-06-14,5.3855,4.4716
2019-06-17,5.2262,4.4713
2019-06-18,5.2146,4.4726
2019-06-19,5.1293,4.473599999999999
2019-06-20,4.8899,4.4738
2019-06-21,4.9066,4.4741
2019-06-24,4.8667,4.4731
2019-06-25,4.9469,4.4739
2019-06-26,4.9505,4.4747
2019-06-27,4.8833,4.4746
2019-06-28,4.9033,4.4746
2019-07-01,4.74,4.4723
2019-07-02,4.7764,4.472799999999999
2019-07-03,4.881,4.4735
2019-07-04,4.9172,4.473400000000001
2019-07-05,4.881,4.4735
2019-07-08,5.0576,4.4735
2019-07-09,5.095000000000001,4.4745
2019-07-10,5.1364,4.4751
2019-07-11,5.1395,4.4757
2019-07-12,5.0745,4.476100000000001
2019-07-15,5.054,4.4759
2019-07-16,5.0881,4.476999999999999
2019-07-17,5.095000000000001,4.4775
2019-07-18,5.1642,4.4782
2019-07-19,5.115,4.4789
2019-07-22,5.1872,4.4794
2019-07-23,5.1664,4.4806
2019-07-24,5.0845,4.4813
2019-07-25,5.0437,4.482
2019-07-26,5.0302,4.4828
2019-07-29,5.0137,4.4837
2019-07-30,4.9833,4.4845999999999995
2019-07-31,5.0572,4.4855
2019-08-01,5.1356,4.4866
2019-08-02,5.2917,4.4879
2019-08-05,5.521100000000001,4.4896
2019-08-06,5.6006,4.4914000000000005
2019-08-07,5.6484,4.4934
2019-08-08,5.5706999999999995,4.4953
2019-08-09,5.6406,4.4974
2019-08-12,5.5043,4.4995
2019-08-13,5.6156,4.5013
2019-08-14,5.5685,4.5034
2019-08-15,5.5537,4.5055
2019-08-16,5.5833,4.5076
2019-08-19,5.4202,4.5097
2019-08-20,5.4346,4.5112
2019-08-21,5.4362,4.5131
2019-08-22,5.4018,4.515000000000001
2019-08-23,5.3902,4.5168
2019-08-26,5.5111,4.5192000000000005
2019-08-27,5.3731,4.5206
2019-08-28,5.4262,4.5222999999999995
2019-08-29,5.497,4.5239
2019-08-30,5.477,4.5254
2019-09-02,5.4162,4.5275
2019-09-03,5.4018,4.5291999999999994
2019-09-04,5.3233999999999995,4.5308
2019-09-05,5.2695,4.532
2019-09-06,5.258100000000001,4.5332
2019-09-09,5.1972,4.535200000000001
2019-09-10,5.214499999999999,4.5366
2019-09-11,5.2318999999999996,4.537999999999999
2019-09-12,5.1337,4.539
2019-09-16,5.1339999999999995,4.5409999999999995
2019-09-17,5.2482,4.5425
2019-09-18,5.2072,4.5438
2019-09-19,5.1795,4.5448
2019-09-20,5.1788,4.5458
2019-09-23,5.2793,4.5477
2019-09-24,5.2382,4.549
2019-09-25,5.2917,4.5504999999999995
2019-09-26,5.3246,4.5517
2019-09-27,5.3002,4.5529
2019-09-30,5.3724,4.5545
2019-10-08,5.349,4.557
2019-10-09,5.3474,4.5583
2019-10-10,5.2704,4.5595
2019-10-11,5.1664,4.560899999999999
2019-10-14,5.0472,4.5632
2019-10-15,5.0845,4.5645
2019-10-16,5.1088000000000005,4.5654
2019-10-17,5.1019000000000005,4.5663
2019-10-18,5.2134,4.5679
2019-10-21,5.1411999999999995,4.5701
2019-10-22,5.1103000000000005,4.5716
2019-10-23,5.1593,4.5725
2019-10-24,5.1522,4.5735
2019-10-25,5.115200000000001,4.5748999999999995
2019-10-28,5.0642,4.5774
2019-10-29,5.0975,4.5786
2019-10-30,5.1662,4.5795
2019-10-31,5.289,4.5807
2019-11-01,5.1874,4.5817
2019-11-04,5.110399999999999,4.5827
2019-11-05,5.0812,4.583600000000001
2019-11-06,5.1122,4.5846
2019-11-07,5.1022,4.5855
2019-11-08,5.1417,4.5864
2019-11-11,5.3263,4.588
2019-11-12,5.3016,4.5893999999999995
2019-11-13,5.331099999999999,4.591
2019-11-14,5.3211,4.5922
2019-11-15,5.3755999999999995,4.5935
2019-11-18,5.3563,4.5961
2019-11-19,5.2879000000000005,4.5975
2019-11-20,5.3911,4.5991
2019-11-21,5.4507,4.600499999999999
2019-11-22,5.4981,4.601999999999999
2019-11-25,5.4133000000000004,4.6049
2019-11-26,5.3811,4.6068999999999996
2019-11-27,5.4107,4.609
2019-11-28,5.457999999999999,4.6104
2019-11-29,5.536,4.6119
2019-12-02,5.4908,4.614999999999999
2019-12-03,5.4481,4.6171999999999995
2019-12-04,5.5032,4.6186
2019-12-05,5.433000000000001,4.6198999999999995
2019-12-06,5.3959,4.6219
2019-12-09,5.4107,4.6257
2019-12-10,5.4007,4.628
2019-12-11,5.3885000000000005,4.6293
2019-12-12,5.4307,4.6306
2019-12-13,5.2531,4.6327
2019-12-16,5.1064,4.6361
2019-12-17,4.9769,4.6375
2019-12-18,4.9805,4.638
2019-12-19,4.9872,4.638599999999999
2019-12-20,5.0008,4.64
2019-12-23,5.1512,4.6434999999999995
2019-12-24,5.1194999999999995,4.6454
2019-12-25,5.1364,4.6462
2019-12-26,5.107600000000001,4.6469000000000005
2019-12-27,5.0876,4.6489
2019-12-30,4.9765999999999995,4.6529
2019-12-31,4.9601,4.6533999999999995
2020-01-02,4.8421,4.655
2020-01-03,4.8486,4.6552999999999995
2020-01-06,4.8845,4.6594999999999995
2020-01-07,4.8392,4.6611
2020-01-08,4.9469,4.662800000000001
2020-01-09,4.8915,4.6632
2020-01-10,4.9051,4.6636
2020-01-13,4.8308,4.6678
2020-01-14,4.856400000000001,4.6696
2020-01-15,4.9115,4.6714
2020-01-16,4.9637,4.6719
2020-01-17,4.9472000000000005,4.6723
2020-01-20,4.9215,4.6772
2020-01-21,5.0766,4.6795
2020-01-22,5.0933,4.681699999999999
2020-01-23,5.3112,4.6828
2020-02-03,6.198,4.6992
2020-02-04,5.9674,4.703
2020-02-05,5.8618999999999994,4.7067
2020-02-06,5.7456,4.7084
2020-02-07,5.773,4.7101999999999995
2020-02-10,5.7932999999999995,4.7175
2020-02-11,5.6797,4.7209
2020-02-12,5.609,4.7239
2020-02-13,5.6597,4.7254
2020-02-14,5.589,4.7268
2020-02-17,5.3826,4.733
2020-02-18,5.4412,4.7359
2020-02-19,5.4312,4.7388
2020-02-20,5.2634,4.7397
2020-02-21,5.2299,4.7405
2020-02-24,5.346900000000001,4.7472
2020-02-25,5.4081,4.7502
2020-02-26,5.4672,4.7536000000000005
2020-02-27,5.4872,4.7548
2020-02-28,5.843,4.7566
2020-03-02,5.6274999999999995,4.7689
2020-03-03,5.5552,4.7702
2020-03-04,5.5633,4.7715
2020-03-05,5.4233,4.7745999999999995
2020-03-06,5.605,4.778099999999999
2020-03-09,5.947,4.786
2020-03-10,5.7263,4.7876
2020-03-11,5.799,4.7893
2020-03-12,5.9481,4.7931
2020-03-13,6.0213,4.7971
2020-03-16,6.2934,4.8055
2020-03-17,6.3244,4.808
2020-03-18,6.4620999999999995,4.8107
2020-03-19,6.5908999999999995,4.8156
2020-03-20,6.4751,4.8203000000000005
2020-03-23,6.8038,4.8297
2020-03-24,6.5664,4.8325
2020-03-25,6.338000000000001,4.835
2020-03-26,6.450799999999999,4.839799999999999
2020-03-27,6.4541,4.8445
2020-03-30,6.4912,4.8533
2020-03-31,6.5565999999999995,4.8561
2020-04-01,6.6007,4.859
2020-04-02,6.4275,4.8616
2020-04-03,6.5475,4.8644
2020-04-07,6.454699999999999,4.867
2020-04-08,6.5134,4.8697
2020-04-09,6.489000000000001,4.8723
2020-04-10,6.5262,4.8773
2020-04-13,6.5292,4.887
2020-04-14,6.3926,4.8918
2020-04-15,6.459,4.8944
2020-04-16,6.4609,4.8969
2020-04-17,6.3786,4.9018
2020-04-20,6.3089,4.9118
2020-04-21,6.3947,4.9167000000000005
2020-04-22,6.3586,4.9191
2020-04-23,6.4306,4.921600000000001
2020-04-24,6.458600000000001,4.926699999999999
2020-04-27,6.3768,4.9371
2020-04-28,6.345199999999999,4.9422
2020-04-29,6.2719,4.9444
2020-04-30,5.9862,4.9460999999999995
2020-05-06,5.9146,4.9611
2020-05-07,5.9134,4.9654
2020-05-08,5.8017,4.9696
2020-05-11,5.764600000000001,4.9796
2020-05-12,5.7787999999999995,4.9809
2020-05-13,5.7446,4.9821
2020-05-14,5.8006,4.9866
2020-05-15,5.8624,4.991099999999999
2020-05-18,5.8106,5.0014
2020-05-19,5.725899999999999,5.0026
2020-05-20,5.7818000000000005,5.0038
2020-05-21,5.8451,5.0084
2020-05-22,6.0932,5.0134
2020-05-25,6.0557,5.024900000000001
2020-05-26,5.9207,5.026400000000001
2020-05-27,5.9479999999999995,5.0279
2020-05-28,5.9281,5.0324
2020-05-29,5.9107,5.036899999999999
2020-06-01,5.7017,5.0438
2020-06-02,5.6163,5.0475
2020-06-03,5.5693,5.0484
2020-06-04,5.5604000000000005,5.0492
2020-06-05,5.498200000000001,5.0528
2020-06-08,5.4733,5.061999999999999
2020-06-09,5.428100000000001,5.0653999999999995
2020-06-10,5.4556000000000004,5.066
2020-06-11,5.5893,5.0668999999999995
2020-06-12,5.5922,5.0708
2020-06-15,5.5893,5.0807
2020-06-16,5.425,5.084099999999999
2020-06-17,5.395,5.0846
2020-06-18,5.344,5.085
2020-06-19,5.24,5.0881
2020-06-22,5.2299999999999995,5.0975
2020-06-23,5.1801,5.1007
2020-06-24,5.1641,5.1008
2020-06-29,5.2367,5.1133
2020-06-30,5.1775,5.1165
2020-07-01,5.0402000000000005,5.1164000000000005
2020-07-02,4.8619,5.116
2020-07-03,4.661499999999999,5.1186
2020-07-06,4.0929,5.1273
2020-07-07,4.0374,5.125500000000001
2020-07-08,3.9074999999999998,5.1234
2020-07-09,3.7596,5.1247
2020-07-10,3.9974000000000003,5.126399999999999
2020-07-13,3.8528,5.1354999999999995
2020-07-14,3.9471,5.1336
2020-07-15,4.1036,5.1319
2020-07-16,4.4563,5.134600000000001
2020-07-17,4.4183,5.1374
2020-07-20,4.2974,5.1485
2020-07-21,4.306900000000001,5.1471
2020-07-22,4.3059,5.145700000000001
2020-07-23,4.3369,5.1487
2020-07-24,4.6586,5.1524
2020-07-27,4.6145,5.1646
2020-07-28,4.5438,5.1636
2020-07-29,4.3652999999999995,5.1623
2020-07-30,4.413799999999999,5.165299999999999
2020-07-31,4.3453,5.1681
2020-08-03,4.2498000000000005,5.1792
2020-08-04,4.2238999999999995,5.1776
2020-08-05,4.2242,5.176
2020-08-06,4.2194,5.1788
2020-08-07,4.2727,5.1813
2020-08-10,4.2354,5.1898
2020-08-11,4.3133,5.1883
2020-08-12,4.3514,5.1869
2020-08-13,4.3829,5.1886
2020-08-14,4.2811,5.1903
2020-08-17,4.1271,5.1918
2020-08-18,4.0921,5.1899
2020-08-19,4.1636,5.1883
2020-08-20,4.267399999999999,5.1867
2020-08-21,4.2154,5.1852
2020-08-24,4.1839,5.1905
2020-08-25,4.1339,5.1888
2020-08-26,4.1916,5.1871
2020-08-27,4.1554,5.189
2020-08-28,4.0833,5.1906
2020-08-31,3.8704,5.1885
2020-09-01,3.8371000000000004,5.1895
2020-09-02,3.7918,5.1903999999999995
2020-09-03,3.8,5.1914
2020-09-04,3.8629999999999995,5.1892000000000005
2020-09-07,3.9475999999999996,5.1937
2020-09-08,3.9221,5.1948
2020-09-09,4.105,5.196400000000001
2020-09-10,4.105,5.1979
2020-09-11,4.0182,5.196
2020-09-14,3.9627000000000003,5.200699999999999
2020-09-15,3.9472,5.2019
2020-09-16,3.9725,5.2032
2020-09-17,4.0182,5.2045
2020-09-18,3.8678999999999997,5.2023
2020-09-21,3.9571,5.2067000000000005
2020-09-22,4.0429,5.2079
2020-09-23,4.0076,5.208900000000001
2020-09-24,4.1564,5.2097999999999995
2020-09-25,4.1159,5.208
2020-09-28,4.0798000000000005,5.2111
2020-09-29,4.0594,5.2115
2020-09-30,4.0498,5.212
2020-10-09,3.8922,5.2192
2020-10-12,3.6666,5.2239
2020-10-13,3.6771,5.2238
2020-10-14,3.7052,5.223599999999999
2020-10-15,3.6952,5.2211
2020-10-16,3.6856,5.2186
2020-10-19,3.7344000000000004,5.2218
2020-10-20,3.7396,5.2211
2020-10-21,3.7252,5.2203
2020-10-22,3.7744,5.2179
2020-10-23,3.8174,5.2156
2020-10-26,3.8670999999999998,5.219
2020-10-27,3.8971,5.2186
2020-10-28,3.8821000000000003,5.2181
2020-10-29,3.9376,5.2158999999999995
2020-10-30,3.9939,5.2139
2020-11-02,3.9732999999999996,5.2119
2020-11-03,3.8871,5.2113
2020-11-04,3.8623,5.2106
2020-11-05,3.7641,5.2097999999999995
2020-11-06,3.7441000000000004,5.2074
2020-11-09,3.5953,5.2082999999999995
2020-11-10,3.6186999999999996,5.207599999999999
2020-11-11,3.6661,5.207
2020-11-12,3.6555999999999997,5.2064
2020-11-13,3.723,5.2039
2020-11-16,3.6352,5.2054
2020-11-17,3.6448,5.2048
2020-11-18,3.6052,5.2040999999999995
2020-11-19,3.5423000000000004,5.203399999999999
2020-11-20,3.5381000000000005,5.2006
2020-11-23,3.4896999999999996,5.2019
2020-11-24,3.5013,5.2009
2020-11-25,3.5818000000000003,5.1998999999999995
2020-11-26,3.5629,5.1988
2020-11-27,3.4558999999999997,5.196
2020-11-30,3.5180999999999996,5.1962
2020-12-01,3.3667000000000002,5.195799999999999
2020-12-02,3.3655999999999997,5.1942
2020-12-03,3.3689999999999998,5.1912
2020-12-04,3.3890000000000002,5.1882
2020-12-07,3.4568000000000003,5.19
2020-12-08,3.4943,5.1887
2020-12-09,3.5587,5.1874
2020-12-10,3.5781,5.1848
2020-12-11,3.6104,5.1822
2020-12-14,3.3522000000000003,5.183999999999999
2020-12-15,3.3622,5.1826
2020-12-16,3.3534,5.181100000000001
2020-12-17,3.2788999999999997,5.1779
2020-12-18,3.2906999999999997,5.1749
2020-12-21,3.2488,5.1738
2020-12-22,3.3922,5.1716999999999995
2020-12-23,3.3649999999999998,5.1696
2020-12-24,3.3537999999999997,5.1667
2020-12-25,3.3259999999999996,5.1637
2020-12-28,3.3301999999999996,5.1622
2020-12-29,3.3603,5.1594
2020-12-30,3.3077,5.1567
2020-12-31,3.1857,5.153499999999999
2021-01-04,3.1130999999999998,5.149900000000001
2021-01-05,3.0383,5.1463
2021-01-06,2.9867,5.1425
2021-01-07,2.889,5.1387
2021-01-08,2.8901,5.135
2021-01-11,2.9801,5.1322
2021-01-12,2.8251999999999997,5.1285
2021-01-13,2.8724,5.1251
2021-01-14,2.9537999999999998,5.1219
2021-01-15,2.97,5.1183
2021-01-18,2.8952999999999998,5.1148
2021-01-19,2.9625,5.1112
2021-01-20,2.9362,5.1075
2021-01-21,2.8813999999999997,5.104100000000001
2021-01-22,2.8933,5.1005
2021-01-25,2.866,5.0978
2021-01-26,2.9287,5.0949
2021-01-27,2.9238,5.0918
2021-01-28,3.04,5.0889
2021-01-29,3.0396,5.0855
2021-02-01,3.0212,5.0828999999999995
2021-02-02,2.9387,5.0794
2021-02-03,2.9452,5.075699999999999
2021-02-04,2.9749999999999996,5.0718
2021-02-05,2.942,5.0683
2021-02-08,2.8737,5.064
2021-02-09,2.7496,5.0599
2021-02-10,2.6258,5.0559
2021-02-18,2.6002,5.0502
2021-02-19,2.6297,5.0462
2021-02-22,2.7477,5.0419
2021-02-23,2.7759,5.0378
2021-02-24,2.9396,5.0339
2021-02-25,2.8601,5.029999999999999
2021-02-26,3.0112,5.0267
2021-03-01,2.9899999999999998,5.0217
2021-03-02,3.0771,5.0184
2021-03-03,2.9335,5.015
2021-03-04,3.1035,5.0111
2021-03-05,3.1035,5.0075
2021-03-08,3.3103000000000002,5.002199999999999
2021-03-09,3.4379,4.9996
2021-03-10,3.4299999999999997,4.997
2021-03-11,3.2817,4.9932
2021-03-12,3.2547,4.9893
2021-03-15,3.3480999999999996,4.9838000000000005
2021-03-16,3.2960000000000003,4.981
2021-03-17,3.2874,4.9782
2021-03-18,3.2589,4.9743
2021-03-19,3.4389999999999996,4.971
2021-03-22,3.3869000000000002,4.9671
2021-03-23,3.4445000000000006,4.9646
2021-03-24,3.5651,4.9623
2021-03-25,3.5981,4.96
2021-03-26,3.4756,4.9574
2021-03-29,3.5559,4.9547
2021-03-30,3.5249,4.9523
2021-03-31,3.6446,4.9501
2021-04-01,3.5843,4.947900000000001
2021-04-02,3.5340000000000003,4.9456
2021-04-06,3.5322,4.9432
2021-04-07,3.5688999999999997,4.941
2021-04-08,3.5497,4.9387
2021-04-09,3.6481,4.9359
2021-04-12,3.7685999999999997,4.9311
2021-04-13,3.8132,4.9281
2021-04-14,3.7648,4.9262
2021-04-15,3.8279,4.9244
2021-04-16,3.8035,4.9212
2021-04-19,3.6893000000000002,4.9144
2021-04-20,3.7034,4.9109
2021-04-21,3.6987,4.909
2021-04-22,3.7366,4.907
2021-04-23,3.6981,4.9042
2021-04-26,3.7638,4.8985
2021-04-27,3.7881,4.8953999999999995
2021-04-28,3.7685999999999997,4.8936
2021-04-29,3.8821000000000003,4.8919
2021-04-30,4.2164,4.8891
2021-05-06,4.3071,4.8807
2021-05-07,4.3645000000000005,4.8784
2021-05-10,4.3631,4.8725
2021-05-11,4.3338,4.8716
2021-05-12,4.3049,4.8707
2021-05-13,4.3675,4.8681
2021-05-14,4.2229,4.8654
2021-05-17,4.1122,4.8585
2021-05-18,4.116899999999999,4.8572999999999995
2021-05-19,4.1633000000000004,4.8562
2021-05-20,4.1574,4.8533
2021-05-21,4.2568,4.8504
2021-05-24,4.229900000000001,4.8431
2021-05-25,4.0273,4.8418
2021-05-26,4.027200000000001,4.840400000000001
2021-05-27,4.0022,4.8368
2021-05-28,4.0022,4.8331
2021-05-31,4.0172,4.8272
2021-06-01,4.0022,4.8236
2021-06-02,4.0378,4.8223
2021-06-03,4.0788,4.821000000000001
2021-06-04,4.038,4.8179
2021-06-07,4.0280000000000005,4.8104000000000005
2021-06-08,4.0742,4.8067
2021-06-09,4.0639,4.8055
2021-06-10,4.038,4.8042
2021-06-11,4.0694,4.8004999999999995
2021-06-15,3.8974,4.7895
2021-06-16,3.9925,4.7882
2021-06-17,3.9774,4.7869
2021-06-18,3.9925,4.7834
2021-06-21,4.0378,4.7747
2021-06-22,3.9922,4.7706
2021-06-23,3.9771,4.7692
2021-06-24,3.9621999999999997,4.7679
2021-06-25,3.8593,4.763599999999999
2021-06-28,3.8444,4.753
2021-06-29,3.9325,4.7485
2021-06-30,3.9031999999999996,4.7471
2021-07-01,3.8784,4.7456
2021-07-02,4.0631,4.7445
2021-07-05,4.0478,4.7332
2021-07-06,4.0529,4.7321
2021-07-07,4.0172,4.7309
2021-07-08,4.1685,4.7268
2021-07-09,4.1694,4.7226
2021-07-12,4.1778,4.7124
2021-07-13,4.1876,4.7115
2021-07-14,4.259799999999999,4.7108
2021-07-15,4.1778,4.7067
2021-07-16,4.259799999999999,4.703
2021-07-19,4.2294,4.693300000000001
2021-07-20,4.2498000000000005,4.6925
2021-07-21,4.2385,4.6918
2021-07-22,4.208,4.6883
2021-07-23,4.2898,4.6847
2021-07-26,4.5449,4.6762
2021-07-27,4.7646,4.6762999999999995
2021-07-28,4.737,4.6764
2021-07-29,4.6586,4.6738
2021-07-30,4.772,4.6715
2021-08-02,4.631600000000001,4.6639
2021-08-03,4.6183000000000005,4.6639
2021-08-04,4.5629,4.6636999999999995
2021-08-05,4.6270999999999995,4.6636
2021-08-06,4.670599999999999,4.6636
2021-08-09,4.5319,4.6634
2021-08-10,4.4514,4.6631
2021-08-11,4.4629,4.662800000000001
2021-08-12,4.5264,4.660299999999999
2021-08-13,4.5549,4.658
2021-08-16,4.5671,4.652
2021-08-17,4.7146,4.6521
2021-08-18,4.6631,4.6521
2021-08-19,4.7143,4.6506
2021-08-20,4.8423,4.6491999999999996
2021-08-23,4.7404,4.6446000000000005
2021-08-24,4.6772,4.6446000000000005
2021-08-25,4.681500000000001,4.6447
2021-08-26,4.7946,4.6444
2021-08-27,4.806,4.6439
2021-08-30,5.076499999999999,4.6439
2021-08-31,5.1979999999999995,4.6448
2021-09-01,5.1128,4.6449
2021-09-02,5.096500000000001,4.6452
2021-09-03,5.1281,4.6459
2021-09-06,5.0031,4.646
2021-09-07,4.8919,4.6463
2021-09-08,4.9,4.6464
2021-09-09,4.8719,4.6459
2021-09-10,4.8242,4.6462
2021-09-13,4.8142,4.6452
2021-09-14,4.9286,4.6449
2021-09-15,4.9864,4.6446000000000005
2021-09-16,5.0845,4.6447
2021-09-17,5.0339,4.6453
2021-09-22,5.0918,4.6444
2021-09-23,5.0539000000000005,4.6446000000000005
2021-09-24,5.0791,4.6453
2021-09-27,5.0314,4.6441
2021-09-28,5.0001999999999995,4.6438
2021-09-29,5.0881,4.6436
2021-09-30,5.0602,4.6439
2021-10-08,4.9209000000000005,4.6451
2021-10-11,4.8525,4.6471
2021-10-12,4.9327000000000005,4.6478
2021-10-13,4.867,4.6485
2021-10-14,4.914000000000001,4.649
2021-10-15,4.8469999999999995,4.6493
2021-10-18,4.8714,4.6516
2021-10-19,4.8209,4.6526
2021-10-20,4.8454999999999995,4.653700000000001
2021-10-21,4.8547,4.654
2021-10-22,4.8103,4.6543
2021-10-25,4.786,4.6562
2021-10-26,4.8325,4.6568
2021-10-27,4.943899999999999,4.6573
2021-10-28,5.0200000000000005,4.657900000000001
2021-10-29,4.9127,4.6583
2021-11-01,5.0951,4.659
2021-11-02,5.2001,4.6599
2021-11-03,5.2299,4.6608
2021-11-04,5.1672,4.6616
2021-11-05,5.25,4.6626
2021-11-08,5.2333,4.6617
2021-11-09,5.2333,4.6616
2021-11-10,5.28,4.6613
2021-11-11,5.131,4.6611
2021-11-12,5.1572,4.6619
2021-11-15,5.1803,4.660299999999999
2021-11-16,5.1737,4.6602
2021-11-17,5.1672,4.6601
2021-11-18,5.2433,4.6597
2021-11-19,5.1475,4.6605
2021-11-22,5.1251,4.658799999999999
2021-11-23,5.1186,4.6584
2021-11-24,5.1257,4.657900000000001
2021-11-25,5.1745,4.6574
2021-11-26,5.2535,4.6583
2021-11-29,5.2833,4.6572000000000005
2021-11-30,5.2933,4.6572000000000005
2021-12-01,5.2501,4.6557
2021-12-02,5.2036999999999995,4.6566
2021-12-03,5.1286,4.6574
2021-12-06,5.2151000000000005,4.6543
2021-12-07,5.1464,4.6536
2021-12-08,5.045100000000001,4.6543
2021-12-09,4.9282,4.6547
2021-12-10,4.9747,4.655200000000001
2021-12-13,4.4286,4.6515
2021-12-14,4.492100000000001,4.6502
2021-12-15,4.546399999999999,4.6488000000000005
2021-12-16,4.4729,4.6485
2021-12-17,4.595599999999999,4.6484
2021-12-20,4.6722,4.6457999999999995
2021-12-21,4.6166,4.6454
2021-12-22,4.6392999999999995,4.6449
2021-12-23,4.612,4.6449
2021-12-24,4.644,4.6449
2021-12-27,4.6616,4.6434999999999995
2021-12-28,4.621,4.6431000000000004
2021-12-29,4.7412,4.642799999999999
2021-12-30,4.7169,4.643
2021-12-31,4.6874,4.643
2022-01-04,4.696899999999999,4.6424
2022-01-05,4.7366,4.6421
2022-01-06,4.784,4.641900000000001
2022-01-07,4.7627999999999995,4.6421
2022-01-10,4.747,4.6409
2022-01-11,4.8244,4.6403
2022-01-12,4.7684999999999995,4.6397
2022-01-13,4.8705,4.6394
2022-01-14,4.957000000000001,4.6399
2022-01-17,4.925,4.639
2022-01-18,4.8653,4.638599999999999
2022-01-19,4.9463,4.6382
2022-01-20,4.8888,4.637899999999999
2022-01-21,4.9712,4.6384
2022-01-24,4.9893,4.6372
2022-01-25,5.1836,4.6373999999999995
2022-01-26,5.0703,4.6373999999999995
2022-01-27,5.1905,4.637700000000001
2022-01-28,5.3086,4.6388
2022-02-07,5.1482,4.6328000000000005
2022-02-08,5.1432,4.632
2022-02-09,5.069599999999999,4.6311
2022-02-10,5.0849,4.6302
2022-02-11,5.0565999999999995,4.6309000000000005
2022-02-14,5.1498,4.6287
2022-02-16,5.065,4.6263
2022-02-17,5.0708,4.6255
2022-02-18,5.0137,4.626099999999999
2022-02-21,5.0075,4.624099999999999
2022-02-22,5.0847999999999995,4.6235
2022-02-23,5.0514,4.623
2022-02-24,5.2161,4.6227
2022-02-25,5.1748,4.6236
2022-02-28,5.1534,4.6217
2022-03-01,5.0668999999999995,4.6183000000000005
2022-03-02,5.1031,4.6191
2022-03-03,5.1185,4.6186
2022-03-04,5.2225,4.6183000000000005
2022-03-07,5.4389,4.6163
2022-03-08,5.6011,4.618
2022-03-09,5.6657,4.6197
2022-03-10,5.5669,4.6203
2022-03-11,5.6041,4.621
2022-03-14,5.9027,4.6212
2022-03-15,6.2725,4.6240000000000006
2022-03-16,5.9703,4.6262
2022-03-17,5.8255,4.6273
2022-03-18,5.7164,4.6281
2022-03-21,5.7263,4.6270999999999995
2022-03-22,5.6847,4.6289
2022-03-23,5.6514,4.6306
2022-03-24,5.715,4.6313
2022-03-25,5.8405,4.632300000000001
2022-03-28,5.8556,4.630999999999999
2022-03-29,5.8707,4.633
2022-03-30,5.7120999999999995,4.6348
2022-03-31,5.699400000000001,4.6366
2022-04-01,5.6301,4.6370000000000005
2022-04-06,5.6422,4.6387
2022-04-07,5.7626,4.6405
2022-04-08,5.7014000000000005,4.6423
2022-04-11,5.9075999999999995,4.641
2022-04-12,5.7715000000000005,4.642
2022-04-13,5.836,4.644
2022-04-14,5.7456,4.6457999999999995
2022-04-15,5.7593,4.6469000000000005
2022-04-18,5.7905,4.6466
2022-04-19,5.8231,4.647600000000001
2022-04-20,5.9308,4.649699999999999
2022-04-21,6.077500000000001,4.6521
2022-04-22,6.0138,4.6535
2022-04-25,6.4567,4.6541
2022-04-26,6.5271,4.6564000000000005
2022-04-27,6.3406,4.6592
2022-04-28,6.2895,4.6618
2022-04-29,6.066599999999999,4.6635
2022-05-05,6.1559,4.6618
2022-05-06,6.3696,4.6639
2022-05-09,6.432799999999999,4.6646
2022-05-10,6.376600000000001,4.6674
2022-05-11,6.2572,4.6701
2022-05-12,6.294099999999999,4.6717
2022-05-13,6.2138,4.6732000000000005
2022-05-16,6.2748,4.6725
2022-05-17,6.1831,4.675
2022-05-18,6.2238,4.6776
2022-05-19,6.2104,4.679
2022-05-20,6.049,4.6802
2022-05-23,6.1095999999999995,4.678800000000001
2022-05-24,6.2832,4.6814
2022-05-25,6.2386,4.684
2022-05-26,6.2601,4.6854
2022-05-27,6.2338,4.6868
2022-05-30,6.177499999999999,4.6854
2022-06-01,6.0366,4.6877
2022-06-02,6.0197,4.689900000000001
2022-06-06,5.8824000000000005,4.6867
2022-06-07,5.8697,4.6875
2022-06-08,5.7833000000000006,4.689299999999999
2022-06-09,5.853,4.6912
2022-06-10,5.724,4.6917
2022-06-13,5.722,4.689900000000001
2022-06-14,5.6312,4.6905
2022-06-15,5.527200000000001,4.6919
2022-06-16,5.6129,4.6934
2022-06-17,5.5262,4.6941
2022-06-20,5.5482,4.6941
2022-06-21,5.5442,4.695
2022-06-22,5.6591000000000005,4.6966
2022-06-23,5.520499999999999,4.698
2022-06-24,5.4357999999999995,4.6983999999999995
2022-06-27,5.3256,4.6974
2022-06-28,5.2569,4.6977
2022-06-29,5.3552,4.6988
2022-06-30,5.2885,4.6997
2022-07-01,5.3136,4.6998999999999995
2022-07-04,5.246300000000001,4.7003
2022-07-08,5.385,4.7009
2022-07-11,5.5282,4.7012
2022-07-12,5.6129,4.7027
2022-07-13,5.6159,4.7042
2022-07-14,5.6524,4.7056000000000004
2022-07-15,5.8073,4.7072
2022-07-18,5.7119,4.7077
2022-07-19,5.744,4.7094
2022-07-20,5.7176,4.7111
2022-07-21,5.822900000000001,4.7126
2022-07-22,5.797499999999999,4.7138
2022-07-25,5.8386000000000005,4.7141
2022-07-26,5.7937,4.7158999999999995
2022-07-27,5.8456,4.7177
2022-07-28,5.8326,4.7196
2022-07-29,5.9683,4.7217
2022-08-01,5.9608,4.7237
2022-08-02,6.122199999999999,4.726
2022-08-03,6.2015,4.7285
2022-08-04,6.1262,4.7283
2022-08-05,6.0142,4.7284
2022-08-08,6.0206,4.725300000000001
2022-08-09,6.0042,4.727399999999999
2022-08-10,6.0966,4.7296
2022-08-11,5.928599999999999,4.7299
2022-08-12,5.9397,4.7303
2022-08-15,6.0344,4.728000000000001
2022-08-16,6.1019,4.7303
2022-08-17,6.018,4.7324
2022-08-18,6.1109,4.7336
2022-08-19,6.1552999999999995,4.7348
2022-08-22,6.0926,4.7342
2022-08-23,6.1226,4.7364999999999995
2022-08-24,6.2915,4.7391000000000005
2022-08-25,6.1864,4.7405
2022-08-26,6.2396,4.7418000000000005
2022-08-29,6.330900000000001,4.7402
2022-08-30,6.357,4.7429
2022-08-31,6.4154,4.7456
2022-09-01,6.485399999999999,4.7485
2022-09-02,6.5337000000000005,4.7514
2022-09-05,6.5303,4.750299999999999
2022-09-06,6.4665,4.752
2022-09-07,6.4552,4.7534
2022-09-08,6.474100000000001,4.7562
2022-09-09,6.35,4.7588
2022-09-13,6.317699999999999,4.7542
2022-09-14,6.4024,4.7548
2022-09-15,6.4514000000000005,4.7576
2022-09-16,6.6518,4.7607
2022-09-19,6.6528,4.7559
2022-09-20,6.6678,4.7561
2022-09-21,6.7077,4.7564
2022-09-22,6.748899999999999,4.7597000000000005
2022-09-23,6.726999999999999,4.763
2022-09-26,6.7837,4.7573
2022-09-27,6.673500000000001,4.7577
2022-09-28,6.758699999999999,4.7581999999999995
2022-09-29,6.7648,4.7615
2022-09-30,6.7841,4.7649
2022-10-10,6.957199999999999,4.7452000000000005
2022-10-11,6.944699999999999,4.7459
2022-10-12,6.825699999999999,4.7494000000000005
2022-10-13,6.9272,4.753
2022-10-14,6.7807,4.7534
2022-10-17,6.7977,4.7484
2022-10-18,6.822,4.7492
2022-10-19,6.9482,4.7528
2022-10-20,6.9627,4.7565
2022-10-21,7.0131,4.7577
2022-10-24,7.283,4.7537
2022-10-25,7.2911,4.7551000000000005
2022-10-26,7.2242,4.7592
2022-10-27,7.287000000000001,4.7634
2022-10-28,7.581499999999999,4.7654000000000005
2022-10-31,7.7458,4.7652
2022-11-01,7.433199999999999,4.767600000000001
2022-11-02,7.314,4.771800000000001
2022-11-03,7.3906,4.7762
2022-11-04,7.0859000000000005,4.78
2022-11-07,7.0727,4.7819
2022-11-08,7.1188,4.7839
2022-11-09,7.206600000000001,4.786300000000001
2022-11-10,7.2501,4.7903
2022-11-11,6.991600000000001,4.7940000000000005
2022-11-14,6.8692,4.7926
2022-11-15,6.7334000000000005,4.794099999999999
2022-11-16,6.7839,4.7957
2022-11-17,6.8425,4.7989999999999995
2022-11-18,6.8707,4.8025
2022-11-21,6.9497,4.8012
2022-11-22,6.8746,4.8029
2022-11-23,6.8653,4.8042
2022-11-24,6.933599999999999,4.8077000000000005
2022-11-25,6.7972,4.811
2022-11-28,6.875100000000001,4.808599999999999
2022-11-29,6.569700000000001,4.8097
2022-11-30,6.526700000000001,4.8107
2022-12-01,6.476500000000001,4.813400000000001
2022-12-02,6.543699999999999,4.8148
2022-12-05,6.3137,4.8134999999999994
2022-12-06,6.2481,4.8148
2022-12-07,6.3283000000000005,4.8173
2022-12-08,6.356299999999999,4.8198
2022-12-09,6.2532000000000005,4.8210999999999995
2022-12-12,6.3223,4.8202
2022-12-13,6.3163,4.8214
2022-12-14,6.3427,4.824
2022-12-15,6.3458,4.8265
2022-12-16,6.325699999999999,4.8277
2022-12-19,6.5013000000000005,4.8277
2022-12-20,6.633,4.83
2022-12-21,6.629899999999999,4.833
2022-12-22,6.625699999999999,4.8359
2022-12-23,6.6488000000000005,4.8383
2022-12-26,6.6207,4.8401
2022-12-27,6.4855,4.8429
2022-12-28,6.5082,4.8456
2022-12-29,6.5807,4.8485
2022-12-30,6.5619,4.8506
2023-01-03,6.5017000000000005,4.8525
2023-01-04,6.482499999999999,4.8555
2023-01-05,6.3376,4.858
2023-01-06,6.286700000000001,4.8603
2023-01-09,6.2221,4.8668000000000005
2023-01-10,6.2064,4.8708
2023-01-11,6.2001,4.8744000000000005
2023-01-12,6.1762,4.8766
2023-01-13,6.0457,4.8785
2023-01-16,5.934699999999999,4.8848
2023-01-17,5.9806,4.8873
2023-01-18,5.9716,4.8899
2023-01-19,5.9329,4.8916
2023-01-20,5.8631,4.8932
2023-01-30,5.8616,4.901
2023-01-31,5.944,4.9035
2023-02-01,5.8558,4.9061
2023-02-02,5.8881000000000006,4.9077
2023-02-03,5.961799999999999,4.9094999999999995
2023-02-06,6.0718000000000005,4.9148
2023-02-07,6.0667,4.9179
2023-02-08,6.105300000000001,4.9209000000000005
2023-02-09,6.0037,4.9227
2023-02-10,6.0356,4.9246
2023-02-13,5.981800000000001,4.929399999999999
2023-02-14,5.970000000000001,4.932099999999999
2023-02-15,6.0116000000000005,4.935
2023-02-16,6.0456,4.9368
2023-02-17,6.1572000000000005,4.9388000000000005
2023-02-20,5.9077,4.944500000000001
2023-02-21,5.8803,4.9472000000000005
2023-02-22,5.9608,4.9501
2023-02-23,5.9637,4.9517999999999995
2023-02-24,6.0548,4.9536
2023-02-27,6.085100000000001,4.9594
2023-02-28,6.022600000000001,4.9625
2023-03-01,5.8903,4.9674000000000005
2023-03-02,5.8891,4.9708000000000006
2023-03-03,5.8186,4.9742
2023-03-06,5.8831,4.9795
2023-03-07,5.9809,4.9812
2023-03-08,6.0017000000000005,4.9846
2023-03-09,6.0216,4.9881
2023-03-10,6.1692,4.9916
2023-03-13,6.0366,4.9964
2023-03-14,6.097799999999999,4.9983
2023-03-15,6.070600000000001,5.0018
2023-03-16,6.135,5.0055000000000005
2023-03-17,6.0685,5.009
2023-03-20,6.1370000000000005,5.0144
2023-03-21,6.0736,5.0161999999999995
2023-03-22,6.027699999999999,5.0196
2023-03-23,5.9343,5.0228
2023-03-24,5.9811000000000005,5.0261
2023-03-27,6.0626,5.0308
2023-03-28,6.0536,5.0325
2023-03-29,6.054600000000001,5.0358
2023-03-30,5.9941,5.039
2023-03-31,6.0011,5.0405999999999995
2023-04-03,5.9053,5.0437
2023-04-04,5.8328,5.045
2023-04-06,5.8394,5.0464
2023-04-07,5.8136,5.0476
2023-04-10,5.8307,5.0508
2023-04-11,5.868799999999999,5.0522
2023-04-12,5.8426,5.0535
2023-04-13,5.8724,5.0572
2023-04-14,5.8025,5.0607
2023-04-17,5.629,5.0684
2023-04-18,5.5584,5.0692
2023-04-19,5.6308,5.0701
2023-04-20,5.6298,5.0733
2023-04-21,5.8055,5.0767
2023-04-24,5.8728,5.0845
2023-04-25,5.9053,5.0859000000000005
2023-04-26,5.9496,5.0873
2023-04-27,5.9566,5.0907
2023-04-28,5.9193999999999996,5.0941
2023-05-04,5.8705,5.1049999999999995
2023-05-05,5.9270000000000005,5.1085
2023-05-08,5.7146,5.114
2023-05-09,5.8389999999999995,5.115200000000001
2023-05-10,5.9387,5.1191
2023-05-11,6.0206,5.1231
2023-05-12,6.1147,5.1272
2023-05-15,5.9994,5.1334
2023-05-16,6.059,5.1349
2023-05-17,6.112900000000001,5.1391
2023-05-18,6.0689,5.1431
2023-05-19,6.1188,5.1472999999999995
2023-05-22,6.0741000000000005,5.1541999999999994
2023-05-23,6.2404,5.156000000000001
2023-05-24,6.3872,5.1608
2023-05-25,6.4093,5.1656
2023-05-26,6.3704,5.1703
2023-05-29,6.3794,5.1777999999999995
2023-05-30,6.366199999999999,5.179799999999999
2023-05-31,6.4641,5.1819999999999995
2023-06-01,6.4333,5.1868
2023-06-02,6.3302,5.1917
2023-06-05,6.340800000000001,5.2027
2023-06-06,6.4083000000000006,5.2047
2023-06-07,6.4414,5.2068
2023-06-08,6.3431,5.211600000000001
2023-06-09,6.306399999999999,5.2162
2023-06-12,6.3386,5.226299999999999
2023-06-13,6.370099999999999,5.2282
2023-06-14,6.407499999999999,5.2301
2023-06-15,6.264500000000001,5.235
2023-06-16,6.194800000000001,5.2397
2023-06-19,6.241,5.251
2023-06-20,6.3016000000000005,5.2528
2023-06-21,6.4208,5.254700000000001
2023-06-26,6.5404,5.2729
2023-06-27,6.4399,5.2748
2023-06-28,6.459,5.276800000000001
2023-06-29,6.504899999999999,5.2821
2023-06-30,6.480700000000001,5.2873
2023-07-03,6.3445,5.2959
2023-07-04,6.337,5.2976
2023-07-05,6.4178,5.303100000000001
2023-07-06,6.4766,5.3088999999999995
2023-07-07,6.508799999999999,5.3147
2023-07-10,6.4838000000000005,5.3248
2023-07-11,6.439100000000001,5.3266
2023-07-12,6.4946,5.3325
2023-07-13,6.351500000000001,5.3384
2023-07-14,6.3484,5.344200000000001
2023-07-17,6.4628000000000005,5.354
2023-07-18,6.517399999999999,5.3559
2023-07-19,6.5175,5.362
2023-07-20,6.5866999999999996,5.367999999999999
2023-07-21,6.608700000000001,5.374099999999999
2023-07-24,6.648700000000001,5.3845
2023-07-25,6.3379,5.3861
2023-07-26,6.3904000000000005,5.392
2023-07-27,6.3938999999999995,5.3978
2023-07-28,6.1728,5.4032
2023-07-31,6.1431,5.4123
2023-08-01,6.1575999999999995,5.4136
2023-08-02,6.2681000000000004,5.4190000000000005
2023-08-03,6.2139,5.4244
2023-08-04,6.1559,5.4298
2023-08-07,6.219,5.4394
2023-08-08,6.2356,5.4407
2023-08-09,6.2586,5.4463
2023-08-10,6.2335,5.4521
2023-08-11,6.4363,5.4585
2023-08-14,6.5196000000000005,5.4603
2023-08-15,6.5732,5.4621
2023-08-16,6.6602,5.4641
2023-08-17,6.651700000000001,5.4661
2023-08-18,6.7384,5.4682
2023-08-21,6.8759,5.4799
2023-08-22,6.745900000000001,5.482
2023-08-23,6.862699999999999,5.4888
2023-08-24,6.826599999999999,5.4955
2023-08-25,6.8371,5.502
2023-08-28,6.6414,5.5123999999999995
2023-08-29,6.629599999999999,5.5142
2023-08-30,6.5724,5.5159
2023-08-31,6.5417000000000005,5.5176
2023-09-01,6.464799999999999,5.5192
2023-09-04,6.3003,5.5329999999999995
2023-09-05,6.3697,5.5383000000000004
2023-09-06,6.3553,5.5437
2023-09-07,6.455900000000001,5.5452
2023-09-08,6.486599999999999,5.5468
2023-09-11,6.4362,5.5588999999999995
2023-09-12,6.4597,5.564100000000001
2023-09-13,6.5008,5.569500000000001
2023-09-14,6.4834000000000005,5.571000000000001
2023-09-15,6.509099999999999,5.5725
2023-09-18,6.474100000000001,5.5851999999999995
2023-09-19,6.444999999999999,5.5905000000000005
2023-09-20,6.4674,5.5954999999999995
2023-09-21,6.5504999999999995,5.5971
2023-09-22,6.3968,5.5984
2023-09-25,6.4265,5.6103
2023-09-26,6.4792000000000005,5.615
2023-09-27,6.486599999999999,5.62
2023-09-28,6.5245,5.6215
2023-10-09,6.529400000000001,5.6505
2023-10-10,6.5866999999999996,5.6554
2023-10-11,6.553100000000001,5.6569
2023-10-12,6.4497,5.6582
2023-10-13,6.521000000000001,5.6628
2023-10-16,6.5729999999999995,5.6736
2023-10-17,6.503,5.6781
2023-10-18,6.536899999999999,5.6795
2023-10-19,6.725200000000001,5.6812000000000005
2023-10-20,6.8186,5.6864
2023-10-23,6.9107,5.6984
2023-10-24,6.8976999999999995,5.7036999999999995
2023-10-25,6.9287,5.705699999999999
2023-10-26,6.845,5.7076
2023-10-27,6.7744,5.7126
2023-10-30,6.7288,5.7238
2023-10-31,6.7047,5.7254
2023-11-01,6.6956,5.7296
2023-11-02,6.752,5.7313
2023-11-03,6.693200000000001,5.7329
2023-11-06,6.6469000000000005,5.7344
2023-11-07,6.6652000000000005,5.738300000000001
2023-11-08,6.7081,5.7422
2023-11-09,6.679,5.7437000000000005
2023-11-10,6.7277000000000005,5.745299999999999
2023-11-13,6.7443,5.7540000000000004
2023-11-14,6.7236,5.7579
2023-11-15,6.6564,5.7619
2023-11-16,6.733899999999999,5.7635
2023-11-17,6.763800000000001,5.7652
2023-11-20,6.7401,5.774900000000001
2023-11-21,6.7125,5.779100000000001
2023-11-22,6.769500000000001,5.7833000000000006
2023-11-23,6.713900000000001,5.7848
2023-11-24,6.7554,5.7863999999999995
2023-11-27,6.822100000000001,5.7966
2023-11-28,6.834,5.8013
2023-11-29,6.9143,5.8061
2023-11-30,6.874,5.807799999999999
2023-12-01,6.8976999999999995,5.8126
2023-12-04,6.942900000000001,5.8233
2023-12-05,7.1102,5.8284
2023-12-06,7.1314,5.830500000000001
2023-12-07,7.149500000000001,5.8327
2023-12-08,7.121099999999999,5.8378
2023-12-11,7.0836,5.8488
2023-12-12,7.0524000000000004,5.8537
2023-12-13,7.2006,5.8559
2023-12-14,7.234100000000001,5.8582
2023-12-15,7.2881,5.8606
2023-12-18,7.2982000000000005,5.8724
2023-12-19,7.272099999999999,5.8778
2023-12-20,7.3578,5.8803
2023-12-21,7.3305,5.8827
2023-12-22,7.2937,5.8881000000000006
2023-12-25,7.274700000000001,5.8998
2023-12-26,7.301,5.9055
2023-12-27,7.265499999999999,5.9078
2023-12-28,7.1110999999999995,5.9098
2023-12-29,7.0786,5.9151
2024-01-02,7.083100000000001,5.9270000000000005
2024-01-03,7.146199999999999,5.9321
2024-01-04,7.2002999999999995,5.9342
2024-01-05,7.2672,5.9364
2024-01-08,7.367799999999999,5.9482
2024-01-09,7.3952,5.9536
2024-01-10,7.442200000000001,5.959
2024-01-11,7.4510000000000005,5.9614
2024-01-12,7.443,5.9639
2024-01-15,7.419199999999999,5.975
2024-01-16,7.3562,5.980300000000001
2024-01-17,7.5628,5.9858
2024-01-18,7.4609,5.9882
2024-01-19,7.487299999999999,5.9907
2024-01-22,7.619,6.0020999999999995
2024-01-23,7.586600000000001,6.0077
2024-01-24,7.406600000000001,6.0128
2024-01-25,7.1728,6.0146999999999995
2024-01-26,7.134500000000001,6.0165999999999995
2024-01-29,7.167800000000001,6.0251
2024-01-30,7.3578,6.0296
2024-01-31,7.4094999999999995,6.0339
2024-02-01,7.4558,6.0363
2024-02-02,7.516,6.0387
2024-02-05,7.432600000000001,6.0482000000000005
2024-02-06,7.144399999999999,6.0523
2024-02-07,7.135800000000001,6.0564
2024-02-08,7.095,6.0581000000000005
2024-02-19,6.9201,6.0796
2024-02-20,6.9063,6.0832999999999995
2024-02-21,6.8046999999999995,6.086600000000001
2024-02-22,6.7208000000000006,6.0876
2024-02-23,6.7232,6.088699999999999
2024-02-26,6.8889000000000005,6.097
2024-02-27,6.793399999999999,6.1003
2024-02-28,6.9561,6.1039
2024-02-29,6.828399999999999,6.1052
2024-03-01,6.7649,6.1095
2024-03-04,6.743399999999999,6.115600000000001
2024-03-05,6.692099999999999,6.116499999999999
2024-03-06,6.793,6.1177
2024-03-07,6.788600000000001,6.120699999999999
2024-03-08,6.726500000000001,6.1237
2024-03-11,6.6636,6.131
2024-03-12,6.6858,6.1319
2024-03-13,6.7666,6.133
2024-03-14,6.7567,6.1362
2024-03-15,6.7709,6.1393
2024-03-18,6.7326999999999995,6.1457999999999995
2024-03-19,6.794300000000001,6.1469000000000005
2024-03-20,6.722,6.1479
2024-03-21,6.7483,6.1489
2024-03-22,6.761100000000001,6.1499
2024-03-25,6.7676,6.1563
2024-03-26,6.7158999999999995,6.1573
2024-03-27,6.8199,6.1584
2024-03-28,6.7554,6.1612
2024-03-29,6.6305000000000005,6.164
2024-04-01,6.4946,6.1682
2024-04-02,6.5024,6.1687
2024-04-03,6.5346,6.1693
2024-04-08,6.575200000000001,6.17
2024-04-09,6.608700000000001,6.1728
2024-04-10,6.639399999999999,6.1735999999999995
2024-04-11,6.651700000000001,6.1744
2024-04-12,6.725299999999999,6.177499999999999
2024-04-15,6.5153,6.1844
2024-04-16,6.585100000000001,6.1873
2024-04-17,6.4805,6.1877
2024-04-18,6.4876000000000005,6.1882
2024-04-19,6.4949,6.1909
2024-04-22,6.5748,6.198300000000001
2024-04-23,6.654999999999999,6.2014
2024-04-24,6.584700000000001,6.202
2024-04-25,6.572699999999999,6.2025999999999994
2024-04-26,6.41,6.205299999999999
2024-04-29,6.3654,6.2119
2024-04-30,6.2957,6.2142
2024-05-06,6.2243,6.222799999999999
2024-05-07,6.2283,6.222799999999999
2024-05-08,6.2661,6.2229
2024-05-09,6.1993,6.2245
2024-05-10,6.1912,6.2261
2024-05-13,6.2134,6.2313
2024-05-14,6.2386,6.2313
2024-05-15,6.296499999999999,6.2314
2024-05-16,6.2543,6.2332
2024-05-17,6.1885,6.2349000000000006
2024-05-20,6.1497,6.239999999999999
2024-05-21,6.1677,6.2399000000000004
2024-05-22,6.1623,6.2397
2024-05-23,6.248,6.2416
2024-05-24,6.3222000000000005,6.2436
2024-05-27,6.223999999999999,6.2489
2024-05-28,6.2696000000000005,6.2489
2024-05-29,6.2767,6.249
2024-05-30,6.3307,6.250699999999999
2024-05-31,6.3504000000000005,6.2509
2024-06-03,6.3206,6.256
2024-06-04,6.2836,6.258
2024-06-05,6.3325000000000005,6.2581
2024-06-06,6.3157000000000005,6.2581999999999995
2024-06-07,6.3374,6.260000000000001
2024-06-11,6.4317,6.2686
2024-06-12,6.419700000000001,6.2688
2024-06-13,6.4430000000000005,6.2691
2024-06-14,6.432300000000001,6.2725
2024-06-17,6.4651,6.2817
2024-06-18,6.4344,6.2847
2024-06-19,6.4452,6.285
2024-06-20,6.4662999999999995,6.2853
2024-06-21,6.4689,6.2883
2024-06-24,6.5038,6.297
2024-06-25,6.544600000000001,6.3002
2024-06-26,6.526400000000001,6.300600000000001
2024-06-27,6.5714999999999995,6.300999999999999
2024-06-28,6.505,6.3041
2024-07-01,6.3944,6.3151
2024-07-02,6.369,6.3152
2024-07-03,6.393,6.3153
2024-07-04,6.4003000000000005,6.3154
2024-07-05,6.4506,6.318300000000001
2024-07-08,6.458500000000001,6.3264000000000005
2024-07-09,6.403200000000001,6.3265
2024-07-10,6.447700000000001,6.326700000000001
2024-07-11,6.4007,6.3295
2024-07-12,6.397600000000001,6.3321000000000005
2024-07-15,6.3444,6.339500000000001
2024-07-16,6.3224,6.339500000000001
2024-07-17,6.3609,6.339500000000001
2024-07-18,6.287,6.3418
2024-07-19,6.2856,6.3441
2024-07-22,6.389499999999999,6.3513
2024-07-23,6.5167,6.351500000000001
2024-07-24,6.5261,6.351800000000001
2024-07-25,6.6171,6.3546000000000005
2024-07-26,6.6787,6.357
2024-07-29,6.715699999999999,6.3635
2024-07-30,6.7965,6.3642
2024-07-31,6.6845,6.3648
2024-08-01,6.7277000000000005,6.3654
2024-08-02,6.8088999999999995,6.366099999999999
2024-08-05,6.9122,6.367000000000001
2024-08-06,6.933599999999999,6.3679
2024-08-07,6.9248,6.3689
2024-08-08,6.885199999999999,6.3717
2024-08-09,6.8841,6.3746
2024-08-12,6.8401000000000005,6.3819
2024-08-13,6.8325,6.382599999999999
2024-08-14,6.8943,6.383500000000001
2024-08-15,6.7959000000000005,6.3862000000000005
2024-08-16,6.7627999999999995,6.386799999999999
2024-08-19,6.7152,6.394
2024-08-20,6.7896,6.3946000000000005
2024-08-21,6.8177,6.3953
2024-08-22,6.818499999999999,6.3983
2024-08-23,6.8139,6.4012
2024-08-26,6.8381,6.4081
2024-08-27,6.7863999999999995,6.4088
2024-08-28,6.8661,6.4094999999999995
2024-08-29,7.0124,6.4105
2024-08-30,7.037699999999999,6.4115
2024-09-02,7.148000000000001,6.417000000000001
2024-09-03,7.2113,6.4205
2024-09-04,7.3004,6.424100000000001
2024-09-05,7.318,6.4276
2024-09-06,7.3669,6.4291
2024-09-09,7.4979000000000005,6.4338999999999995
2024-09-10,7.4642,6.4368
2024-09-11,7.576099999999999,6.4401
2024-09-12,7.599499999999999,6.4434000000000005
2024-09-13,7.6457999999999995,6.445399999999999
2024-09-18,7.5936,6.4503
2024-09-19,7.5519,6.4533
2024-09-20,7.5171,6.4551
2024-09-23,7.467600000000001,6.4592
2024-09-24,7.043000000000001,6.461500000000001
2024-09-25,6.957199999999999,6.4636
2024-09-26,6.6321,6.4649
2024-09-27,6.3248,6.4647
2024-09-30,5.7533,6.4655000000000005
2024-10-08,5.3658,6.4700999999999995
2024-10-09,5.9014999999999995,6.4704
2024-10-10,5.792400000000001,6.4693000000000005
2024-10-11,5.964499999999999,6.468500000000001
2024-10-14,5.806,6.4704999999999995
2024-10-15,6.051200000000001,6.471
2024-10-16,6.0569,6.4715
2024-10-17,6.1766000000000005,6.471
2024-10-18,5.9436,6.470199999999999
2024-10-21,5.9695,6.4724
2024-10-22,5.9711,6.4722
2024-10-23,5.9413,6.4721
2024-10-24,6.0038,6.4713
2024-10-25,6.0027,6.4706
2024-10-28,5.9949,6.469900000000001
2024-10-29,6.0504,6.4695
2024-10-30,6.1529,6.4697000000000005
2024-10-31,6.4361,6.469600000000001
2024-11-01,6.3918,6.4695
2024-11-04,6.3256000000000006,6.4692
2024-11-05,6.1675,6.468699999999999
2024-11-06,6.2099,6.4688
2024-11-07,5.9922,6.4682
2024-11-08,6.0766,6.4676
2024-11-11,6.098,6.467199999999999
2024-11-12,6.219,6.4671
2024-11-13,6.1361,6.4668
2024-11-14,6.2387,6.466900000000001
2024-11-15,6.3227,6.4666
2024-11-18,6.2987,6.467199999999999
2024-11-19,6.2946,6.4673
2024-11-20,6.279700000000001,6.4674
2024-11-21,6.297899999999999,6.4677999999999995
2024-11-22,6.5301,6.4679
2024-11-25,6.5748,6.468999999999999
2024-11-26,6.5624,6.4695
2024-11-27,6.4553,6.4698
2024-11-28,6.5386,6.4703
2024-11-29,6.49,6.4704
2024-12-02,6.4721,6.4716
2024-12-03,6.421799999999999,6.4722
2024-12-04,6.4422,6.4722
2024-12-05,6.4925999999999995,6.4722
2024-12-06,6.3864,6.4721
2024-12-09,6.4165,6.4751
2024-12-10,6.438199999999999,6.4761
2024-12-11,6.490799999999999,6.4773
2024-12-12,6.4133,6.4772
2024-12-13,6.6192,6.477399999999999
2024-12-16,6.6327,6.4819
2024-12-17,6.6166,6.483600000000001
2024-12-18,6.5355,6.485200000000001
2024-12-19,6.5709,6.485399999999999
2024-12-20,6.6524,6.4857
2024-12-23,6.5831,6.4903
2024-12-24,6.460000000000001,6.4918000000000005
2024-12-25,6.393600000000001,6.4934
2024-12-26,6.4378,6.4933000000000005
2024-12-27,6.4704,6.4933000000000005
2024-12-30,6.397500000000001,6.4990000000000006
2024-12-31,6.528200000000001,6.4990000000000006
2025-01-02,6.8382,6.5035
2025-01-03,6.920999999999999,6.5042
2025-01-06,6.950399999999999,6.507000000000001
2025-01-07,6.901300000000001,6.5077
2025-01-08,6.8892999999999995,6.5083
2025-01-09,6.9175,6.5108
2025-01-10,7.0241999999999996,6.511699999999999
2025-01-13,7.0289,6.515600000000001
2025-01-14,6.8733,6.5177
2025-01-15,6.9286,6.519800000000001
2025-01-16,6.893000000000001,6.5215
2025-01-17,6.8658,6.5221
2025-01-20,6.8576999999999995,6.5253000000000005
2025-01-21,6.897399999999999,6.5272
2025-01-22,6.9679,6.529100000000001
2025-01-23,6.8971,6.530900000000001
2025-01-24,6.8759,6.531499999999999
2025-01-27,6.888,6.5344
2025-02-05,6.9852,6.5412
2025-02-06,6.9293,6.5428
2025-02-07,6.849900000000001,6.5433
2025-02-10,6.8046,6.5455
2025-02-11,6.8043000000000005,6.5466
2025-02-12,6.727600000000001,6.548
2025-02-13,6.747599999999999,6.5493
2025-02-14,6.6649,6.5495
2025-02-17,6.6122,6.5512
2025-02-18,6.6396999999999995,6.5522
2025-02-19,6.6569,6.553100000000001
2025-02-20,6.6553,6.554
2025-02-21,6.5513,6.554
2025-02-24,6.5501000000000005,6.555400000000001
2025-02-25,6.6829,6.5561
2025-02-26,6.636100000000001,6.5568
2025-02-27,6.575699999999999,6.5573999999999995
2025-02-28,6.744999999999999,6.5577
2025-03-03,6.7719000000000005,6.5592
2025-03-04,6.802700000000001,6.5596000000000005
2025-03-05,6.7376000000000005,6.559900000000001
2025-03-06,6.6297,6.5600000000000005
2025-03-07,6.5891,6.560199999999999
2025-03-10,6.626,6.561
2025-03-11,6.5251,6.5609
2025-03-12,6.5983,6.561
2025-03-13,6.582300000000001,6.561
2025-03-14,6.4191,6.5612
2025-03-17,6.3618999999999994,6.5612
2025-03-18,6.3623,6.5608
2025-03-19,6.3597,6.560499999999999
2025-03-20,6.4747,6.560199999999999
2025-03-21,6.5645999999999995,6.5600000000000005
2025-03-24,6.548,6.5592
2025-03-25,6.578,6.5592
2025-03-26,6.6303,6.5592999999999995
2025-03-27,6.5972,6.558999999999999
2025-03-28,6.6548,6.558999999999999
2025-03-31,6.6761,6.5585
2025-04-01,6.678599999999999,6.5583
2025-04-02,6.6931,6.5586
2025-04-03,6.771000000000001,6.5588999999999995
2025-04-07,7.4016,6.5603
2025-04-08,7.194100000000001,6.561400000000001
2025-04-09,7.1598,6.5623000000000005
2025-04-10,7.096900000000001,6.563199999999999
2025-04-11,7.0692,6.5634
2025-04-14,7.0146,6.5625
2025-04-15,6.984700000000001,6.5628
2025-04-16,6.9481,6.5634999999999994
2025-04-17,6.9389,6.564100000000001
2025-04-18,6.9344,6.564300000000001
2025-04-21,6.9098999999999995,6.563199999999999
2025-04-22,6.888800000000001,6.563
2025-04-23,6.9005,6.5634999999999994
2025-04-24,6.883,6.564
2025-04-25,6.9305,6.5634999999999994
2025-04-28,6.9354,6.5606
2025-04-29,6.9744,6.5596000000000005
2025-04-30,7.078900000000001,6.5604
2025-05-06,7.020700000000001,6.5543000000000005
2025-05-07,6.9272,6.5549
2025-05-08,6.9066,6.554599999999999
2025-05-09,6.904599999999999,6.5543000000000005
2025-05-12,6.7866,6.5517
2025-05-13,6.7827,6.552099999999999
2025-05-14,6.6806,6.5523
2025-05-15,6.7236,6.552099999999999
2025-05-16,6.7738000000000005,6.552099999999999
2025-05-19,6.7924999999999995,6.5511
2025-05-20,6.7384,6.5514
2025-05-21,6.686300000000001,6.5517
2025-05-22,6.677700000000001,6.5512
2025-05-23,6.7466,6.551
2025-05-26,6.7905,6.5498
2025-05-27,6.8063,6.5502
2025-05-28,6.8492,6.5507
2025-05-29,6.8157,6.550599999999999
2025-05-30,6.8539,6.5511
2025-06-03,6.8198,6.5517
2025-06-04,6.804200000000001,6.5522
2025-06-05,6.779,6.5525
2025-06-06,6.7984,6.553299999999999
2025-06-09,6.7972,6.5549
2025-06-10,6.8249,6.5559
2025-06-11,6.649900000000001,6.5561
2025-06-12,6.6581,6.5562
2025-06-13,6.696299999999999,6.5568
2025-06-16,6.641800000000001,6.5581
2025-06-17,6.6486,6.5586
2025-06-18,6.6192,6.558700000000001
2025-06-19,6.6288,6.5588
2025-06-20,6.6112,6.558999999999999
2025-06-23,6.5549,6.558700000000001
2025-06-24,6.475499999999999,6.558400000000001
2025-06-25,6.3777,6.5581
2025-06-26,6.392399999999999,6.557799999999999
2025-06-27,6.483899999999999,6.5576
2025-06-30,6.4568,6.5576
2025-07-01,6.4277,6.5573999999999995
2025-07-02,6.4249,6.5571
2025-07-03,6.404400000000001,6.556900000000001
2025-07-04,6.3567,6.5565999999999995
2025-07-07,6.3851,6.557300000000001
2025-07-08,6.3364,6.556900000000001
2025-07-09,6.329899999999999,6.5565
2025-07-10,6.2749,6.5565999999999995
2025-07-11,6.2901,6.5568
2025-07-14,6.270199999999999,6.558400000000001
2025-07-15,6.2934,6.5579
2025-07-16,6.306399999999999,6.557499999999999
2025-07-17,6.2924,6.5581
2025-07-18,6.2462,6.5585
2025-07-21,6.1966,6.561100000000001
2025-07-22,6.1402,6.5604
2025-07-23,6.1145,6.5597
2025-07-24,6.0627,6.5588999999999995
2025-07-25,6.1169,6.5581
2025-07-28,6.1285,6.5573999999999995
2025-07-29,6.1962,6.5568
2025-07-30,6.1997,6.5562
2025-07-31,6.334199999999999,6.557
2025-08-01,6.3782000000000005,6.5577
2025-08-04,6.3432,6.5606
2025-08-05,6.268400000000001,6.5601
2025-08-06,6.2555,6.5596000000000005
2025-08-07,6.2597,6.559900000000001
2025-08-08,6.2727,6.5603
2025-08-11,6.2542,6.5623000000000005
2025-08-12,6.1968000000000005,6.561699999999999
2025-08-13,6.1915,6.561100000000001
2025-08-14,6.1836,6.561400000000001
2025-08-15,6.1586,6.561699999999999
2025-08-18,6.0683,6.5634
2025-08-19,6.0953,6.562600000000001
2025-08-20,6.0122,6.561699999999999
2025-08-21,5.9913,6.5618
2025-08-22,5.8635,6.5618
2025-08-25,5.7715000000000005,6.5633
2025-08-26,5.8102,6.5621
2025-08-27,5.9113,6.561
2025-08-28,5.7509999999999994,6.5604
2025-08-29,5.7207,6.5591
2025-09-01,5.7329,6.5586
2025-09-02,5.741899999999999,6.5583
2025-09-03,5.8294,6.5582
2025-09-04,5.8982,6.558400000000001
2025-09-05,5.8076,6.5571
2025-09-08,5.776400000000001,6.5579
2025-09-09,5.810499999999999,6.5576
2025-09-10,5.7461,6.557200000000001
2025-09-11,5.6502,6.556299999999999
2025-09-12,5.6859,6.5549
2025-09-15,5.6805,6.555
2025-09-16,5.7231,6.554500000000001
2025-09-17,5.7066,6.5538
2025-09-18,5.7907,6.553299999999999
2025-09-19,5.7664,6.552
2025-09-22,5.7747,6.5522
2025-09-23,5.7334000000000005,6.5517
2025-09-24,5.6678,6.5513
2025-09-25,5.668900000000001,6.5508
2025-09-26,5.722,6.5493999999999994
2025-09-29,5.6318,6.5495
2025-09-30,5.647,6.548900000000001
2025-10-09,5.5607999999999995,6.5537
2025-10-10,5.639,6.5522
2025-10-13,5.6805,6.554200000000001
2025-10-14,5.7047,6.554
2025-10-15,5.6178,6.5537
2025-10-16,5.5667,6.552
2025-10-17,5.711200000000001,6.550599999999999
2025-10-20,5.6521,6.5538
2025-10-21,5.5882000000000005,6.5538
2025-10-22,5.594600000000001,6.5534
2025-10-23,5.5519,6.551800000000001
2025-10-24,5.4935,6.550000000000001
2025-10-27,5.4304,6.5514
2025-10-28,5.4814,6.550599999999999
2025-10-29,5.4785,6.5498
2025-10-30,5.5594,6.5482
2025-10-31,5.7861,6.5469
2025-11-03,5.7357,6.5456
2025-11-04,5.7488,6.5443
2025-11-05,5.7451,6.5441
2025-11-06,5.6583000000000006,6.5436
2025-11-07,5.6764,6.542199999999999
2025-11-10,5.6432,6.5433
2025-11-11,5.6899999999999995,6.5429
2025-11-12,5.6667000000000005,6.542299999999999
2025-11-13,5.6168000000000005,6.5415
2025-11-14,5.6991,6.5401
2025-11-17,5.7649,6.540500000000001
2025-11-18,5.804,6.54
2025-11-19,5.7407,6.5394
2025-11-20,5.7508,6.5388
2025-11-21,5.8876,6.537800000000001
2025-11-24,5.9189,6.537999999999999
2025-11-25,5.8504000000000005,6.5371
2025-11-26,5.8343,6.5362
2025-11-27,5.8091,6.5352
2025-11-28,5.8275,6.5341
2025-12-01,5.7738,6.5335
2025-12-02,5.7778,6.532399999999999
2025-12-03,5.8168,6.531499999999999
2025-12-04,5.7852,6.5303
2025-12-05,5.774,6.529100000000001
2025-12-08,5.7374,6.5283999999999995
2025-12-09,5.7736,6.5275
2025-12-10,5.8064,6.526700000000001
2025-12-11,5.8578,6.5256
2025-12-12,5.8409,6.5244
2025-12-15,5.7965,6.524000000000001
2025-12-16,5.8643,6.5233
2025-12-17,5.776400000000001,6.522600000000001
2025-12-18,5.7748,6.5214
2025-12-19,5.7738,6.5202
2025-12-22,5.7171,6.519800000000001
2025-12-23,5.7006,6.5185
2025-12-24,5.6889,6.517100000000001
2025-12-25,5.6745,6.5158
2025-12-26,5.6699,6.514399999999999
2025-12-29,5.6491,6.5131
2025-12-30,5.6324,6.511699999999999
2025-12-31,5.649,6.510299999999999
2026-01-05,5.5545,6.5093
2026-01-06,5.4377,6.5077
2026-01-07,5.4619,6.506
2026-01-08,5.5224,6.5044
2026-01-09,5.5073,6.502800000000001
2026-01-12,5.4944,6.5012
2026-01-13,5.5065,6.4996
2026-01-14,5.569,6.4982999999999995
2026-01-15,5.575,6.4971
2026-01-16,5.6314,6.4956
2026-01-19,5.6401,6.4942
2026-01-20,5.6301,6.4928
2026-01-21,5.6594,6.4913
2026-01-22,5.6537999999999995,6.4897
2026-01-23,5.7174000000000005,6.4883999999999995
2026-01-26,5.6833,6.4871
2026-01-27,5.682,6.4859
2026-01-28,5.6574,6.4847
2026-01-29,5.59,6.483700000000001
2026-01-30,5.668200000000001,6.482400000000001
2026-02-02,5.8020000000000005,6.482400000000001
2026-02-03,5.7701,6.4816
2026-02-04,5.6826,6.480700000000001
2026-02-05,5.7076,6.4799999999999995
2026-02-06,5.737,6.4787
2026-02-09,5.6569,6.478200000000001
2026-02-10,5.6366,6.4772
2026-02-11,5.6466,6.4762
2026-02-12,5.6734,6.4750000000000005
2026-02-13,5.7715000000000005,6.473800000000001
2026-02-24,5.6827000000000005,6.4694
2026-02-25,5.6469,6.467499999999999
2026-02-26,5.6618,6.4655000000000005
2026-02-27,5.7142,6.464300000000001
2026-03-02,5.6423000000000005,6.462
2026-03-03,5.6267,6.4605999999999995
2026-03-04,5.7195,6.4594
2026-03-05,5.6848,6.4584
2026-03-06,5.6761,6.4572
2026-03-09,5.6684,6.456
2026-03-10,5.6739,6.454699999999999
2026-03-11,5.6109,6.4533
2026-03-12,5.6132,6.451999999999999
2026-03-13,5.5821000000000005,6.450500000000001
2026-03-16,5.5652,6.4488
2026-03-17,5.587000000000001,6.4473
2026-03-18,5.5899,6.4459
2026-03-19,5.6264,6.444500000000001
2026-03-20,5.6551,6.4432
2026-03-23,5.8785,6.442100000000001
2026-03-24,5.818099999999999,6.4411
2026-03-25,5.7525,6.4399
2026-03-26,5.7966999999999995,6.4389
2026-03-27,5.7414,6.437600000000001
2026-03-30,5.7181999999999995,6.4362
2026-03-31,5.7017,6.4350000000000005
2026-04-01,5.6272,6.433700000000001
2026-04-02,5.6640999999999995,6.4324
2026-04-03,5.733,6.4312
2026-04-07,5.7415,6.4300999999999995
2026-04-08,5.5993,6.4287
2026-04-09,5.6324,6.4274
2026-04-10,5.5836,6.4258
2026-04-13,5.581300000000001,6.423900000000001
2026-04-14,5.5324,6.4223
2026-04-15,5.5451,6.4208
2026-04-16,5.5074,6.4193
2026-04-17,5.5423,6.417599999999999
2026-04-20,5.4837,6.4153
2026-04-21,5.4692,6.413
2026-04-22,5.4709,6.4115
2026-04-23,5.455,6.4099
2026-04-24,5.481,6.407499999999999
2026-04-27,5.4714,6.4036
2026-04-28,5.4757,6.4015
2026-04-29,5.4498,6.3999
2026-04-30,5.4729,6.3984
2026-05-06,5.3826,6.394
2026-05-07,5.3951,6.392
2026-05-08,5.4243,6.3899
2026-05-11,5.3552,6.3866000000000005
2026-05-12,5.3735,6.3849
2026-05-13,5.3458,6.3832
2026-05-14,5.42,6.381
2026-05-15,5.4701,6.3789
2026-05-18,5.4984,6.3758
2026-05-19,5.4857000000000005,6.3743
2026-05-20,5.5134,6.3729
2026-05-21,5.592,6.371
2026-05-22,5.5367,6.369
2026-05-25,5.4666,6.365600000000001
2026-05-26,5.4383,6.3641000000000005
2026-05-27,5.5195,6.3627
2026-05-28,5.5271,6.360499999999999
2026-05-29,5.5374,6.3584000000000005
2026-06-01,5.5665,6.3553
2026-06-02,5.4855,6.353000000000001
2026-06-03,5.466,6.351500000000001
2026-06-04,5.5383000000000004,6.3501
2026-06-05,5.6053,6.347899999999999
2026-06-08,5.6744,6.3429
2026-06-09,5.5992,6.3404
2026-06-10,5.627,6.3392
2026-06-11,5.648899999999999,6.338000000000001
2026-06-12,5.5672,6.3355
2026-06-15,5.3678,6.3298
2026-06-16,5.4309,6.326700000000001
2026-06-17,5.4159,6.325200000000001
2026-06-18,5.4592,6.3238
2026-06-22,5.309699999999999,6.3155
2026-06-23,5.435099999999999,6.3124
2026-06-24,5.4488,6.311
2026-06-25,5.418,6.3095
2026-06-26,5.6107,6.3067
2026-06-29,5.5504,6.3008999999999995
2026-06-30,5.5292,6.298299999999999
2026-07-01,5.5174,6.297
2026-07-02,5.6609,6.296
2026-07-03,5.606599999999999,6.293500000000001
2026-07-06,5.5774,6.287800000000001
2026-07-07,5.6178,6.286700000000001
2026-07-08,5.625299999999999,6.2856
2026-07-09,5.5193,6.282500000000001
2026-07-10,5.5969999999999995,6.2795000000000005
2026-07-13,5.6413,6.272600000000001
2026-07-14,5.5325,6.271400000000001
2026-07-15,5.5216,6.270199999999999
2026-07-16,5.6309,6.267200000000001
2026-07-17,5.7784,6.2646
2026-07-20,5.6022,6.257300000000001
2026-07-21,5.5119,6.256
2026-07-22,5.5114,6.2548
2026-07-23,5.4825,6.2513
2026-07-24,5.5817,6.2479
2026-07-27,5.5337,6.2418000000000005
2026-07-28,5.6124,6.2408
2026-07-29,5.5985,6.2397
2026-07-30,5.601,6.2371
2026-07-31,5.5958,6.2342
2026-08-03,5.6632,6.2271
2026-08-04,5.6838,6.2261999999999995
2026-08-05,5.6338,6.2252
2026-08-06,5.6225,6.2222
2026-08-07,5.5825,6.2196
2026-08-10,5.5548,6.2156
2026-08-11,5.5938,6.2145
2026-08-12,5.6011999999999995,6.213500000000001
2026-08-13,5.6335999999999995,6.2125
2026-08-14,5.6457,6.2116
2026-08-17,5.575,6.2106
2026-08-18,5.5758,6.209499999999999
2026-08-19,5.7078999999999995,6.2087
2026-08-20,5.7132000000000005,6.2067
2026-08-21,5.7509999999999994,6.2048
2026-08-24,5.800000000000001,6.2015
2026-08-25,5.8204,6.2008
2026-08-26,5.7796,6.2001
2026-08-27,5.7583,6.198300000000001
2026-08-28,5.9445,6.1969
2026-08-31,5.9804,6.1953000000000005
2026-09-01,5.973599999999999,6.1939
2026-09-02,6.047899999999999,6.1927
2026-09-03,6.0661,6.1925
2026-09-04,6.0655,6.1922999999999995
2026-09-07,6.090199999999999,6.1894
2026-09-08,6.1006,6.1883
2026-09-09,6.0703,6.187200000000001
2026-09-10,6.0843,6.187
2026-09-11,6.1226,6.1869
2026-09-14,6.1543,6.1843
2026-09-15,6.2185999999999995,6.1834
2026-09-16,6.2069,6.1825
2026-09-17,6.2377,6.1826
2026-09-18,6.204400000000001,6.1826
2026-09-21,6.148,6.1798
2026-09-22,6.1395,6.1788
