date,open,high,low,close,volume,amount
2010-01-04,4413.75,4436.06,4393.5,4406.77,23533327,26850010562.0
2010-01-05,4411.28,4462.23,4378.1,4462.23,26467952,30379011115.0
2010-01-06,4459.85,4499.51,4445.5,4452.87,28617067,31692042146.0
2010-01-07,4440.11,4452.18,4345.05,4361.16,28255441,30615696093.0
2010-01-08,4335.78,4417.79,4323.46,4417.77,22353872,24352036479.0
2010-01-11,4445.6,4450.02,4398.06,4449.94,26684597,29877476198.0
2010-01-12,4440.99,4541.6,4435.91,4541.6,30220964,34346652147.0
2010-01-13,4447.51,4545.42,4430.01,4485.32,29812304,33651449313.0
2010-01-14,4494.06,4609.3,4494.06,4609.3,32785953,37583039098.0
2010-01-15,4617.9,4658.09,4617.86,4658.09,31794609,37391289562.0
2010-01-18,4653.55,4734.05,4644.25,4734.05,30990289,37259981053.0
2010-01-19,4736.71,4758.18,4695.72,4740.45,31494201,37755908834.0
2010-01-20,4742.51,4744.69,4572.72,4586.75,38658477,44841808738.0
2010-01-21,4586.21,4632.24,4545.29,4606.43,26609595,29819639963.0
2010-01-22,4553.78,4560.12,4390.85,4471.28,27096635,30039257815.0
2010-01-25,4439.89,4478.3,4404.22,4407.04,17491933,19626740904.0
2010-01-26,4406.44,4429.23,4186.37,4226.94,19967021,21551563663.0
2010-01-27,4219.65,4270.9,4171.26,4194.63,15747504,17151082548.0
2010-01-28,4188.83,4252.35,4171.81,4248.04,14630828,16070093102.0
2010-01-29,4227.87,4328.53,4212.45,4290.32,18836346,21186161315.0
2010-02-01,4284.35,4287.38,4182.13,4239.99,18658280,20554891741.0
2010-02-02,4248.43,4304.08,4222.17,4225.47,18778930,20379240155.0
2010-02-03,4227.26,4304.84,4097.35,4304.84,22930072,24240296969.0
2010-02-04,4283.9,4394.57,4262.71,4364.23,25757781,27763147525.0
2010-02-05,4272.24,4341.2,4243.41,4281.78,28437403,30497313186.0
2010-02-08,4272.28,4300.57,4253.32,4278.58,18382477,19556730032.0
2010-02-09,4264.27,4299.84,4245.52,4277.33,15470376,16222190799.0
2010-02-10,4294.83,4330.42,4282.9,4330.42,13699352,14929988976.0
2010-02-11,4329.63,4337.32,4304.24,4307.13,13416423,14257265676.0
2010-02-12,4311.89,4368.53,4311.89,4366.28,13759792,15378944678.0
2010-02-22,4362.93,4422.33,4355.04,4392.69,18755465,20230675985.0
2010-02-23,4389.42,4464.23,4353.05,4464.23,24387302,26174091175.0
2010-02-24,4443.03,4559.66,4425.66,4559.66,29169644,31881271341.0
2010-02-25,4566.04,4645.83,4563.95,4645.06,34747183,38616175717.0
2010-02-26,4632.31,4676.42,4616.13,4653.34,32808135,36932233526.0
2010-03-01,4656.98,4727.43,4656.98,4721.89,35248880,39496716087.0
2010-03-02,4721.26,4736.49,4684.11,4724.64,34657843,39066672168.0
2010-03-03,4716.52,4790.08,4710.67,4788.5,34517448,38987659237.0
2010-03-04,4788.59,4812.36,4599.47,4617.85,36855640,42118279800.0
2010-03-05,4613.45,4650.44,4563.11,4617.36,23542352,26333242038.0
2010-03-08,4625.93,4685.49,4624.21,4676.44,21011671,23581432674.0
2010-03-09,4671.06,4697.4,4625.14,4682.25,24149333,26454749316.0
2010-03-10,4675.99,4696.87,4593.55,4630.01,23171809,25991103838.0
2010-03-11,4624.9,4643.78,4560.09,4605.25,20235753,22893215759.0
2010-03-12,4603.95,4613.17,4526.87,4532.08,18599438,21060356184.0
2010-03-15,4523.61,4530.22,4468.32,4498.09,15324122,17332256947.0
2010-03-16,4494.44,4555.31,4487.26,4555.31,16042872,18166444731.0
2010-03-17,4566.41,4674.64,4562.89,4674.64,23557346,27081316833.0
2010-03-18,4680.97,4702.18,4661.87,4686.25,23401174,27391968049.0
2010-03-19,4685.39,4726.74,4675.29,4723.85,24598942,28209586403.0
2010-03-22,4727.62,4767.16,4717.6,4766.94,26611457,29907294596.0
2010-03-23,4764.46,4772.88,4722.23,4739.37,25726721,29356832005.0
2010-03-24,4740.85,4764.17,4734.84,4750.99,26037783,29588209886.0
2010-03-25,4738.48,4738.48,4673.92,4678.81,25576855,28816775831.0
2010-03-26,4671.04,4745.96,4667.11,4742.47,22040026,25596563397.0
2010-03-29,4754.34,4776.45,4730.68,4770.54,23794925,28475290720.0
2010-03-30,4768.34,4804.22,4757.41,4800.45,23150003,27563394273.0
2010-03-31,4796.98,4822.08,4785.14,4822.08,26453051,30938596281.0
2010-04-01,4825.02,4904.3,4825.02,4904.3,33234781,38970977839.0
2010-04-02,4905.15,4924.71,4890.6,4922.82,30192645,35293547149.0
2010-04-06,4934.54,4946.53,4904.43,4942.33,28887721,33669973036.0
2010-04-07,4934.03,4951.73,4910.69,4951.73,25147351,30881360644.0
2010-04-08,4943.46,4973.17,4934.42,4956.37,28810981,35166066510.0
2010-04-09,4956.02,5031.25,4956.02,5031.25,28687494,35118135537.0
2010-04-12,5042.4,5088.29,5042.32,5088.29,37388723,45953172179.0
2010-04-13,5085.98,5096.26,4863.93,4989.39,37330979,45764966392.0
2010-04-14,4979.61,5074.68,4967.58,5074.68,29512031,35736386045.0
2010-04-15,5072.44,5083.15,4982.38,5024.77,29919563,36013654939.0
2010-04-16,5003.3,5060.51,4968.61,5019.35,22644312,27546636988.0
2010-04-19,4970.82,5001.17,4805.14,4806.11,28991826,34263338000.0
2010-04-20,4797.43,4875.36,4721.83,4875.09,25616413,30085437859.0
2010-04-21,4875.59,5029.83,4875.59,5029.03,30961711,38311002550.0
2010-04-22,5014.71,5101.7,4983.89,5060.75,31925137,39621607203.0
2010-04-23,5047.73,5092.53,4985.3,5007.6,28868502,35897349429.0
2010-04-26,5010.75,5027.58,4975.97,4999.06,23916181,29822466317.0
2010-04-27,4980.26,4980.26,4775.24,4869.61,25950078,30612910770.0
2010-04-28,4797.18,4888.72,4776.87,4834.79,21062891,25659191911.0
2010-04-29,4840.27,4872.15,4686.54,4686.94,24663377,28935819489.0
2010-04-30,4660.72,4666.54,4446.61,4527.76,21206810,23695623421.0
2010-05-04,4440.05,4561.57,4406.26,4520.36,15726977,17576440013.0
2010-05-05,4469.48,4663.09,4469.48,4662.84,19549629,22238561056.0
2010-05-06,4647.98,4685.91,4531.56,4533.9,20821356,23518259019.0
2010-05-07,4425.17,4544.4,4395.61,4453.17,18961783,21520440451.0
2010-05-10,4445.12,4492.48,4279.21,4367.27,18760415,21254467427.0
2010-05-11,4445.28,4465.54,4225.82,4239.79,19276373,21274678437.0
2010-05-12,4203.75,4251.88,4073.1,4134.52,18362245,18626777800.0
2010-05-13,4131.42,4236.4,4044.52,4236.4,18333425,18238855992.0
2010-05-14,4204.46,4292.14,4178.97,4257.81,17333995,18452086025.0
2010-05-17,4202.32,4202.32,3981.2,3981.29,18239201,18108878061.0
2010-05-18,3954.47,4022.24,3852.67,4007.42,18538967,17987409795.0
2010-05-19,3980.12,4065.78,3939.08,4007.16,16088787,16059685353.0
2010-05-20,3972.05,4047.39,3908.76,3918.58,15450011,15070740156.0
2010-05-21,3802.06,3993.74,3779.69,3993.74,18864999,18348593198.0
2010-05-24,4022.89,4191.25,4022.89,4179.35,24403597,24939715531.0
2010-05-25,4154.3,4201.22,4118.44,4169.41,22546803,22664558639.0
2010-05-26,4153.68,4202.21,4139.92,4182.71,17051520,17581445703.0
2010-05-27,4171.49,4272.79,4126.04,4264.16,21016878,21697859118.0
2010-05-28,4297.02,4309.41,4248.63,4281.09,21107962,22351746920.0
2010-05-31,4262.43,4306.73,4149.96,4149.96,20266252,21304663564.0
2010-06-01,4108.79,4134.7,3967.33,4061.45,18219926,18455984981.0
2010-06-02,4043.22,4129.53,4006.13,4129.53,15105583,15348779193.0
2010-06-03,4145.08,4195.22,4098.05,4098.9,17740038,18810540710.0
2010-06-04,4068.77,4138.02,4057.52,4133.33,14137760,14977694641.0
2010-06-07,4044.27,4128.91,4026.96,4119.62,15374416,16544734670.0
2010-06-08,4113.05,4183.31,4112.36,4180.62,16968260,18731789768.0
2010-06-09,4192.7,4288.9,4190.33,4288.9,21829111,22673408682.0
2010-06-10,4269.69,4328.45,4269.69,4297.88,19855119,21099476697.0
2010-06-11,4311.43,4327.65,4272.39,4277.14,17169068,18944144246.0
2010-06-17,4300.1,4319.79,4230.97,4231.55,14090117,15631392320.0
2010-06-18,4220.8,4220.8,4041.61,4067.74,16416094,17570772920.0
2010-06-21,4047.85,4169.36,4014.36,4169.36,16537145,16792568908.0
2010-06-22,4166.48,4221.82,4155.94,4207.43,16901382,17391943199.0
2010-06-23,4188.6,4238.03,4144.63,4205.53,17135816,18004295126.0
2010-06-24,4198.99,4227.28,4173.12,4207.91,14387577,14570825376.0
2010-06-25,4189.72,4194.71,4100.57,4139.81,14011781,14036316443.0
2010-06-28,4133.04,4137.61,4037.91,4053.19,11164559,11371221183.0
2010-06-29,4049.75,4066.9,3814.47,3814.47,16834477,16368002728.0
2010-06-30,3771.69,3771.69,3687.95,3732.65,12723866,12017580063.0
2010-07-01,3722.41,3760.66,3676.6,3685.54,14182106,14229808598.0
2010-07-02,3676.01,3678.62,3492.26,3659.95,18580034,17855574441.0
2010-07-05,3614.05,3652.79,3562.73,3627.29,12463376,12370572507.0
2010-07-06,3617.51,3738.74,3616.42,3738.74,16291797,16213991148.0
2010-07-07,3742.8,3795.59,3726.93,3795.59,16093305,16253010274.0
2010-07-08,3801.14,3814.03,3735.03,3773.37,15662634,16347491018.0
2010-07-09,3772.33,3892.93,3749.8,3886.27,21379212,21957959197.0
2010-07-12,3886.43,3946.7,3879.5,3934.18,20997399,21977180456.0
2010-07-13,3901.66,3901.66,3832.4,3878.64,18656255,19927979745.0
2010-07-14,3882.4,3949.89,3882.4,3916.17,19029780,20379450005.0
2010-07-15,3907.59,3942.27,3816.8,3816.8,17920600,18607677957.0
2010-07-16,3793.09,3847.47,3746.86,3841.83,15350133,15839355537.0
2010-07-19,3805.5,3937.28,3792.01,3930.96,18075213,18773637477.0
2010-07-20,3939.44,4053.19,3939.44,4053.19,27987351,29376507767.0
2010-07-21,4051.57,4087.0,4040.86,4059.38,27255296,29729880039.0
2010-07-22,4047.94,4125.25,4042.66,4125.25,25790739,27244421172.0
2010-07-23,4129.55,4135.99,4073.52,4131.47,24375488,27214315559.0
2010-07-26,4136.44,4189.9,4125.02,4188.47,25195193,27448664297.0
2010-07-27,4179.4,4207.46,4161.9,4184.58,25745503,27817998091.0
2010-07-28,4173.59,4266.85,4163.14,4266.85,31082329,33614182587.0
2010-07-29,4272.65,4299.57,4243.46,4296.21,32943206,35021504792.0
2010-07-30,4289.97,4311.37,4241.85,4299.05,26976921,29324544648.0
2010-08-02,4298.68,4389.72,4298.68,4389.72,32222205,35204904405.0
2010-08-03,4394.86,4417.92,4320.95,4320.95,36248245,38741282362.0
2010-08-04,4304.86,4372.51,4253.97,4372.51,31282951,33084035330.0
2010-08-05,4369.34,4433.18,4354.96,4396.12,33402695,35664189021.0
2010-08-06,4387.82,4480.65,4360.85,4480.65,34411457,37748294595.0
2010-08-09,4486.45,4549.79,4482.74,4549.79,34064906,39780882848.0
2010-08-10,4550.46,4554.58,4385.81,4385.81,34481118,40174107822.0
2010-08-11,4364.37,4442.65,4364.37,4439.11,24127287,28569555321.0
2010-08-12,4391.64,4466.27,4372.14,4388.62,27586985,32691013194.0
2010-08-13,4390.05,4471.54,4359.04,4471.54,24683778,28606537425.0
2010-08-16,4470.43,4579.27,4465.26,4573.42,33168063,38294191266.0
2010-08-17,4584.45,4629.67,4566.16,4618.33,34682964,40443188175.0
2010-08-18,4617.06,4631.0,4557.83,4611.65,31184948,37066861595.0
2010-08-19,4607.08,4653.36,4580.76,4621.57,32357544,38471263891.0
2010-08-20,4599.29,4604.41,4520.4,4522.61,31040557,36632800473.0
2010-08-23,4519.5,4579.6,4519.5,4565.87,26297193,30572233469.0
2010-08-24,4559.53,4644.71,4529.91,4626.35,30078611,35006375854.0
2010-08-25,4599.38,4629.46,4529.61,4534.71,30682389,34822456033.0
2010-08-26,4543.79,4579.04,4518.11,4562.35,24486572,28648974421.0
2010-08-27,4555.53,4593.93,4534.04,4585.51,21385724,25738818893.0
2010-08-30,4606.94,4705.88,4606.94,4705.88,30781840,37389321072.0
2010-08-31,4691.88,4768.08,4678.78,4755.85,33963110,42597991951.0
2010-09-01,4761.28,4791.65,4643.16,4698.73,37997489,47193669118.0
2010-09-02,4730.3,4806.2,4705.7,4802.27,38966584,46863826350.0
2010-09-03,4808.34,4855.38,4777.5,4845.91,39890318,49787399637.0
2010-09-06,4868.43,4877.55,4793.32,4824.31,39440090,48353695052.0
2010-09-07,4818.19,4865.78,4784.44,4865.78,30532354,35956542746.0
2010-09-08,4843.68,4908.77,4828.05,4905.63,32586479,38797748390.0
2010-09-09,4914.43,4933.28,4825.52,4837.02,37319883,46034956994.0
2010-09-10,4831.84,4891.84,4760.58,4886.05,33025336,41028971733.0
2010-09-13,4896.5,4969.13,4890.25,4967.47,33803385,42188534712.0
2010-09-14,4975.59,5001.63,4949.95,4982.86,36605137,45931881800.0
2010-09-15,4980.28,4980.28,4869.45,4888.01,33842350,41693344666.0
2010-09-16,4881.21,4901.56,4703.6,4766.85,31944327,38391810187.0
2010-09-17,4770.41,4812.53,4741.16,4767.48,23647185,28575217200.0
2010-09-20,4767.34,4781.22,4672.86,4695.95,21083783,24630099540.0
2010-09-21,4700.0,4715.32,4642.85,4677.68,16358019,19405215633.0
2010-09-27,4696.7,4801.46,4696.7,4801.46,19686212,23417110637.0
2010-09-28,4796.27,4816.51,4769.97,4785.7,22736566,27197776087.0
2010-09-29,4778.79,4790.64,4706.21,4720.63,20235714,24754315564.0
2010-09-30,4695.9,4785.49,4682.88,4785.49,18333137,22046187772.0
2010-10-08,4819.0,4917.72,4819.0,4899.57,26799233,32742074465.0
2010-10-11,4914.31,4951.72,4877.78,4922.59,36287894,45307524418.0
2010-10-12,4907.14,4950.26,4887.9,4950.26,32880325,40736132856.0
2010-10-13,4947.21,4969.01,4900.34,4968.83,35810770,43446839224.0
2010-10-14,4975.9,4977.33,4806.77,4809.47,37423663,46216812034.0
2010-10-15,4779.7,4836.76,4753.97,4789.48,33663270,42590632024.0
2010-10-18,4784.12,4784.22,4471.4,4708.41,34306954,41721426916.0
2010-10-19,4699.82,4865.7,4699.12,4865.7,27906609,35399673891.0
2010-10-20,4774.57,4911.86,4754.34,4892.28,34915208,45309958944.0
2010-10-21,4897.23,4936.62,4864.27,4930.62,31092263,39632473410.0
2010-10-22,4929.92,4996.93,4926.14,4985.85,32829320,41984668834.0
2010-10-25,5004.19,5107.28,5004.19,5107.28,39926693,52189760658.0
2010-10-26,5119.92,5158.05,5087.05,5158.05,43152858,57913531702.0
2010-10-27,5156.79,5192.08,5106.74,5124.13,42595803,55376924834.0
2010-10-28,5103.27,5156.89,5086.86,5145.56,34806289,44589602219.0
2010-10-29,5151.64,5226.64,5142.68,5211.52,34586594,47653069636.0
2010-11-01,5232.57,5362.95,5232.57,5362.95,42128070,59833737161.0
2010-11-02,5369.64,5440.5,5342.23,5343.49,51100356,71662122914.0
2010-11-03,5329.36,5363.09,5271.08,5271.82,40014624,54544923531.0
2010-11-04,5272.22,5392.56,5272.22,5392.56,38501884,51304342665.0
2010-11-05,5439.44,5473.11,5414.91,5473.11,45670602,61633113964.0
2010-11-08,5494.18,5598.49,5490.64,5598.49,49945345,66408396323.0
2010-11-09,5604.38,5635.87,5568.22,5635.75,47690814,64553257337.0
2010-11-10,5620.44,5669.45,5596.35,5651.39,44241922,61781399331.0
2010-11-11,5624.63,5738.79,5596.31,5596.38,48221111,67661468265.0
2010-11-12,5565.7,5592.1,5223.82,5227.25,52475071,69865926360.0
2010-11-15,5232.54,5367.21,5186.59,5367.21,33301721,43954170051.0
2010-11-16,5367.05,5416.53,5144.76,5197.37,37430747,50908044372.0
2010-11-17,5126.01,5188.44,4976.71,5001.94,26583001,35677782800.0
2010-11-18,5037.75,5090.08,4962.94,5080.88,22306488,29761698652.0
2010-11-19,5099.98,5236.61,5075.76,5236.57,29050993,40759288522.0
2010-11-22,5205.91,5368.22,5195.62,5332.61,33897855,49408548927.0
2010-11-23,5314.47,5314.47,5158.92,5261.92,28996143,40857268194.0
2010-11-24,5230.5,5414.17,5230.5,5414.17,30351143,43649453020.0
2010-11-25,5436.3,5479.13,5417.94,5452.84,36490379,50799720170.0
2010-11-26,5439.52,5468.15,5378.16,5444.86,30056950,41464853677.0
2010-11-29,5435.43,5486.32,5397.6,5458.1,28474665,40014432732.0
2010-11-30,5451.03,5459.71,5146.8,5294.7,36325945,49468520341.0
2010-12-01,5276.01,5325.65,5249.53,5306.36,21952975,29854399521.0
2010-12-02,5365.06,5386.33,5327.06,5333.58,28636362,38838876987.0
2010-12-03,5329.13,5336.65,5244.42,5299.78,23876326,32622235947.0
2010-12-06,5299.74,5307.58,5191.13,5224.88,21531315,29017273790.0
2010-12-07,5205.65,5299.74,5136.72,5295.33,20969767,28479234029.0
2010-12-08,5285.04,5343.67,5279.49,5294.81,22305609,31714832478.0
2010-12-09,5265.12,5265.86,5185.31,5186.43,22226800,30387831142.0
2010-12-10,5154.91,5261.96,5151.15,5253.71,18609036,26050852479.0
2010-12-13,5274.5,5403.93,5274.5,5403.93,26217051,37758870771.0
2010-12-14,5421.63,5482.79,5404.1,5482.79,29766583,42853564421.0
2010-12-15,5477.04,5514.59,5460.59,5464.14,28228348,40652468805.0
2010-12-16,5451.94,5502.17,5450.32,5470.23,26157268,35687720703.0
2010-12-17,5460.37,5475.15,5441.91,5473.97,20707149,28069407673.0
2010-12-20,5486.26,5505.76,5270.11,5409.48,27992239,39366318937.0
2010-12-21,5407.15,5461.56,5366.49,5461.56,23787574,32661068468.0
2010-12-22,5460.36,5462.35,5401.42,5420.19,23045057,31672990341.0
2010-12-23,5408.57,5418.25,5299.81,5307.19,21160910,29020394684.0
2010-12-24,5280.7,5280.7,5159.41,5205.72,18981143,25333224823.0
2010-12-27,5218.95,5262.72,5031.06,5046.64,20756702,28326501618.0
2010-12-28,5015.79,5017.19,4895.81,4934.75,18328275,23649745545.0
2010-12-29,4935.49,5022.07,4928.57,5022.07,13759254,18431379089.0
2010-12-30,5019.55,5065.63,4995.3,5044.62,14692028,20317082244.0
2010-12-31,5047.44,5155.56,5047.44,5155.56,16892563,23704557761.0
2011-01-04,5179.36,5230.74,5160.53,5230.74,26287443,38963753310.0
2011-01-05,5211.74,5254.68,5185.43,5243.37,25513863,38451470828.0
2011-01-06,5243.61,5263.35,5209.78,5224.82,24260585,35586576480.0
2011-01-07,5212.85,5243.94,5161.79,5191.95,24598046,34477677069.0
2011-01-10,5186.72,5191.59,5051.14,5051.95,22427070,32264210920.0
2011-01-11,5033.27,5033.27,4953.43,5006.63,19132898,26156573700.0
2011-01-12,5011.44,5044.8,4342.89,5042.24,17525615,23945366972.0
2011-01-13,5056.25,5067.83,5030.83,5043.78,17280470,24244766890.0
2011-01-14,5033.91,5033.91,4933.28,4942.07,19416018,26378225278.0
2011-01-17,4907.93,4907.93,4715.26,4728.31,20671442,28290825371.0
2011-01-18,4707.54,4752.65,4678.67,4750.15,14078480,18728000546.0
2011-01-19,4750.89,4873.8,4743.63,4873.8,19328576,25415862843.0
2011-01-20,4861.98,4862.04,4699.43,4699.95,20776255,27548475925.0
2011-01-21,4682.72,4773.93,4668.9,4739.9,20293547,27309142813.0
2011-01-24,4740.8,4756.11,4635.73,4636.91,19587150,27552538427.0
2011-01-25,4622.43,4622.43,4500.92,4540.68,16075326,21276556511.0
2011-01-26,4536.74,4621.01,4536.74,4619.12,14438457,18941514934.0
2011-01-27,4594.22,4708.96,4566.6,4695.33,20108498,26267675799.0
2011-01-28,4688.32,4760.29,4681.3,4749.43,19004282,25286874962.0
2011-01-31,4746.74,4816.66,4736.94,4816.66,21466713,29755027475.0
2011-02-01,4816.71,4839.55,4801.61,4830.41,18043271,25683852491.0
2011-02-09,4796.68,4860.2,4782.74,4820.36,21369426,29657885875.0
2011-02-10,4815.24,4962.52,4812.02,4962.52,25781040,35716487942.0
2011-02-11,4961.37,5026.63,4949.47,5012.78,27088371,37419540635.0
2011-02-14,5017.08,5095.67,5017.08,5087.25,31469842,44230781163.0
2011-02-15,5088.64,5151.72,5070.64,5100.43,34975594,49308541847.0
2011-02-16,5091.26,5196.15,5087.31,5196.15,30723805,45480385289.0
2011-02-17,5207.77,5237.0,5161.81,5231.71,35386311,53687556655.0
2011-02-18,5220.2,5242.32,5172.9,5197.12,32677706,49779567471.0
2011-02-21,5164.56,5304.08,5157.75,5304.08,34636794,50830717760.0
2011-02-22,5309.88,5314.46,5164.44,5166.97,39939080,59175859072.0
2011-02-23,5147.97,5244.56,5147.97,5235.27,32278983,46706689875.0
2011-02-24,5223.03,5276.85,5211.73,5269.96,32532300,45690972644.0
2011-02-25,5262.88,5283.02,5216.02,5279.13,30230353,43201517401.0
2011-02-28,5280.21,5347.3,5254.26,5347.3,33234627,46923479058.0
2011-03-01,5351.2,5391.79,5332.6,5373.2,36685809,52203750269.0
2011-03-02,5350.41,5371.3,5275.45,5362.24,35143809,48459825020.0
2011-03-03,5359.19,5377.56,5255.4,5266.44,34825068,47490855082.0
2011-03-04,5263.51,5330.17,5249.37,5330.17,28323939,38159925018.0
2011-03-07,5344.66,5389.84,5344.66,5389.84,37471035,51147587682.0
2011-03-08,5385.09,5425.68,5361.81,5425.68,33885824,47987672172.0
2011-03-09,5423.58,5450.22,5406.18,5446.14,36887403,53661215227.0
2011-03-10,5437.65,5441.58,5408.43,5413.57,35342777,51380284161.0
2011-03-11,5387.33,5472.9,5382.47,5406.95,36576122,52788933317.0
2011-03-14,5383.97,5462.4,5377.86,5462.4,38161616,53587898420.0
2011-03-15,5454.69,5454.69,5300.92,5411.27,42579867,58675878117.0
2011-03-16,5405.03,5481.89,5405.03,5481.89,36852891,52417960246.0
2011-03-17,5438.87,5461.55,5355.37,5377.46,37501298,53641539729.0
2011-03-18,5401.45,5433.95,5385.66,5417.94,30320984,43236107253.0
2011-03-21,5405.48,5417.58,5363.91,5389.57,29230479,41998125026.0
2011-03-22,5393.8,5400.64,5323.07,5389.59,27501173,39381045477.0
2011-03-23,5381.71,5448.02,5375.29,5448.02,29778975,41623734537.0
2011-03-24,5448.34,5488.73,5435.17,5473.54,36651402,50378479730.0
2011-03-25,5466.35,5508.73,5465.61,5502.75,39168270,54458561267.0
2011-03-28,5511.46,5523.9,5482.61,5493.79,44191533,62391503660.0
2011-03-29,5479.4,5479.86,5398.04,5404.85,46027020,62946243496.0
2011-03-30,5391.95,5406.98,5335.68,5357.8,35037250,48318651350.0
2011-03-31,5351.18,5371.47,5278.08,5285.19,33463085,44713603956.0
2011-04-01,5278.54,5346.7,5268.44,5346.7,27174518,37439219824.0
2011-04-06,5327.26,5351.04,5312.56,5345.4,30239495,42336410617.0
2011-04-07,5340.33,5373.33,5318.68,5373.33,31174451,42029066395.0
2011-04-08,5370.26,5430.06,5360.66,5430.06,31591858,43750920111.0
2011-04-11,5433.08,5438.09,5390.89,5396.87,38445300,51731109802.0
2011-04-12,5381.97,5405.25,5351.46,5377.31,34529547,46117572434.0
2011-04-13,5358.02,5424.46,5328.59,5424.46,30719955,40185408506.0
2011-04-14,5421.91,5436.87,5404.92,5419.14,32826461,44214137376.0
2011-04-15,5406.51,5418.88,5356.62,5418.88,33999089,45183824903.0
2011-04-18,5403.82,5453.71,5396.06,5453.71,38905135,51349686493.0
2011-04-19,5427.75,5447.39,5373.87,5408.91,42594360,56255250863.0
2011-04-20,5401.47,5449.83,5401.3,5446.99,35437651,47136673344.0
2011-04-21,5452.31,5478.36,5444.46,5472.29,34484061,47657977859.0
2011-04-22,5465.83,5465.83,5419.11,5430.41,31631975,42263069447.0
2011-04-25,5414.55,5414.55,5298.65,5298.65,31789337,41780385349.0
2011-04-26,5271.72,5286.18,5172.86,5196.52,25425850,33214860734.0
2011-04-27,5198.14,5221.96,5087.53,5128.22,26695934,34468344150.0
2011-04-28,5128.21,5148.0,4946.7,4948.71,25434876,31854976563.0
2011-04-29,4940.53,5027.55,4922.74,5027.55,19071040,24616127879.0
2011-05-03,5029.67,5119.16,5012.78,5119.16,22197079,28944864733.0
2011-05-04,5101.63,5101.63,4998.98,5016.81,24706180,32175926056.0
2011-05-05,4996.25,5056.34,4993.1,5040.33,20151090,25665173743.0
2011-05-06,5005.82,5095.83,4980.17,5080.04,21036017,28146930196.0
2011-05-09,5085.36,5131.6,5085.36,5126.68,21672864,29279039541.0
2011-05-10,5128.88,5169.23,5108.33,5169.23,23499208,32021345501.0
2011-05-11,5164.61,5199.56,5126.81,5179.61,26816574,35488892539.0
2011-05-12,5145.18,5176.38,5099.74,5100.27,29078730,36843461282.0
2011-05-13,5092.31,5143.46,5054.29,5143.46,26014444,32889206765.0
2011-05-16,5142.36,5166.56,5133.72,5141.23,25442363,31704753242.0
2011-05-17,5128.59,5139.57,5047.57,5100.07,27447227,34965762175.0
2011-05-18,5084.62,5139.75,5072.47,5137.72,25063206,31076349649.0
2011-05-19,5139.42,5167.68,5111.85,5115.63,25721662,32390801038.0
2011-05-20,5105.39,5114.02,5073.37,5102.13,22829715,27274810086.0
2011-05-23,5092.35,5092.35,4905.23,4907.39,29138368,35315354990.0
2011-05-24,4877.9,4913.87,4805.25,4908.91,24851803,31132326094.0
2011-05-25,4902.75,4925.38,4849.58,4855.59,25473261,30548400226.0
2011-05-26,4871.09,4898.47,4815.71,4815.85,27171015,31699969186.0
2011-05-27,4801.7,4807.32,4641.23,4644.29,27378294,30369557710.0
2011-05-30,4618.52,4641.61,4556.99,4565.12,21302995,23608508576.0
2011-05-31,4559.63,4661.69,4552.23,4661.69,20692161,23941147318.0
2011-06-01,4655.29,4728.0,4640.63,4723.71,23782704,27176185909.0
2011-06-02,4664.2,4679.12,4586.98,4658.37,24416879,28679647974.0
2011-06-03,4655.33,4747.84,4655.33,4739.36,21460087,26449009174.0
2011-06-07,4734.79,4792.02,4725.07,4792.02,21958162,26276683214.0
2011-06-08,4789.81,4830.17,4741.2,4826.86,25896557,32537459693.0
2011-06-09,4815.06,4817.43,4716.72,4716.72,26118420,31941026006.0
2011-06-10,4696.93,4724.62,4628.98,4724.62,22449877,26964963215.0
2011-06-13,4694.37,4733.3,4650.16,4724.57,19314970,23486416742.0
2011-06-14,4721.76,4805.8,4719.12,4796.47,24277718,29395966350.0
2011-06-15,4786.72,4818.75,4754.11,4755.43,22683046,27449615293.0
2011-06-16,4713.32,4713.66,4636.66,4645.56,22002073,25488404344.0
2011-06-17,4637.51,4661.47,4566.94,4571.23,19677201,23287731365.0
2011-06-20,4555.24,4556.41,4474.58,4505.85,18055873,20685104812.0
2011-06-21,4507.34,4562.74,4484.4,4562.74,19788667,23487284747.0
2011-06-22,4563.09,4586.73,4540.52,4565.62,18709052,22395178755.0
2011-06-23,4551.16,4656.47,4518.12,4647.99,23584895,28234669636.0
2011-06-24,4633.75,4781.39,4623.47,4757.73,33552638,40736194415.0
2011-06-27,4761.06,4836.37,4760.86,4832.01,31753990,39670238133.0
2011-06-28,4832.73,4859.14,4809.39,4850.8,27646231,34332688616.0
2011-06-29,4847.03,4867.61,4800.19,4800.19,28106260,34631961760.0
2011-06-30,4793.81,4874.48,4793.81,4872.27,26898137,33074944246.0
2011-07-01,4885.06,4931.46,4880.29,4899.16,35957753,44805201514.0
2011-07-04,4912.41,5011.68,4912.41,5011.68,43281513,56166524218.0
2011-07-05,5019.74,5060.43,5007.3,5055.65,43815269,58311083597.0
2011-07-06,5043.51,5081.96,5012.49,5081.96,41652160,54974108485.0
2011-07-07,5070.25,5134.24,5053.34,5073.06,44543584,60300725125.0
2011-07-08,5061.25,5079.22,5018.93,5057.72,33954029,43708349131.0
2011-07-11,5049.66,5112.38,5037.28,5110.36,36341919,46407927398.0
2011-07-12,5056.31,5073.77,5027.46,5030.08,41774768,53536683115.0
2011-07-13,5023.03,5132.07,5023.03,5132.07,38186464,50275037501.0
2011-07-14,5136.73,5187.08,5122.19,5187.08,43936121,58771699773.0
2011-07-15,5176.12,5229.1,5165.66,5229.1,47871760,64457783458.0
2011-07-18,5232.3,5257.07,5214.34,5235.19,43756521,58836365060.0
2011-07-19,5211.54,5211.54,5155.91,5176.19,37877457,49953039167.0
2011-07-20,5196.97,5214.53,5129.46,5184.12,34927269,45512695411.0
2011-07-21,5176.68,5179.95,5110.49,5111.41,33034205,42483917582.0
2011-07-22,5118.93,5159.32,5111.15,5143.21,30784452,40274734299.0
2011-07-25,5126.23,5126.23,4901.89,4920.46,40903785,52085599546.0
2011-07-26,4907.77,4951.52,4880.42,4951.52,28357019,34838284243.0
2011-07-27,4940.15,5042.86,4913.72,5037.96,31547246,40050916898.0
2011-07-28,4975.71,5018.89,4957.46,5013.66,29763099,38479971256.0
2011-07-29,5007.9,5031.36,4951.12,4963.42,28057864,36372995080.0
2011-08-01,4953.59,5010.19,4941.49,4995.39,24359137,31297023904.0
2011-08-02,4981.33,4981.33,4888.38,4971.39,28979912,36497281951.0
2011-08-03,4923.48,5007.67,4903.56,4995.0,26737826,35176212126.0
2011-08-04,4999.26,5035.78,4999.03,5016.52,27740560,36447763588.0
2011-08-05,4852.44,4937.39,4816.35,4896.38,29987331,37584823938.0
2011-08-08,4826.06,4842.18,4539.71,4627.1,36772771,44152816948.0
2011-08-09,4479.24,4647.66,4385.51,4619.64,34936684,41545949318.0
2011-08-10,4686.78,4753.18,4686.78,4693.61,35755695,44938797169.0
2011-08-11,4585.32,4780.69,4572.24,4780.69,35804962,43996700875.0
2011-08-12,4807.16,4856.81,4806.29,4838.92,37129324,46655168416.0
2011-08-15,4847.62,4918.89,4847.62,4918.89,34263505,43334026027.0
2011-08-16,4923.41,4935.88,4872.41,4888.68,32845159,42029307662.0
2011-08-17,4875.5,4907.36,4854.56,4881.84,29605861,37450995281.0
2011-08-18,4875.93,4880.45,4787.66,4789.21,28248852,34609543343.0
2011-08-19,4685.37,4742.32,4662.65,4742.32,24807863,30226822027.0
2011-08-22,4738.5,4785.84,4699.02,4715.7,22672863,28402810029.0
2011-08-23,4725.94,4799.18,4715.76,4799.18,23854581,29816588675.0
2011-08-24,4821.44,4852.22,4790.2,4797.8,28274398,35973067273.0
2011-08-25,4799.23,4879.62,4782.67,4879.62,31022193,37656276069.0
2011-08-26,4865.47,4916.43,4854.53,4905.07,28708163,36016396198.0
2011-08-29,4888.86,4899.21,4866.66,4876.72,27293798,34413191644.0
2011-08-30,4894.09,4926.7,4824.11,4824.92,28513620,35229146283.0
2011-08-31,4821.1,4841.75,4748.6,4798.73,24438598,29180612355.0
2011-09-01,4801.87,4833.45,4750.68,4771.88,22517802,26679340284.0
2011-09-02,4762.91,4771.52,4684.33,4716.88,19326077,22801790419.0
2011-09-05,4674.47,4674.47,4595.76,4596.13,19462208,22474905413.0
2011-09-06,4562.82,4598.67,4544.28,4568.59,17309746,20267777132.0
2011-09-07,4580.44,4684.1,4580.44,4684.1,23508657,27223083538.0
2011-09-08,4698.65,4705.92,4635.0,4635.03,23530126,27609645568.0
2011-09-09,4629.63,4670.99,4588.09,4609.58,19504450,23190310862.0
2011-09-13,4533.0,4547.51,4502.93,4532.08,19194493,22316798590.0
2011-09-14,4548.67,4589.69,4480.98,4589.69,20360030,24009720448.0
2011-09-15,4593.09,4630.1,4585.68,4598.45,21487372,25516674976.0
2011-09-16,4610.36,4629.62,4595.79,4598.82,20014998,23988393911.0
2011-09-19,4580.07,4580.07,4507.68,4507.68,18611998,21287299630.0
2011-09-20,4495.39,4553.95,4476.07,4537.53,18420581,22016616821.0
2011-09-21,4534.95,4669.9,4523.67,4666.07,29249984,35166395870.0
2011-09-22,4631.8,4650.4,4529.96,4529.96,26318660,31514592605.0
2011-09-23,4449.63,4509.93,4426.5,4494.48,22944487,26503755998.0
2011-09-26,4475.63,4516.97,4412.56,4426.4,20195864,23558546396.0
2011-09-27,4450.04,4475.37,4398.57,4441.81,19883347,23180045991.0
2011-09-28,4458.46,4472.2,4344.65,4358.34,20461346,23790469849.0
2011-09-29,4331.22,4331.22,4185.8,4189.11,21409278,23277462271.0
2011-09-30,4192.62,4212.61,4122.48,4174.45,15433113,16664905721.0
2011-10-10,4184.09,4200.13,4146.51,4159.45,13505480,14890177775.0
2011-10-11,4242.47,4270.78,4108.03,4152.72,19763804,22492470944.0
2011-10-12,4136.67,4303.15,4093.18,4302.1,28476883,31344846008.0
2011-10-13,4296.47,4371.31,4285.42,4370.72,30545977,34883432548.0
2011-10-14,4357.69,4366.39,4309.69,4350.42,22879540,26104261900.0
2011-10-17,4356.75,4387.01,4336.07,4368.77,22608087,26907856727.0
2011-10-18,4341.78,4343.07,4227.29,4230.95,24941164,28617117540.0
2011-10-19,4232.19,4255.95,4189.02,4216.67,19814958,22383572710.0
2011-10-20,4199.43,4199.43,4054.44,4088.08,21273298,22999799578.0
2011-10-21,4077.76,4086.1,4004.71,4008.55,16673495,17741133036.0
2011-10-24,4007.49,4071.46,3918.86,4071.46,22000394,23342556998.0
2011-10-25,4065.09,4192.33,4053.56,4185.19,30401096,33213761605.0
2011-10-26,4154.52,4256.19,4142.24,4217.89,33666835,37127500513.0
2011-10-27,4217.95,4261.51,4199.16,4216.23,29722573,32756109652.0
2011-10-28,4258.77,4306.4,4238.42,4306.4,34333502,37715654017.0
2011-10-31,4303.37,4350.13,4292.45,4350.13,32014935,37567459969.0
2011-11-01,4312.11,4368.66,4294.72,4355.0,32945125,38564044822.0
2011-11-02,4284.45,4432.33,4265.36,4432.33,38542615,44911027175.0
2011-11-03,4451.92,4520.75,4451.92,4458.45,50929304,60801112230.0
2011-11-04,4475.8,4503.66,4451.24,4491.17,37961308,45205978105.0
2011-11-07,4479.52,4517.04,4465.35,4474.75,29648077,35221376370.0
2011-11-08,4470.74,4485.41,4411.87,4420.98,29205368,33953397955.0
2011-11-09,4427.31,4501.26,4385.84,4501.26,30523855,36507925043.0
2011-11-10,4450.63,4495.98,4437.93,4441.79,33252592,41732675718.0
2011-11-11,4441.29,4480.75,4420.96,4441.94,28033393,32780093763.0
2011-11-14,4474.53,4553.24,4474.53,4553.24,34655653,41626601210.0
2011-11-15,4552.8,4587.39,4547.18,4587.39,34584636,40956105200.0
2011-11-16,4586.21,4586.21,4457.43,4474.27,37685003,43684511027.0
2011-11-17,4471.59,4525.95,4456.24,4474.34,27483088,32530483404.0
2011-11-18,4444.92,4444.92,4325.66,4333.89,28092043,31973669961.0
2011-11-21,4326.48,4347.0,4287.21,4347.0,20308270,22736809110.0
2011-11-22,4308.5,4341.69,4272.7,4341.69,20941940,23422172605.0
2011-11-23,4343.4,4363.39,4310.82,4318.12,19484245,22691026406.0
2011-11-24,4279.34,4337.21,4248.43,4311.28,22124369,25003972456.0
2011-11-25,4306.05,4336.82,4267.66,4280.95,21105723,23966732732.0
2011-11-28,4283.89,4304.89,4251.61,4283.1,19566734,22928642670.0
2011-11-29,4316.23,4358.57,4301.98,4358.57,24492615,28333088077.0
2011-11-30,4352.35,4352.35,4109.1,4164.12,29357519,32777781164.0
2011-12-01,4278.11,4319.83,4238.57,4254.09,32549978,36937924053.0
2011-12-02,4232.55,4232.55,4137.22,4164.81,24152225,26636279247.0
2011-12-05,4150.52,4150.52,4012.86,4021.21,19268815,20916923347.0
2011-12-06,4006.46,4035.36,3962.99,4022.73,17345025,18305795417.0
2011-12-07,4017.67,4051.61,4001.12,4035.03,16234234,17718498753.0
2011-12-08,4023.25,4068.46,3953.17,4034.05,20013131,22297987032.0
2011-12-09,4002.45,4041.32,3978.78,3991.45,15623913,17359284046.0
2011-12-12,3989.66,4003.11,3935.5,3939.27,15031461,16282281474.0
2011-12-13,3918.62,3918.62,3777.1,3789.03,20604113,20571945272.0
2011-12-14,3773.09,3803.36,3696.03,3705.48,16567001,17109531068.0
2011-12-15,3681.81,3681.81,3594.68,3598.94,19331345,18846148669.0
2011-12-16,3592.2,3705.58,3581.43,3705.58,19402497,19349398691.0
2011-12-19,3683.04,3716.98,3617.34,3715.7,19889928,20407936534.0
2011-12-20,3703.86,3755.46,3692.6,3701.62,20304679,20497365771.0
2011-12-21,3723.75,3742.82,3600.69,3602.6,19030324,19311630772.0
2011-12-22,3569.41,3574.63,3418.37,3535.24,22329274,21504044986.0
2011-12-23,3520.31,3598.35,3503.19,3561.98,19539168,19064108223.0
2011-12-26,3558.99,3594.91,3535.96,3536.29,16231459,16205116609.0
2011-12-27,3521.74,3521.74,3418.61,3422.98,16886556,16491790738.0
2011-12-28,3396.07,3396.07,3300.8,3393.37,17595039,16220330024.0
2011-12-29,3376.41,3418.38,3363.23,3394.85,15150172,14070146330.0
2011-12-30,3399.63,3457.19,3399.63,3456.29,16631763,15765789995.0
2012-01-04,3478.34,3494.01,3362.83,3362.83,18486035,18109445693.0
2012-01-05,3337.37,3337.37,3200.99,3205.4,21303427,20009790770.0
2012-01-06,3190.72,3224.99,3126.58,3224.5,19084907,17407054878.0
2012-01-09,3221.74,3365.9,3191.0,3365.9,26758133,24141792150.0
2012-01-10,3366.37,3506.94,3357.48,3503.24,38670095,35544647529.0
2012-01-11,3498.71,3543.26,3476.91,3519.51,35495706,33606807533.0
2012-01-12,3504.84,3559.31,3494.77,3518.88,31587110,30330502001.0
2012-01-13,3512.56,3517.77,3355.08,3374.16,31409155,29873651898.0
2012-01-16,3338.85,3352.69,3255.89,3255.89,19378629,18158912392.0
2012-01-17,3248.03,3437.33,3232.53,3437.33,29892423,27901915269.0
2012-01-18,3442.7,3472.08,3337.52,3350.37,30876434,29926137508.0
2012-01-19,3339.49,3397.54,3313.72,3374.29,23504975,22590453092.0
2012-01-20,3375.79,3422.75,3371.09,3415.75,21982155,20947137023.0
2012-01-30,3425.4,3447.33,3397.62,3404.91,19385850,18803702773.0
2012-01-31,3396.25,3409.21,3360.15,3406.68,18033641,17144092179.0
2012-02-01,3399.93,3439.65,3375.3,3387.94,20922844,20032657674.0
2012-02-02,3391.77,3457.05,3391.12,3457.05,24523387,23690379943.0
2012-02-03,3454.79,3525.2,3444.5,3518.87,32676348,30803110755.0
2012-02-06,3524.48,3561.18,3517.14,3557.08,34369644,32199027209.0
2012-02-07,3540.96,3540.96,3469.83,3496.4,29014620,27013856395.0
2012-02-08,3489.76,3593.28,3480.04,3593.28,35189670,33789768626.0
2012-02-09,3589.93,3660.19,3583.8,3627.82,44879393,43008710107.0
2012-02-10,3622.81,3664.81,3618.73,3648.42,38111083,36895122824.0
2012-02-13,3621.37,3714.45,3604.36,3700.1,39876186,40003349435.0
2012-02-14,3697.35,3713.01,3674.03,3703.36,34996669,33640498162.0
2012-02-15,3698.88,3769.99,3686.39,3769.99,44607414,42795966232.0
2012-02-16,3765.16,3799.29,3734.83,3775.8,45583451,43934130708.0
2012-02-17,3778.31,3791.36,3721.32,3763.09,36107831,35890516548.0
2012-02-20,3807.93,3816.26,3769.23,3771.66,38992428,39846311976.0
2012-02-21,3765.47,3820.26,3723.99,3820.26,38080735,40742174672.0
2012-02-22,3819.69,3895.77,3816.51,3895.77,50991579,54396376475.0
2012-02-23,3892.53,3916.34,3857.78,3900.04,46677014,50650959082.0
2012-02-24,3896.02,3941.75,3883.43,3941.75,48570537,49958936601.0
2012-02-27,3948.55,4003.72,3942.39,3942.39,58651828,61085270643.0
2012-02-28,3923.23,3933.56,3855.6,3907.7,48490532,51034974928.0
2012-02-29,3896.11,3917.63,3856.02,3858.54,37604712,40084369867.0
2012-03-01,3843.99,3910.41,3842.02,3887.17,32115439,34080433795.0
2012-03-02,3891.39,3961.58,3891.39,3961.58,40646766,42959700579.0
2012-03-05,3971.62,3996.05,3971.62,3981.73,44385233,47632469656.0
2012-03-06,3973.32,3973.38,3913.85,3954.19,44450420,47150949576.0
2012-03-07,3912.03,3989.1,3899.53,3939.31,42022233,44043283789.0
2012-03-08,3947.31,4004.43,3947.31,3993.56,39562062,41060850711.0
2012-03-09,4002.38,4053.9,3994.49,4053.9,42298528,46281571400.0
2012-03-12,4060.53,4078.68,4041.95,4078.68,42466047,47736851794.0
2012-03-13,4074.99,4114.57,4062.05,4114.57,45201684,49465965207.0
2012-03-14,4126.94,4152.03,3887.28,3919.62,70821135,77953349519.0
2012-03-15,3907.14,3938.58,3797.19,3869.06,48521636,51208373737.0
2012-03-16,3872.74,3971.51,3867.09,3971.51,43729243,47136307904.0
2012-03-19,3970.25,4040.96,3957.08,4040.96,42891734,47328848676.0
2012-03-20,4028.37,4028.37,3949.38,3949.49,40456960,44517035840.0
2012-03-21,3959.06,3982.64,3890.58,3965.64,38666767,43818084042.0
2012-03-22,3960.41,3987.21,3932.58,3956.74,34161698,37393201023.0
2012-03-23,3941.92,3941.92,3855.15,3873.49,32224099,34251649762.0
2012-03-26,3863.5,3880.0,3828.6,3860.82,24495341,26525321262.0
2012-03-27,3872.74,3898.06,3846.81,3852.9,26970509,29075158158.0
2012-03-28,3835.22,3835.22,3655.52,3663.07,34526637,34766925845.0
2012-03-29,3636.35,3645.55,3542.07,3580.75,28899341,27969355841.0
2012-03-30,3575.35,3601.52,3528.67,3560.49,25340204,23850824256.0
2012-04-05,3562.15,3677.11,3555.71,3676.55,28386076,27710501367.0
2012-04-06,3675.84,3722.83,3669.29,3713.28,30448414,30136980618.0
2012-04-09,3702.71,3718.73,3665.89,3666.37,26308428,25655458309.0
2012-04-10,3647.14,3710.36,3576.44,3710.36,30693245,28966097115.0
2012-04-11,3667.46,3739.42,3648.17,3739.42,34396228,31382239828.0
2012-04-12,3740.79,3818.15,3735.67,3818.15,43773876,39918713805.0
2012-04-13,3823.76,3869.57,3816.08,3850.73,47198744,43515192199.0
2012-04-16,3822.88,3885.14,3812.16,3868.56,43211929,39234163754.0
2012-04-17,3864.33,3883.65,3814.09,3815.25,45940691,40397920879.0
2012-04-18,3818.11,3907.44,3813.73,3904.49,50063092,45380700944.0
2012-04-19,3902.26,3921.41,3878.46,3901.32,44659943,42541305718.0
2012-04-20,3890.64,3938.39,3879.42,3932.12,48156825,44115728116.0
2012-04-23,3927.51,3930.33,3848.04,3867.25,53684760,50002591919.0
2012-04-24,3828.31,3877.18,3708.51,3832.42,55965470,50457804218.0
2012-04-25,3820.21,3906.54,3812.08,3894.92,57763720,50930399870.0
2012-04-26,3899.52,3905.75,3854.68,3870.69,52823139,46736419078.0
2012-04-27,3858.76,3867.35,3833.62,3837.88,39354635,34782657025.0
2012-05-02,3875.5,3891.06,3836.73,3874.24,45148165,42440496139.0
2012-05-03,3866.26,3892.93,3856.22,3892.93,40823936,39162050482.0
2012-05-04,3889.18,3925.58,3880.13,3924.26,42583144,42260949175.0
2012-05-07,3903.46,3954.18,3896.88,3954.18,41209447,41596935831.0
2012-05-08,3950.95,3972.92,3924.58,3958.42,42221025,42597138325.0
2012-05-09,3932.23,3932.23,3893.76,3897.47,42082252,41692315256.0
2012-05-10,3889.71,3926.96,3889.71,3912.47,35786792,35641312318.0
2012-05-11,3909.24,3931.79,3886.52,3886.52,37113556,36863366959.0
2012-05-14,3916.21,3933.61,3878.72,3880.78,38840043,37411768614.0
2012-05-15,3849.34,3865.88,3814.82,3865.88,37910370,35798752954.0
2012-05-16,3857.78,3868.28,3825.56,3826.03,34798615,31829390280.0
2012-05-17,3821.01,3881.54,3810.44,3880.79,39238653,36203044667.0
2012-05-18,3856.1,3873.25,3799.64,3810.51,40426758,36343022785.0
2012-05-21,3802.52,3824.5,3761.18,3802.15,33354331,31390143269.0
2012-05-22,3811.95,3852.18,3811.95,3852.18,31923786,30631225145.0
2012-05-23,3845.12,3859.53,3800.73,3844.08,38039164,36244266931.0
2012-05-24,3832.32,3854.92,3806.05,3816.31,35564273,34627075496.0
2012-05-25,3816.26,3823.2,3761.15,3773.09,34341286,32370631636.0
2012-05-28,3759.78,3822.53,3694.43,3822.53,40247099,38410865167.0
2012-05-29,3819.59,3886.37,3817.0,3881.07,46035093,45035227376.0
2012-05-30,3877.27,3903.62,3870.39,3889.62,40673140,39066589801.0
2012-05-31,3869.31,3921.23,3856.05,3898.59,36222136,36044934367.0
2012-06-01,3896.87,3919.87,3874.03,3892.22,33957647,33592475529.0
2012-06-04,3826.08,3845.85,3755.0,3755.0,38195872,36598476005.0
2012-06-05,3756.77,3777.72,3733.57,3748.98,28480640,27126601274.0
2012-06-06,3753.89,3772.41,3713.49,3734.67,24938888,23830500070.0
2012-06-07,3766.55,3779.84,3702.65,3712.7,27389725,25376833737.0
2012-06-08,3742.76,3745.32,3689.54,3697.72,26728721,25431188914.0
2012-06-11,3697.24,3760.43,3683.22,3760.43,27244841,26670787385.0
2012-06-12,3744.69,3759.02,3727.1,3738.89,25331679,24642590172.0
2012-06-13,3742.89,3803.82,3737.66,3803.82,30867211,30178043843.0
2012-06-14,3796.46,3821.16,3774.72,3777.59,30222841,29388764825.0
2012-06-15,3780.95,3805.7,3737.53,3784.17,28189280,27923137739.0
2012-06-18,3796.15,3830.06,3796.15,3824.15,27852589,28545609898.0
2012-06-19,3818.44,3824.22,3794.63,3799.52,28385997,28452618471.0
2012-06-20,3803.67,3816.55,3778.74,3784.33,25264894,24633444766.0
2012-06-21,3777.62,3777.62,3712.71,3729.21,27249516,25850786828.0
2012-06-25,3716.49,3716.49,3631.95,3633.24,24758714,23202790125.0
2012-06-26,3612.75,3642.05,3568.1,3627.99,23411308,21916632091.0
2012-06-27,3624.3,3663.95,3614.19,3615.95,23569263,22592542768.0
2012-06-28,3620.47,3634.09,3562.42,3562.42,24996414,23618656312.0
2012-06-29,3543.99,3610.25,3523.18,3610.25,23547535,21865967547.0
2012-07-02,3628.8,3676.4,3625.12,3659.61,29378489,32047601003.0
2012-07-03,3656.51,3700.72,3650.07,3672.97,32388878,34020558171.0
2012-07-04,3675.5,3684.43,3645.88,3659.61,30934651,32134752809.0
2012-07-05,3647.35,3647.35,3561.58,3572.75,29730424,30078357932.0
2012-07-06,3587.68,3645.55,3543.14,3645.55,33299009,35249597624.0
2012-07-09,3623.75,3640.22,3552.73,3553.28,34030637,35922105842.0
2012-07-10,3538.78,3551.36,3501.37,3512.12,28355809,28967516095.0
2012-07-11,3504.89,3544.09,3496.53,3544.09,26253795,26941690170.0
2012-07-12,3536.86,3608.66,3515.96,3596.42,33976506,35737693150.0
2012-07-13,3581.58,3606.66,3560.84,3570.77,29775163,31194893252.0
2012-07-16,3563.17,3563.48,3414.66,3416.2,35001241,34798187920.0
2012-07-17,3398.12,3445.55,3384.68,3445.55,26910195,26660161667.0
2012-07-18,3437.65,3476.42,3396.65,3476.42,29903933,29278514137.0
2012-07-19,3467.46,3549.26,3458.54,3525.84,38195898,35641637767.0
2012-07-20,3519.59,3545.35,3501.34,3510.48,31887488,29994649181.0
2012-07-23,3489.56,3498.25,3447.91,3477.06,28230588,26673163394.0
2012-07-24,3454.43,3527.36,3447.81,3507.03,28996850,26832408036.0
2012-07-25,3495.88,3518.07,3476.31,3482.59,28155651,26804510894.0
2012-07-26,3477.21,3507.22,3441.49,3444.94,25657745,24749378932.0
2012-07-27,3454.14,3466.01,3408.68,3420.61,24488217,24224836156.0
2012-07-30,3416.92,3435.7,3320.17,3335.24,25625185,23538393052.0
2012-07-31,3324.87,3326.44,3253.93,3272.06,24588104,22303830533.0
2012-08-01,3267.74,3352.78,3267.74,3333.01,23683080,22157827292.0
2012-08-02,3327.65,3349.31,3293.56,3314.23,22576159,21499109456.0
2012-08-03,3319.09,3393.94,3312.92,3393.94,26273801,24767162696.0
2012-08-06,3381.39,3485.65,3376.77,3484.0,33620426,32896192258.0
2012-08-07,3483.03,3524.75,3479.3,3524.75,39182284,36001821640.0
2012-08-08,3520.97,3535.37,3488.32,3515.61,37552169,34083181678.0
2012-08-09,3510.21,3565.9,3491.76,3565.9,41252729,37423629366.0
2012-08-10,3561.85,3572.94,3545.26,3562.51,38151626,33947434035.0
2012-08-13,3554.65,3557.64,3488.43,3489.25,34847690,31228091251.0
2012-08-14,3483.77,3526.63,3425.83,3526.63,37070054,33657208660.0
2012-08-15,3519.49,3525.73,3486.54,3490.39,32237435,28651792600.0
2012-08-16,3480.19,3495.12,3455.47,3462.82,27429335,24256482320.0
2012-08-17,3457.61,3474.78,3426.46,3465.93,24293237,21448666745.0
2012-08-20,3448.27,3492.51,3423.58,3487.6,26630774,23986752852.0
2012-08-21,3485.82,3560.25,3482.38,3549.84,35908284,34234663453.0
2012-08-22,3549.05,3556.6,3512.16,3528.2,35168943,33162353617.0
2012-08-23,3521.89,3558.72,3510.07,3556.22,34662487,32278231896.0
2012-08-24,3542.97,3545.37,3475.56,3475.56,34021026,30954436690.0
2012-08-27,3457.28,3457.28,3394.33,3394.92,29955288,27360878874.0
2012-08-28,3386.63,3442.99,3379.18,3420.87,26023863,24072202663.0
2012-08-29,3415.57,3449.3,3401.51,3408.17,27871942,26320211327.0
2012-08-30,3398.2,3416.37,3285.59,3340.95,31949182,29581183395.0
2012-08-31,3330.92,3366.84,3320.93,3354.8,22788439,20273589197.0
2012-09-03,3347.03,3423.44,3341.67,3417.64,26781691,24401230742.0
2012-09-04,3418.2,3437.95,3386.46,3390.99,27931957,26016922304.0
2012-09-05,3384.02,3430.28,3376.99,3419.6,27157569,24838817051.0
2012-09-06,3423.91,3458.19,3421.86,3458.19,29219570,26902500787.0
2012-09-07,3482.53,3600.19,3482.53,3569.98,58661569,53267389645.0
2012-09-10,3571.24,3619.73,3561.83,3608.76,51614573,47938169275.0
2012-09-11,3596.41,3602.09,3573.21,3602.09,42973556,39680898074.0
2012-09-12,3612.15,3628.53,3586.49,3628.53,43634569,39292788547.0
2012-09-13,3625.71,3634.01,3567.51,3567.51,42544751,39010470288.0
2012-09-14,3592.05,3607.64,3538.62,3568.22,39561615,36248260186.0
2012-09-17,3563.9,3565.8,3462.53,3462.53,35531614,31823971894.0
2012-09-18,3447.8,3478.94,3436.54,3454.67,25995982,23223610764.0
2012-09-19,3457.31,3488.25,3455.66,3486.53,25160964,22231300524.0
2012-09-20,3480.23,3480.23,3361.5,3364.47,32486921,28024553359.0
2012-09-21,3351.94,3375.22,3325.9,3329.3,26860274,23215521088.0
2012-09-24,3311.99,3364.24,3284.43,3351.99,24109411,20646478100.0
2012-09-25,3343.63,3364.78,3314.01,3323.86,24047894,20042506689.0
2012-09-26,3315.49,3325.8,3224.68,3231.02,23770238,19652124300.0
2012-09-27,3227.5,3323.16,3225.91,3301.32,28273113,23265820837.0
2012-09-28,3288.97,3359.25,3280.18,3359.22,27580912,22998357356.0
2012-10-08,3361.28,3382.12,3341.34,3358.49,21602845,18704861240.0
2012-10-09,3359.95,3451.72,3359.95,3451.72,34707166,29974243646.0
2012-10-10,3446.93,3494.37,3438.2,3494.37,40453624,33554755623.0
2012-10-11,3489.3,3498.43,3439.71,3440.52,40884746,34021052148.0
2012-10-12,3442.05,3473.11,3395.82,3432.24,32981093,26666157754.0
2012-10-15,3428.38,3428.38,3372.86,3405.95,29690130,23962556884.0
2012-10-16,3401.1,3443.62,3390.88,3418.92,30265840,24969458039.0
2012-10-17,3421.95,3441.07,3394.84,3432.01,30816196,24232048163.0
2012-10-18,3430.32,3494.55,3430.32,3486.98,41952920,32808212837.0
2012-10-19,3484.83,3493.08,3468.96,3477.78,33449153,27524653844.0
2012-10-22,3458.75,3495.2,3449.97,3492.79,29862533,24736633324.0
2012-10-23,3492.53,3500.65,3453.16,3455.7,35828046,29050331656.0
2012-10-24,3434.44,3461.21,3427.94,3440.75,32551625,24190528040.0
2012-10-25,3440.99,3460.66,3400.98,3401.95,34907279,26280263478.0
2012-10-26,3397.84,3401.85,3308.93,3327.72,31630598,24511069523.0
2012-10-29,3318.97,3335.93,3304.42,3321.76,22786735,17185637639.0
2012-10-30,3320.0,3356.61,3320.0,3327.51,24757356,18825798969.0
2012-10-31,3326.23,3342.92,3308.76,3342.92,24247599,18926430930.0
2012-11-01,3343.17,3409.63,3343.17,3402.75,35375695,27977478881.0
2012-11-02,3403.37,3419.4,3385.77,3418.42,35197698,26521362513.0
2012-11-05,3416.22,3424.96,3391.32,3406.77,31562874,25215937967.0
2012-11-06,3405.99,3405.99,3332.9,3380.06,32505978,25843360325.0
2012-11-07,3376.73,3395.18,3361.58,3380.4,26606001,22078554471.0
2012-11-08,3354.83,3355.68,3293.7,3293.7,32259613,25001792650.0
2012-11-09,3283.87,3308.94,3273.17,3284.72,25462697,19505583285.0
2012-11-12,3285.93,3314.02,3283.19,3312.96,25664984,20279564280.0
2012-11-13,3312.98,3312.98,3240.29,3245.89,30633488,22649553991.0
2012-11-14,3242.14,3251.06,3210.26,3248.08,24362209,18412828812.0
2012-11-15,3234.58,3245.29,3184.44,3185.24,24435834,18542415164.0
2012-11-16,3178.3,3178.67,3143.04,3165.49,22109397,16723882785.0
2012-11-19,3162.5,3183.68,3135.74,3183.37,21435559,16329542437.0
2012-11-20,3188.62,3202.73,3173.76,3174.42,22747563,17529301936.0
2012-11-21,3170.43,3208.17,3130.32,3208.17,27341096,20721062408.0
2012-11-22,3195.46,3195.46,3161.96,3169.89,24627457,18277298633.0
2012-11-23,3166.5,3194.75,3163.83,3177.76,23903126,17922235617.0
2012-11-26,3175.09,3175.37,3135.0,3137.87,22211029,16708307450.0
2012-11-27,3127.64,3127.64,3005.27,3005.27,27530230,20054281068.0
2012-11-28,2988.75,2988.75,2921.78,2930.07,22425018,15726849376.0
2012-11-29,2927.73,2954.0,2888.67,2892.59,20888284,14522392327.0
2012-11-30,2889.21,2933.38,2880.77,2930.45,21960914,15066196439.0
2012-12-03,2926.67,2941.67,2849.6,2850.82,22978730,15694779154.0
2012-12-04,2839.7,2891.1,2798.27,2887.79,27334407,17946844939.0
2012-12-05,2880.15,3017.89,2873.95,2999.13,41490477,28968169883.0
2012-12-06,2996.91,3018.39,2980.62,2998.71,32953771,23149926825.0
2012-12-07,2994.53,3076.48,2986.16,3071.86,46063651,31929150470.0
2012-12-10,3076.9,3130.84,3065.6,3128.4,49458464,35847218566.0
2012-12-11,3117.68,3141.24,3100.6,3104.63,44816198,32621298732.0
2012-12-12,3099.04,3117.14,3068.21,3104.94,37472748,27245676744.0
2012-12-13,3097.57,3112.89,3059.03,3061.62,34755003,24490697918.0
2012-12-14,3054.65,3188.34,3054.65,3183.75,59244471,43200612871.0
2012-12-17,3188.29,3210.6,3171.96,3201.26,53424805,41640457762.0
2012-12-18,3195.9,3233.6,3176.62,3192.98,47887146,37641943808.0
2012-12-19,3186.81,3219.45,3182.16,3205.87,37897381,29961425868.0
2012-12-20,3198.37,3219.52,3168.02,3215.95,39828563,31677556576.0
2012-12-21,3216.75,3255.34,3200.77,3218.08,41919132,34921625608.0
2012-12-24,3212.27,3246.91,3209.53,3244.1,34606936,29676145384.0
2012-12-25,3239.01,3326.79,3232.24,3318.39,57412400,46137906720.0
2012-12-26,3317.39,3373.75,3313.96,3373.75,58920338,46465621233.0
2012-12-27,3377.3,3391.57,3339.94,3340.74,59527404,47502690025.0
2012-12-28,3335.71,3378.98,3326.12,3378.98,50062614,39420190002.0
2012-12-31,3384.58,3409.61,3373.73,3406.8,48029139,40376902991.0
2013-01-04,3427.27,3434.72,3358.3,3391.45,55378826,49400878419.0
2013-01-07,3387.16,3441.69,3380.11,3441.69,56401236,49777722342.0
2013-01-08,3444.44,3501.48,3426.98,3492.86,69849821,62542161099.0
2013-01-09,3487.33,3526.02,3461.28,3497.93,73056367,63866089335.0
2013-01-10,3493.87,3530.58,3492.49,3524.25,64209319,55683105986.0
2013-01-11,3525.95,3534.48,3446.31,3454.62,69427742,62802567071.0
2013-01-14,3449.48,3581.01,3449.03,3578.98,74044364,69256773243.0
2013-01-15,3583.84,3659.87,3583.7,3649.14,91420266,85229770187.0
2013-01-16,3643.42,3656.87,3580.84,3645.82,82218812,75105729509.0
2013-01-17,3639.06,3646.8,3593.07,3602.85,63930476,59918297784.0
2013-01-18,3605.09,3659.57,3594.82,3659.57,64001510,59260001382.0
2013-01-21,3663.77,3689.91,3645.51,3689.91,65795719,60844879035.0
2013-01-22,3685.27,3685.27,3590.16,3617.13,64846818,60295253609.0
2013-01-23,3605.1,3630.77,3570.81,3630.04,58280833,52886270799.0
2013-01-24,3627.28,3657.68,3511.36,3540.22,69589374,64024341073.0
2013-01-25,3532.52,3556.97,3517.32,3536.9,42688426,39298451508.0
2013-01-28,3536.28,3629.36,3536.28,3629.36,49166785,46363943171.0
2013-01-29,3632.45,3671.29,3625.51,3663.64,57102915,52676947526.0
2013-01-30,3666.21,3672.06,3626.88,3661.03,59215562,53957708288.0
2013-01-31,3655.88,3657.06,3617.58,3639.19,53885824,49433682502.0
2013-02-01,3632.69,3664.88,3622.89,3659.46,52516219,48502873815.0
2013-02-04,3664.59,3672.31,3610.21,3624.82,56637102,52953970865.0
2013-02-05,3605.23,3657.51,3593.2,3657.51,47706728,43483364266.0
2013-02-06,3658.07,3691.81,3658.07,3681.31,42858438,40702644280.0
2013-02-07,3681.27,3706.57,3665.37,3700.57,40657425,39063615589.0
2013-02-08,3700.11,3763.4,3699.94,3755.54,42782208,42218155271.0
2013-02-18,3774.06,3801.89,3762.9,3797.69,54301735,52747802330.0
2013-02-19,3794.52,3799.16,3723.08,3737.65,55775443,51807062631.0
2013-02-20,3734.22,3818.44,3733.2,3818.44,56063909,53686020585.0
2013-02-21,3797.96,3800.27,3717.77,3750.17,63409196,60854591759.0
2013-02-22,3742.91,3784.23,3738.36,3744.1,46120169,45062499411.0
2013-02-25,3752.5,3797.04,3751.26,3790.96,46447265,46487313507.0
2013-02-26,3775.2,3807.76,3740.23,3743.81,55447268,56284326705.0
2013-02-27,3746.55,3775.55,3713.43,3745.41,47563604,48544514023.0
2013-02-28,3751.82,3815.72,3739.3,3815.72,55404248,55156127143.0
2013-03-01,3812.45,3876.64,3809.04,3876.64,63526147,65086468499.0
2013-03-04,3847.07,3847.2,3733.81,3760.61,74447381,71672361529.0
2013-03-05,3754.67,3848.59,3744.29,3848.59,58206979,57083886020.0
2013-03-06,3855.49,3914.84,3855.49,3914.84,72515285,71796378423.0
2013-03-07,3909.43,3916.14,3827.82,3867.61,70618629,68544629154.0
2013-03-08,3866.65,3884.07,3824.18,3829.17,51514351,49657364143.0
2013-03-11,3823.26,3848.73,3803.93,3832.11,43929899,40611212247.0
2013-03-12,3829.91,3847.22,3679.0,3726.21,59522296,55896722001.0
2013-03-13,3715.09,3717.83,3656.72,3696.45,44432853,41096463477.0
2013-03-14,3686.44,3728.68,3683.27,3709.72,38373254,36109472923.0
2013-03-15,3707.1,3765.32,3672.57,3715.14,45100033,43139701482.0
2013-03-18,3703.14,3722.71,3668.69,3671.8,38558559,36631421676.0
2013-03-19,3669.64,3689.66,3613.2,3675.68,39018300,37041638998.0
2013-03-20,3675.11,3769.26,3673.02,3769.26,48578394,46385596212.0
2013-03-21,3768.48,3829.12,3767.51,3818.09,56442431,55089368888.0
2013-03-22,3812.61,3833.2,3800.16,3827.1,50061809,46571839895.0
2013-03-25,3827.62,3844.81,3803.41,3834.29,47325817,45107869276.0
2013-03-26,3822.38,3822.75,3764.62,3814.19,48650405,46508021146.0
2013-03-27,3811.66,3847.04,3798.34,3825.75,46197709,45250182006.0
2013-03-28,3801.36,3801.36,3710.24,3710.24,49404295,46647398416.0
2013-03-29,3709.37,3734.72,3695.06,3712.22,38171596,37146406588.0
2013-04-01,3710.33,3755.56,3710.32,3743.37,38123344,37978036929.0
2013-04-02,3741.7,3770.94,3673.8,3680.15,44027699,44211869423.0
2013-04-03,3678.89,3687.38,3625.5,3642.59,42112052,39844498908.0
2013-04-08,3597.39,3669.02,3548.96,3669.01,42463464,40238322484.0
2013-04-09,3666.48,3707.53,3666.34,3703.4,38983791,37354240258.0
2013-04-10,3697.6,3708.31,3652.12,3685.73,37806712,36015466536.0
2013-04-11,3690.89,3702.91,3672.55,3674.33,36424867,33365724440.0
2013-04-12,3667.61,3686.2,3640.87,3643.71,33993416,31004241552.0
2013-04-15,3632.5,3632.5,3583.94,3594.43,31431888,28384385791.0
2013-04-16,3560.81,3629.74,3545.6,3629.74,31677948,29427326911.0
2013-04-17,3627.76,3669.81,3626.29,3669.81,31311741,31180779907.0
2013-04-18,3650.82,3689.28,3638.09,3681.91,33527444,33687630827.0
2013-04-19,3681.87,3762.4,3681.87,3752.88,46065961,45795154909.0
2013-04-22,3739.32,3793.25,3737.49,3793.25,47241625,48010916910.0
2013-04-23,3790.75,3790.78,3682.75,3685.55,47977849,48481507256.0
2013-04-24,3682.07,3774.48,3681.0,3770.95,44270557,47412603574.0
2013-04-25,3763.74,3789.45,3700.49,3700.49,49579773,53986555496.0
2013-04-26,3693.93,3705.33,3620.41,3627.5,37106276,38611762034.0
2013-05-02,3615.23,3667.16,3605.87,3667.16,28425770,30432735389.0
2013-05-03,3674.16,3752.7,3674.16,3746.93,41185513,42979559606.0
2013-05-06,3753.78,3821.54,3753.78,3817.58,46778676,50789526963.0
2013-05-07,3813.07,3836.21,3799.18,3829.52,45384174,47602094596.0
2013-05-08,3833.92,3877.75,3830.56,3877.75,48955404,53011376233.0
2013-05-09,3874.25,3892.92,3846.63,3892.92,56215287,62265525631.0
2013-05-10,3886.0,3912.35,3867.0,3912.06,54585020,59267556518.0
2013-05-13,3912.17,3936.81,3893.22,3936.81,49325521,53843604360.0
2013-05-14,3929.39,3929.39,3866.05,3889.65,46944199,50199617229.0
2013-05-15,3888.15,3953.85,3888.15,3953.85,46446986,50636873951.0
2013-05-16,3947.51,3999.97,3939.43,3977.96,62981306,69532859489.0
2013-05-17,3972.41,4037.42,3969.94,4031.56,63796805,65851520313.0
2013-05-20,4039.56,4105.23,4036.18,4105.23,75222500,81130283560.0
2013-05-21,4101.09,4168.57,4093.69,4168.57,74865954,81521544323.0
2013-05-22,4158.74,4164.86,4093.93,4111.25,73126834,78961929021.0
2013-05-23,4094.11,4153.43,4076.16,4089.16,64903986,67702091475.0
2013-05-24,4089.49,4160.95,4089.49,4160.95,57761472,62285783646.0
2013-05-27,4164.27,4210.93,4163.81,4210.93,63705975,71174197920.0
2013-05-28,4207.92,4212.07,4137.09,4179.86,67505585,71075472306.0
2013-05-29,4178.14,4216.17,4174.72,4213.76,63329325,64834094686.0
2013-05-30,4199.12,4238.52,4188.8,4231.04,62418455,65706448761.0
2013-05-31,4230.77,4256.53,4210.3,4210.97,64315826,68170531289.0
2013-06-03,4204.52,4220.44,4163.58,4172.69,56174742,61768277249.0
2013-06-04,4166.93,4166.93,4041.68,4080.09,56870094,60269377551.0
2013-06-05,4073.73,4110.79,4067.03,4104.91,43438045,46076960130.0
2013-06-06,4088.04,4093.52,4033.78,4036.82,45104276,46821439060.0
2013-06-07,4036.28,4062.93,3959.86,3985.51,47453490,48770039134.0
2013-06-13,3939.75,3939.75,3788.3,3887.75,44387214,44629006195.0
2013-06-14,3892.87,3981.8,3892.87,3975.52,42188318,46776689964.0
2013-06-17,3985.37,4028.77,3967.97,3996.34,46110424,52257846768.0
2013-06-18,3995.61,4013.98,3947.0,4005.14,41621879,45923649995.0
2013-06-19,3984.79,3987.3,3926.6,3987.3,40639074,44255483603.0
2013-06-20,3965.7,3976.15,3859.83,3860.89,40875203,43747504691.0
2013-06-21,3791.66,3855.66,3721.59,3833.82,40189806,41264624962.0
2013-06-24,3824.98,3824.98,3570.71,3604.75,47784422,46945106157.0
2013-06-25,3563.81,3616.72,3330.6,3602.57,59335053,55807449287.0
2013-06-26,3598.27,3697.96,3578.03,3697.96,50686996,53537089317.0
2013-06-27,3703.46,3758.31,3625.64,3625.68,55869028,59055428047.0
2013-06-28,3599.11,3680.9,3556.3,3602.11,42771846,42919592870.0
2013-07-01,3594.87,3693.6,3582.4,3693.6,38958083,41590943535.0
2013-07-02,3695.51,3769.93,3692.47,3769.93,48886352,55607329307.0
2013-07-03,3758.15,3789.83,3690.79,3780.6,50712673,57092271638.0
2013-07-04,3761.03,3839.36,3742.64,3795.61,54343627,57661099259.0
2013-07-05,3795.21,3830.27,3756.33,3756.33,50909690,52346873847.0
2013-07-08,3698.58,3705.5,3611.25,3620.65,47893443,46784669447.0
2013-07-09,3612.35,3650.7,3595.79,3650.7,36798728,38145317757.0
2013-07-10,3649.54,3751.05,3648.77,3751.05,48918199,48738187891.0
2013-07-11,3747.89,3855.89,3747.89,3832.03,64681864,62081587218.0
2013-07-12,3828.74,3884.54,3820.95,3829.2,57146481,60921611405.0
2013-07-15,3833.03,3923.38,3833.03,3923.38,55851763,62425570393.0
2013-07-16,3927.98,3966.64,3902.4,3966.64,58538894,63014029472.0
2013-07-17,3957.36,3979.76,3889.21,3908.83,60919216,63890687733.0
2013-07-18,3895.67,3933.6,3867.41,3911.2,56634089,58126261494.0
2013-07-19,3909.24,3958.21,3832.16,3832.16,63718575,66693784768.0
2013-07-22,3806.73,3919.3,3794.54,3919.3,50383589,54039270200.0
2013-07-23,3928.55,4015.22,3928.55,4015.22,64604799,70023284137.0
2013-07-24,4010.29,4064.61,3986.12,4057.86,67645799,74586878761.0
2013-07-25,4057.98,4066.01,3951.42,3963.31,65622663,73073521901.0
2013-07-26,3950.73,3984.38,3905.06,3968.93,50975271,55280569041.0
2013-07-29,3952.46,3966.77,3894.07,3901.1,48705140,52626622379.0
2013-07-30,3898.47,3921.88,3797.8,3882.32,46604459,50259640889.0
2013-07-31,3888.09,3925.29,3885.45,3900.49,43020988,44950458539.0
2013-08-01,3904.84,4026.47,3904.84,4026.47,57295128,61159422658.0
2013-08-02,4040.02,4078.69,4034.8,4038.77,63577496,68860351134.0
2013-08-05,4036.29,4102.13,4036.29,4102.13,55481187,58902076774.0
2013-08-06,4100.47,4155.57,4092.63,4146.67,63460297,66574516430.0
2013-08-07,4140.77,4147.76,4086.93,4094.32,65208908,67065259934.0
2013-08-08,4081.52,4137.07,4074.38,4113.07,53518606,54999776254.0
2013-08-09,4116.27,4142.62,4056.86,4113.43,56797537,58948106125.0
2013-08-12,4118.48,4146.49,4105.05,4146.49,65786976,65472444761.0
2013-08-13,4145.74,4178.39,4130.03,4178.39,60722531,59907697320.0
2013-08-14,4181.01,4202.15,4147.25,4175.45,63558307,64297855064.0
2013-08-15,4168.58,4182.05,4129.32,4131.23,59409961,61698428087.0
2013-08-16,4104.5,4165.91,4029.65,4032.38,63185335,64217302774.0
2013-08-19,4010.64,4129.44,4007.3,4129.44,47782429,50519006536.0
2013-08-20,4126.69,4163.46,4110.8,4141.53,53891482,57492736700.0
2013-08-21,4136.15,4164.53,4117.84,4164.53,51411000,53766900187.0
2013-08-22,4157.79,4200.04,4156.48,4181.36,55396824,58856090756.0
2013-08-23,4189.57,4210.37,4101.79,4184.82,63949315,70413876017.0
2013-08-26,4186.71,4267.37,4186.71,4267.37,61955373,65984032901.0
2013-08-27,4266.08,4306.38,4247.76,4306.38,66373766,69630829060.0
2013-08-28,4280.21,4300.45,4248.54,4257.97,76765767,80759675974.0
2013-08-29,4255.02,4272.25,4229.1,4260.79,67835144,66154305241.0
2013-08-30,4256.81,4270.0,4164.49,4181.74,84967551,81962277812.0
2013-09-02,4173.48,4218.4,4147.44,4218.4,63153128,59871649937.0
2013-09-03,4221.02,4290.87,4216.86,4290.87,66334085,64939799817.0
2013-09-04,4290.87,4311.21,4273.97,4298.86,68242048,69110021959.0
2013-09-05,4292.64,4333.82,4282.72,4324.73,66810123,70159295592.0
2013-09-06,4317.88,4357.44,4309.43,4352.46,66097718,69198744510.0
2013-09-09,4355.51,4373.89,4340.57,4369.94,76220440,79151998902.0
2013-09-10,4372.78,4387.76,4352.6,4387.76,82248067,83755321834.0
2013-09-11,4382.22,4382.22,4296.34,4318.72,88709502,85964884180.0
2013-09-12,4302.42,4340.64,4297.48,4319.11,67222910,64169782608.0
2013-09-13,4314.72,4360.37,4300.15,4352.95,61962406,62342304932.0
2013-09-16,4354.72,4403.52,4354.72,4384.99,59468963,63874773419.0
2013-09-17,4384.62,4384.62,4324.22,4325.06,61955350,63238988580.0
2013-09-18,4320.39,4366.14,4315.18,4366.14,49950361,53144252162.0
2013-09-23,4372.88,4455.81,4372.88,4455.81,62235430,67978944782.0
2013-09-24,4455.43,4476.0,4417.95,4468.38,70562403,76487788603.0
2013-09-25,4464.49,4485.34,4439.36,4447.11,71671652,76892014769.0
2013-09-26,4437.38,4449.53,4375.46,4378.19,63272884,68408258175.0
2013-09-27,4378.41,4411.63,4378.41,4393.74,51440395,57968358773.0
2013-09-30,4405.45,4470.45,4405.45,4470.45,44992325,53314981544.0
2013-10-08,4476.78,4542.31,4471.67,4542.31,58208220,68742673701.0
2013-10-09,4537.15,4612.13,4526.54,4612.13,67191504,78482947066.0
2013-10-10,4619.85,4620.73,4558.38,4567.57,76335445,88880756360.0
2013-10-11,4576.75,4613.58,4562.18,4613.58,74209245,83224011661.0
2013-10-14,4614.79,4666.22,4607.93,4665.91,80666147,89780379008.0
2013-10-15,4669.7,4676.49,4629.51,4662.77,79287459,90632653898.0
2013-10-16,4651.25,4651.25,4495.95,4518.72,73260603,82216684222.0
2013-10-17,4534.22,4578.33,4504.02,4517.77,68961440,76182607365.0
2013-10-18,4513.65,4557.93,4509.03,4549.99,56823024,62757367060.0
2013-10-21,4561.34,4673.76,4561.34,4673.76,73234540,83371241126.0
2013-10-22,4673.03,4695.68,4609.94,4621.39,87793557,101518767230.0
2013-10-23,4608.21,4609.14,4474.65,4504.0,78577712,85872313740.0
2013-10-24,4488.92,4515.1,4460.63,4469.64,54412236,58996864123.0
2013-10-25,4470.25,4485.49,4358.69,4388.61,57451323,64102832214.0
2013-10-28,4380.43,4394.9,4357.0,4384.39,48264886,53312485605.0
2013-10-29,4375.6,4405.14,4142.72,4269.66,69568196,72586010046.0
2013-10-30,4254.27,4335.59,4250.32,4335.59,52444195,56870444259.0
2013-10-31,4323.68,4323.68,4266.9,4270.97,52007702,53541771879.0
2013-11-01,4246.99,4265.81,4189.42,4240.21,45905880,48051164171.0
2013-11-04,4234.14,4285.83,4234.14,4267.37,38943516,41510879412.0
2013-11-05,4257.64,4340.39,4225.4,4340.39,49174222,51413673537.0
2013-11-06,4329.77,4381.46,4303.9,4303.9,58073422,61473053852.0
2013-11-07,4282.13,4306.19,4238.86,4246.21,44878409,46229044932.0
2013-11-08,4223.51,4235.99,4172.08,4186.18,43754927,45279948082.0
2013-11-11,4177.11,4227.76,4149.45,4213.14,37982767,39644857884.0
2013-11-12,4209.54,4248.37,4195.72,4248.37,44381324,46185474090.0
2013-11-13,4239.52,4239.74,4173.45,4173.5,44623493,46416493695.0
2013-11-14,4159.24,4242.91,4133.72,4242.91,46715236,53064675039.0
2013-11-15,4242.94,4358.54,4242.94,4324.29,62762393,70767805057.0
2013-11-18,4346.21,4421.24,4343.86,4421.24,70825798,76307984982.0
2013-11-19,4427.64,4456.89,4417.56,4446.49,67821938,73504308653.0
2013-11-20,4449.16,4486.61,4432.08,4486.61,68196112,71547664595.0
2013-11-21,4472.09,4489.45,4442.3,4478.39,72435297,78798662039.0
2013-11-22,4476.97,4491.17,4450.83,4467.83,63342554,68936617829.0
2013-11-25,4459.09,4507.21,4444.93,4473.54,61344834,67979083730.0
2013-11-26,4467.42,4502.71,4454.84,4490.51,59258067,67547016790.0
2013-11-27,4485.66,4559.45,4483.22,4559.45,63154697,76407755531.0
2013-11-28,4562.76,4610.24,4562.71,4587.69,69419017,78642285258.0
2013-11-29,4587.02,4646.57,4587.02,4643.3,69151893,84213755977.0
2013-12-02,4497.19,4534.35,4330.88,4354.57,84377917,92447386765.0
2013-12-03,4298.71,4434.67,4277.03,4427.71,59298062,67903050515.0
2013-12-04,4418.53,4513.63,4412.42,4465.71,72285883,79373534863.0
2013-12-05,4460.32,4473.3,4428.31,4436.97,64972729,70338160167.0
2013-12-06,4424.81,4444.09,4406.56,4430.06,55180429,57601639910.0
2013-12-09,4439.3,4494.5,4439.3,4494.5,55015116,60108781712.0
2013-12-10,4499.14,4507.37,4467.33,4491.97,60176513,63557065884.0
2013-12-11,4482.38,4488.08,4429.29,4465.05,54400370,58124821551.0
2013-12-12,4457.0,4528.83,4456.03,4507.55,50424208,58810689261.0
2013-12-13,4491.58,4530.07,4476.0,4520.79,49935860,56398659972.0
2013-12-16,4521.32,4524.86,4448.47,4460.13,55904895,58190331281.0
2013-12-17,4455.89,4469.85,4409.3,4433.7,47363748,48944044224.0
2013-12-18,4432.91,4454.68,4412.6,4429.14,41341859,42549185366.0
2013-12-19,4434.23,4460.16,4392.21,4393.52,41539329,44076090562.0
2013-12-20,4390.96,4408.8,4329.65,4348.8,42815055,43539931249.0
2013-12-23,4344.47,4353.12,4266.77,4334.17,38548820,40789743741.0
2013-12-24,4335.37,4406.02,4335.37,4379.27,40966373,44574571601.0
2013-12-25,4381.57,4454.3,4371.82,4454.3,43668866,51790599681.0
2013-12-26,4454.27,4457.73,4373.48,4375.16,48482136,55773704629.0
2013-12-27,4368.93,4464.94,4368.93,4455.35,47338606,54096075321.0
2013-12-30,4473.65,4494.81,4464.51,4487.49,50978162,57754257928.0
2013-12-31,4473.2,4488.93,4440.41,4482.86,47264737,52932326239.0
2014-01-02,4477.76,4539.54,4470.13,4539.5,46888048,54014229329.0
2014-01-03,4530.64,4543.21,4504.95,4531.75,54297714,62043078033.0
2014-01-06,4522.04,4522.04,4408.39,4411.27,55573213,61178493995.0
2014-01-07,4391.45,4458.56,4382.78,4458.56,44584941,50475932318.0
2014-01-08,4466.04,4521.71,4466.02,4504.67,53139077,65633909315.0
2014-01-09,4499.1,4531.29,4431.44,4431.8,53621772,66202600952.0
2014-01-10,4415.1,4432.85,4339.46,4354.84,46212832,51380480723.0
2014-01-13,4350.65,4386.5,4320.72,4346.71,40214700,44929233277.0
2014-01-14,4346.66,4447.7,4345.42,4447.7,45163671,50337247518.0
2014-01-15,4445.89,4494.1,4440.85,4494.1,48173643,57231748106.0
2014-01-16,4493.5,4518.33,4476.44,4485.27,48984270,58142923483.0
2014-01-17,4473.46,4477.49,4441.82,4445.2,42829880,49426989812.0
2014-01-20,4442.76,4462.48,4390.82,4415.1,42394005,50648016538.0
2014-01-21,4410.08,4486.87,4409.94,4486.87,46133096,55570933763.0
2014-01-22,4486.86,4584.08,4486.86,4584.08,62216446,73264870585.0
2014-01-23,4581.14,4647.51,4576.68,4627.34,60604536,75095120887.0
2014-01-24,4617.82,4705.33,4614.45,4695.29,66327202,80308948939.0
2014-01-27,4675.59,4725.97,4652.33,4682.05,60592700,75541042109.0
2014-01-28,4680.31,4703.59,4624.46,4667.73,50261883,62191054322.0
2014-01-29,4670.2,4733.71,4670.11,4730.86,50287709,62542744544.0
2014-01-30,4722.92,4743.73,4701.09,4714.68,43586710,56202738181.0
2014-02-07,4688.68,4818.25,4673.21,4818.25,52199437,63887250887.0
2014-02-10,4829.61,4943.38,4829.61,4943.38,83068900,99886579588.0
2014-02-11,4944.97,4979.22,4874.54,4941.81,85038825,102218829763.0
2014-02-12,4942.31,5005.03,4920.6,5005.03,82547086,96792741954.0
2014-02-13,4999.26,5008.39,4901.68,4901.68,88716215,103374736749.0
2014-02-14,4899.41,5000.59,4896.22,5000.59,73504341,85142475358.0
2014-02-17,5019.18,5117.39,5019.18,5117.39,89647488,106313574133.0
2014-02-18,5119.09,5136.51,5086.17,5120.24,91304635,106722263916.0
2014-02-19,5115.11,5149.06,5083.95,5120.14,90640796,102193879984.0
2014-02-20,5124.86,5131.42,5016.25,5035.17,85746016,95582845794.0
2014-02-21,5027.73,5059.97,4978.84,5030.78,68261677,76785162875.0
2014-02-24,5015.06,5064.49,4967.12,5064.49,69894261,82673681381.0
2014-02-25,5067.19,5107.76,4821.91,4849.37,93823835,113699663501.0
2014-02-26,4811.45,4881.73,4726.41,4881.73,68791055,79717534515.0
2014-02-27,4886.04,4965.12,4791.11,4795.55,77556707,91166565741.0
2014-02-28,4783.9,4842.64,4716.47,4842.52,64416639,73987828927.0
2014-03-03,4842.61,4954.17,4835.4,4954.17,69905641,78503112007.0
2014-03-04,4932.53,4964.69,4898.47,4961.94,68364642,77972582874.0
2014-03-05,4976.1,4998.38,4949.73,4963.66,65198671,74412033302.0
2014-03-06,4954.43,4973.08,4887.57,4962.4,64697299,73496714614.0
2014-03-07,4961.17,4990.45,4923.37,4949.84,63889203,72641727823.0
2014-03-10,4912.13,4912.13,4752.82,4760.67,66249942,72064906071.0
2014-03-11,4744.93,4785.15,4694.59,4746.73,54306544,59348267430.0
2014-03-12,4731.06,4772.29,4648.18,4726.86,53586721,56783500321.0
2014-03-13,4723.06,4794.0,4721.72,4794.0,48012620,50847283431.0
2014-03-14,4771.57,4806.56,4747.7,4785.04,46964160,49221579364.0
2014-03-17,4788.71,4903.13,4788.71,4903.13,52513108,58696992277.0
2014-03-18,4908.19,4960.72,4906.72,4934.42,60622323,68272012287.0
2014-03-19,4924.72,4937.73,4883.5,4937.73,60026835,63790527020.0
2014-03-20,4926.87,4951.37,4798.4,4798.4,64495590,69356856559.0
2014-03-21,4769.4,4875.75,4723.08,4870.01,63425002,65766156991.0
2014-03-24,4867.42,4891.94,4847.36,4876.47,64702210,65388138979.0
2014-03-25,4866.32,4895.17,4845.41,4876.29,64107166,61788093144.0
2014-03-26,4878.41,4912.88,4878.41,4903.92,55600148,58692643671.0
2014-03-27,4894.98,4894.98,4804.21,4804.21,62338518,64752988973.0
2014-03-28,4787.97,4795.02,4660.6,4671.79,65413846,65129793827.0
2014-03-31,4661.62,4674.71,4604.12,4633.27,46020146,44930500461.0
2014-04-01,4626.75,4715.01,4626.74,4714.95,42810265,43503380319.0
2014-04-02,4714.32,4726.36,4670.87,4683.78,47357470,47359373955.0
2014-04-03,4684.91,4714.55,4663.36,4686.95,47804942,47790662579.0
2014-04-04,4677.56,4743.68,4668.06,4743.68,43716443,44966818404.0
2014-04-08,4720.46,4774.53,4709.21,4774.53,51917305,51954060760.0
2014-04-09,4779.17,4830.54,4779.04,4830.54,53214275,57344567369.0
2014-04-10,4836.88,4877.17,4832.99,4849.66,62373172,67290435741.0
2014-04-11,4826.19,4833.11,4791.77,4822.71,53121940,55034457727.0
2014-04-14,4822.68,4858.16,4822.0,4858.16,50074378,53090853755.0
2014-04-15,4857.8,4862.55,4828.88,4838.65,53863680,56876909800.0
2014-04-16,4828.25,4850.57,4809.84,4847.64,50088998,52241824322.0
2014-04-17,4849.34,4864.2,4846.53,4847.68,50490265,52043490964.0
2014-04-18,4838.57,4870.31,4828.53,4870.31,45234429,48301542498.0
2014-04-21,4841.34,4868.32,4791.76,4794.88,51997603,55809258216.0
2014-04-22,4784.43,4804.18,4681.22,4748.01,50943712,53284946623.0
2014-04-23,4741.62,4764.52,4709.9,4730.83,39181197,40832571466.0
2014-04-24,4723.53,4727.75,4671.66,4682.83,41896846,44078897937.0
2014-04-25,4677.13,4682.03,4581.3,4582.63,45191036,45221816948.0
2014-04-28,4559.94,4559.94,4421.81,4424.41,45211916,44330848472.0
2014-04-29,4412.38,4479.26,4411.41,4479.26,35099505,35293974557.0
2014-04-30,4476.21,4526.49,4472.69,4525.31,33529681,34709168495.0
2014-05-05,4521.11,4577.41,4511.61,4577.41,34180146,35227869161.0
2014-05-06,4575.01,4629.43,4571.12,4612.15,38035478,40634944312.0
2014-05-07,4599.44,4599.44,4531.59,4533.01,38723716,39499914813.0
2014-05-08,4518.13,4587.36,4514.17,4532.26,36798823,36687902023.0
2014-05-09,4528.18,4533.02,4449.78,4481.84,36056217,36574776785.0
2014-05-12,4506.17,4576.42,4490.48,4576.42,43231063,42668087212.0
2014-05-13,4571.44,4596.03,4558.05,4574.8,42267804,43470359692.0
2014-05-14,4569.9,4585.98,4560.77,4577.68,35969660,36959727228.0
2014-05-15,4571.44,4575.97,4489.15,4491.75,39775063,42097389087.0
2014-05-16,4479.11,4491.0,4417.22,4472.17,34065793,36188427153.0
2014-05-19,4464.79,4464.79,4422.77,4458.38,31909547,33254945881.0
2014-05-20,4478.31,4518.14,4468.62,4480.03,35600719,39348967352.0
2014-05-21,4471.25,4518.66,4437.64,4518.66,34901397,37066729366.0
2014-05-22,4521.67,4570.78,4521.67,4527.6,44371553,49120899489.0
2014-05-23,4523.06,4582.46,4513.98,4582.46,39826600,45152526244.0
2014-05-26,4592.14,4645.0,4592.14,4645.0,47255713,55037503307.0
2014-05-27,4642.7,4649.08,4618.99,4624.34,43888098,49337238358.0
2014-05-28,4623.92,4690.88,4620.88,4690.62,52817281,59648613506.0
2014-05-29,4687.91,4696.82,4633.78,4635.01,54178631,60407990520.0
2014-05-30,4628.01,4660.44,4602.08,4648.23,46032202,50313188456.0
2014-06-03,4648.93,4669.12,4640.11,4640.24,44816701,48317936876.0
2014-06-04,4633.91,4633.91,4569.19,4610.72,45447567,48013956516.0
2014-06-05,4602.32,4671.33,4597.99,4671.33,46056319,51254181826.0
2014-06-06,4671.86,4681.4,4635.98,4662.31,46481635,52117702347.0
2014-06-09,4652.37,4669.16,4624.01,4627.43,43103003,47719575678.0
2014-06-10,4627.48,4686.09,4606.32,4686.09,49275752,54625161435.0
2014-06-11,4681.62,4721.45,4675.9,4717.94,52561945,59634163401.0
2014-06-12,4707.19,4728.51,4693.84,4712.04,54015156,60118650338.0
2014-06-13,4704.12,4770.43,4702.67,4766.52,59622090,67108122668.0
2014-06-16,4772.8,4803.64,4772.8,4800.6,58616078,68789971335.0
2014-06-17,4795.05,4795.05,4755.49,4757.48,56115084,63188389427.0
2014-06-18,4753.63,4762.03,4719.47,4721.7,54353966,59481298005.0
2014-06-19,4716.53,4727.58,4553.96,4581.91,57872717,63030217183.0
2014-06-20,4577.51,4635.06,4570.8,4635.06,40623909,43706535097.0
2014-06-23,4642.17,4709.5,4642.17,4697.42,45918592,53045308906.0
2014-06-24,4698.46,4733.76,4697.78,4733.76,47523068,54822295337.0
2014-06-25,4730.56,4730.56,4692.63,4715.85,47760635,55593814480.0
2014-06-26,4715.92,4798.66,4715.92,4793.36,58296088,70125598665.0
2014-06-27,4796.01,4851.76,4786.46,4829.48,67166323,76601538766.0
2014-06-30,4834.31,4884.4,4825.86,4884.4,66133910,75572612987.0
2014-07-01,4889.95,4915.74,4874.26,4915.74,69501629,80674006110.0
2014-07-02,4917.37,4945.53,4892.3,4945.53,73041167,84661709447.0
2014-07-03,4944.63,4992.64,4929.88,4980.72,81577551,90084647534.0
2014-07-04,4982.27,4989.84,4962.9,4977.59,70887992,81536814904.0
2014-07-07,4979.56,4987.8,4938.08,4970.87,65543863,75072734847.0
2014-07-08,4965.86,5014.86,4927.17,5014.86,67172120,78765297456.0
2014-07-09,5005.97,5026.15,4936.78,4937.32,77016339,90287409799.0
2014-07-10,4931.95,4968.69,4926.39,4935.69,61969316,72085708456.0
2014-07-11,4931.8,4977.93,4928.0,4966.18,60230038,69372002332.0
2014-07-14,4972.84,5025.24,4966.51,5025.24,70418974,80744948610.0
2014-07-15,5023.59,5024.26,4958.62,4992.83,75448227,84973468215.0
2014-07-16,4984.68,4993.96,4905.7,4925.46,71081257,75979977266.0
2014-07-17,4917.54,4923.39,4871.72,4907.89,55743918,58601107453.0
2014-07-18,4891.84,4939.64,4886.17,4910.77,52310053,54984369306.0
2014-07-21,4906.8,4913.81,4868.21,4898.25,51580620,54553312928.0
2014-07-22,4892.31,4966.79,4892.31,4966.79,60225339,63865689364.0
2014-07-23,4967.41,4968.79,4875.4,4897.56,66688680,71160001330.0
2014-07-24,4889.27,4894.79,4806.44,4859.62,66077952,67747695333.0
2014-07-25,4855.75,4899.73,4855.18,4899.73,56989400,57166062132.0
2014-07-28,4911.33,4984.28,4911.33,4984.28,74685623,75672877089.0
2014-07-29,4990.96,5058.0,4981.87,5046.41,82335662,87205940935.0
2014-07-30,5043.1,5088.81,5036.77,5088.65,83741338,89243166995.0
2014-07-31,5088.47,5115.58,5072.24,5115.58,73980346,78816611287.0
2014-08-01,5101.98,5123.46,5048.2,5056.04,86925392,89893298285.0
2014-08-04,5061.76,5121.73,5061.76,5121.73,75398742,78298659052.0
2014-08-05,5124.91,5170.16,5093.28,5170.16,84834191,90461398477.0
2014-08-06,5159.57,5198.83,5142.94,5192.31,81679162,84351064161.0
2014-08-07,5189.99,5222.56,5156.04,5158.5,79465958,85321125146.0
2014-08-08,5160.01,5215.25,5160.01,5206.2,66788243,75183646156.0
2014-08-11,5216.31,5285.68,5216.31,5285.68,80104107,89168391376.0
2014-08-12,5288.2,5322.3,5279.09,5322.3,86378976,96580045238.0
2014-08-13,5319.77,5325.88,5250.88,5320.85,88348005,95501750177.0
2014-08-14,5317.2,5360.22,5299.6,5302.98,92993745,101824390360.0
2014-08-15,5302.93,5360.88,5294.19,5359.73,85131633,94826971666.0
2014-08-18,5369.4,5449.27,5369.4,5449.27,95620101,110159923772.0
2014-08-19,5457.7,5481.77,5432.38,5473.4,101896363,117752169178.0
2014-08-20,5473.41,5491.07,5443.47,5461.59,89641149,100455006930.0
2014-08-21,5463.99,5477.34,5409.21,5477.34,84572102,97168641112.0
2014-08-22,5477.47,5530.14,5469.95,5524.37,84769209,102310334886.0
2014-08-25,5525.21,5525.21,5469.58,5485.08,80451135,95431874333.0
2014-08-26,5473.01,5482.46,5357.83,5376.85,83357609,94434594549.0
2014-08-27,5372.6,5418.46,5372.6,5406.56,65659843,74214733958.0
2014-08-28,5407.18,5417.24,5343.1,5359.56,66965609,75965742184.0
2014-08-29,5352.07,5421.29,5349.53,5421.29,51403289,61188521010.0
2014-09-01,5428.58,5522.78,5428.58,5522.78,67441943,82155145627.0
2014-09-02,5537.51,5604.66,5537.27,5604.66,93938352,114421539737.0
2014-09-03,5617.89,5654.08,5598.36,5648.72,102042911,122926903007.0
2014-09-04,5654.47,5704.78,5635.91,5704.28,106112105,129082080984.0
2014-09-05,5710.52,5722.82,5677.0,5722.82,97993475,116436281298.0
2014-09-09,5730.35,5757.87,5689.95,5757.87,97415090,116516599778.0
2014-09-10,5742.79,5801.35,5713.77,5797.45,97294132,116029834448.0
2014-09-11,5797.52,5863.58,5750.92,5790.1,115013593,135809267222.0
2014-09-12,5789.05,5862.17,5780.38,5862.17,98284046,113011489224.0
2014-09-15,5866.13,5922.87,5852.35,5922.27,109300546,130472676735.0
2014-09-16,5924.35,5931.08,5714.88,5717.84,133329825,151899406687.0
2014-09-17,5718.86,5757.99,5652.73,5757.99,91438360,101598037260.0
2014-09-18,5754.18,5803.72,5739.16,5803.72,82063560,91022517413.0
2014-09-19,5807.99,5872.93,5802.98,5870.09,82165207,95752756954.0
2014-09-22,5865.17,5865.17,5804.85,5820.68,87634501,103980815814.0
2014-09-23,5819.08,5905.17,5819.08,5905.17,83779799,100392999450.0
2014-09-24,5897.94,5984.15,5885.27,5984.15,99190383,117846982242.0
2014-09-25,6000.95,6043.62,5970.59,5989.88,105241453,127643278471.0
2014-09-26,5983.13,6015.45,5963.25,6015.45,89931942,106683418495.0
2014-09-29,6033.64,6081.61,6033.64,6080.1,96461886,116409015509.0
2014-09-30,6090.73,6127.13,6075.66,6127.13,87239051,106471258716.0
2014-10-08,6146.77,6214.97,6117.74,6214.97,95468882,119436059239.0
2014-10-09,6227.4,6246.09,6146.36,6238.26,118732868,147335721652.0
2014-10-10,6221.25,6247.03,6179.1,6216.98,107165547,132088011003.0
2014-10-13,6195.37,6216.67,6115.99,6216.67,98766282,120711838835.0
2014-10-14,6209.94,6262.34,6165.05,6204.0,94780842,118236020711.0
2014-10-15,6200.05,6222.8,6140.25,6222.8,89678625,111043121936.0
2014-10-16,6190.18,6253.09,6134.74,6134.74,100008395,124120462083.0
2014-10-17,6118.98,6140.12,5943.59,6058.67,97125862,116990767104.0
2014-10-20,6068.78,6154.69,6068.52,6154.52,79024983,98366963712.0
2014-10-21,6153.02,6176.07,6097.37,6103.01,79548408,97286471680.0
2014-10-22,6102.46,6131.89,6024.4,6027.51,73558799,92356800512.0
2014-10-23,6009.84,6032.61,5899.89,5930.48,74296957,91055542272.0
2014-10-24,5930.57,5980.34,5917.56,5941.93,59431260,74170105856.0
2014-10-27,5927.15,6007.16,5899.77,6006.84,61642427,77135355904.0
2014-10-28,6021.65,6163.67,6021.64,6163.67,84583163,108121604096.0
2014-10-29,6179.46,6269.96,6179.16,6246.7,111427172,139661086720.0
2014-10-30,6248.47,6284.7,6222.81,6241.59,103958948,129645346816.0
2014-10-31,6242.84,6261.71,6158.8,6208.61,92561303,113469640704.0
2014-11-03,6217.1,6276.23,6216.88,6275.99,91731126,110581395456.0
2014-11-04,6275.0,6280.83,6207.4,6231.82,89067835,110172631040.0
2014-11-05,6222.94,6241.07,6188.34,6227.25,78088755,93363462144.0
2014-11-06,6223.08,6289.83,6201.27,6289.19,76807818,97644986368.0
2014-11-07,6297.35,6319.09,6204.81,6228.17,91712220,119635427328.0
2014-11-10,6236.2,6247.72,6196.99,6246.61,77106877,99495256064.0
2014-11-11,6252.39,6253.22,5973.74,6023.0,101830341,126642458624.0
2014-11-12,6005.86,6120.25,5992.9,6120.06,66379154,84716109824.0
2014-11-13,6116.98,6117.11,5987.0,6023.78,83136020,104307527680.0
2014-11-14,6002.05,6024.37,5965.81,6009.45,61066376,76506095616.0
2014-11-17,6016.54,6118.01,5992.8,6100.83,64869967,82709786624.0
2014-11-18,6095.87,6139.76,6094.61,6139.52,63801907,80186257408.0
2014-11-19,6134.37,6206.82,6134.05,6193.56,71495027,92923457536.0
2014-11-20,6174.89,6189.44,6158.34,6185.92,65048453,83203223552.0
2014-11-21,6183.47,6240.78,6183.34,6240.77,71436626,91897708544.0
2014-11-24,6281.56,6304.45,6253.74,6293.02,96363988,120141606912.0
2014-11-25,6295.68,6392.8,6290.37,6392.44,101629030,129983737856.0
2014-11-26,6400.59,6435.34,6381.89,6435.14,108408197,138181877760.0
2014-11-27,6450.51,6472.79,6420.73,6472.59,113636695,144415219712.0
2014-11-28,6476.57,6499.2,6419.2,6478.11,118216945,155207921664.0
2014-12-01,6478.0,6478.0,6360.93,6392.46,106276380,139615870976.0
2014-12-02,6385.95,6466.69,6382.65,6457.56,97590433,127887728640.0
2014-12-03,6465.46,6514.31,6393.73,6513.96,131922967,168204447744.0
2014-12-04,6517.68,6608.23,6515.23,6605.32,135021970,174012461056.0
2014-12-05,6612.19,6612.19,6294.19,6462.09,149610294,195661959168.0
2014-12-08,6445.51,6494.32,6390.9,6457.51,129043525,175867838464.0
2014-12-09,6435.57,6435.68,6153.78,6161.37,158101980,201088499712.0
2014-12-10,6137.27,6367.07,6111.76,6366.81,102951529,134706491392.0
2014-12-11,6361.34,6463.72,6335.86,6463.32,111619809,141142118400.0
2014-12-12,6469.27,6549.42,6455.97,6545.19,104460718,133718552576.0
2014-12-15,6528.87,6664.25,6510.36,6658.15,114471534,143201759232.0
2014-12-16,6663.47,6678.41,6590.84,6635.26,106863793,131645677568.0
2014-12-17,6613.97,6613.97,6494.31,6551.12,110482237,131583410176.0
2014-12-18,6538.89,6581.06,6529.34,6540.88,88667392,113318944768.0
2014-12-19,6524.55,6524.76,6346.3,6438.04,100389366,120186707968.0
2014-12-22,6406.51,6406.55,6097.91,6120.58,116794189,128343449600.0
2014-12-23,6087.27,6153.65,6012.57,6023.37,74189417,83223810048.0
2014-12-24,6045.09,6155.29,6045.09,6154.88,68493929,78907260928.0
2014-12-25,6166.47,6222.66,6159.04,6222.51,68349427,80771964928.0
2014-12-26,6218.91,6233.96,6196.22,6233.94,78209170,89956700160.0
2014-12-29,6222.94,6222.94,6068.55,6098.98,91938614,105583628288.0
2014-12-30,6083.96,6088.87,5967.82,5982.64,79477248,92129202176.0
2014-12-31,5981.12,6027.52,5945.72,6027.52,70597816,80295493632.0
2015-01-05,6025.75,6052.44,5948.27,6049.79,94805192,101288038400.0
2015-01-06,6021.45,6172.64,5986.4,6172.39,93992033,110059302912.0
2015-01-07,6161.48,6171.15,6118.14,6166.77,80620124,93244686336.0
2015-01-08,6161.55,6211.46,6126.97,6164.11,81315645,95807164416.0
2015-01-09,6148.11,6214.29,6128.01,6128.01,73267840,90795663360.0
2015-01-12,6098.82,6102.44,6033.71,6062.28,66088788,79555874816.0
2015-01-13,6059.38,6167.35,6058.6,6167.12,60714314,80323190784.0
2015-01-14,6167.75,6170.91,6114.24,6139.29,58690609,75375980544.0
2015-01-15,6136.56,6177.05,6136.1,6168.66,54697306,70026973184.0
2015-01-16,6172.96,6252.14,6169.05,6252.08,68559022,88875683840.0
2015-01-19,6133.55,6296.61,6033.88,6109.29,93416975,119568617472.0
2015-01-20,6135.61,6336.71,6135.61,6336.63,86835548,117445148672.0
2015-01-21,6358.02,6465.83,6357.68,6465.73,103809605,139532996608.0
2015-01-22,6472.17,6569.9,6466.65,6568.64,103663936,135752101888.0
2015-01-23,6576.98,6577.38,6481.21,6502.07,104475110,132046364672.0
2015-01-26,6508.73,6642.72,6508.09,6642.61,98178614,125562912768.0
2015-01-27,6652.21,6694.82,6582.44,6693.81,109774966,142896418816.0
2015-01-28,6680.08,6725.67,6649.19,6666.26,93994268,125692219392.0
2015-01-29,6620.23,6661.73,6594.45,6625.01,76681462,98415710208.0
2015-01-30,6629.28,6655.61,6546.14,6546.6,82176297,102158987264.0
2015-02-02,6485.16,6567.4,6449.57,6535.9,68269624,87187402752.0
2015-02-03,6547.75,6661.89,6547.62,6654.55,76220861,105804996608.0
2015-02-04,6665.88,6692.32,6645.19,6653.34,79437504,109847875584.0
2015-02-05,6685.76,6729.51,6649.22,6654.08,90406835,126547746816.0
2015-02-06,6637.54,6658.95,6503.59,6526.95,79270861,106945564672.0
2015-02-09,6508.38,6541.72,6458.18,6474.82,57602371,81516380160.0
2015-02-10,6468.52,6556.07,6458.43,6555.82,51108337,70776930304.0
2015-02-11,6563.87,6645.98,6563.73,6645.51,60970632,89656836096.0
2015-02-12,6652.56,6707.65,6652.47,6703.82,67541873,98892333056.0
2015-02-13,6732.3,6824.59,6731.72,6815.85,87051569,125125652480.0
2015-02-16,6831.26,6965.46,6831.09,6965.3,87515653,130187603968.0
2015-02-17,6987.39,7020.2,6948.22,7020.05,82909248,120361648128.0
2015-02-25,7037.96,7060.07,6984.17,7004.67,84447188,121332744192.0
2015-02-26,7001.18,7045.53,6967.94,7045.27,90364869,125678391296.0
2015-02-27,7045.79,7142.26,7042.14,7141.89,100041339,140801277952.0
2015-03-02,7187.53,7317.87,7172.75,7317.68,130745605,190683607040.0
2015-03-03,7306.44,7386.82,7272.46,7282.11,141157279,199684837376.0
2015-03-04,7277.54,7411.27,7277.54,7411.03,120372109,172199591936.0
2015-03-05,7417.53,7451.24,7375.11,7450.91,125691364,184251805696.0
2015-03-06,7454.92,7467.43,7330.45,7338.4,114322834,163047186432.0
2015-03-09,7314.93,7450.82,7284.73,7450.82,100410772,143537467392.0
2015-03-10,7460.61,7577.37,7458.68,7566.48,109149117,163534794752.0
2015-03-11,7573.26,7573.75,7538.49,7566.31,109467192,163381563392.0
2015-03-12,7566.49,7592.53,7455.08,7514.45,110024338,161712746496.0
2015-03-13,7530.21,7649.76,7530.21,7649.35,97658952,148486393856.0
2015-03-16,7707.4,7903.62,7706.95,7903.36,144325532,220881211392.0
2015-03-17,7946.13,8031.47,7896.75,7993.24,171200489,255291719680.0
2015-03-18,7992.92,8150.96,7968.12,8150.95,164707604,248036413440.0
2015-03-19,8149.48,8217.38,8103.79,8216.62,168089569,247708823552.0
2015-03-20,8216.3,8336.83,8213.72,8318.83,153792550,239794077696.0
2015-03-23,8360.92,8560.77,8360.92,8560.44,178375849,279995707392.0
2015-03-24,8593.78,8665.25,8319.36,8655.38,211379799,339224797184.0
2015-03-25,8662.77,8834.25,8604.24,8784.91,182163305,308615335936.0
2015-03-26,8730.36,8786.74,8523.36,8611.86,172182139,298915622912.0
2015-03-27,8586.4,8715.29,8578.53,8710.29,131913472,221507665920.0
2015-03-30,8721.21,8758.75,8663.83,8719.22,156089902,258115080192.0
2015-03-31,8734.95,8859.42,8676.63,8780.74,156648225,262456156160.0
2015-04-01,8785.13,9015.02,8782.13,9008.2,149793979,261377331200.0
2015-04-02,9061.5,9238.35,9061.5,9238.05,178430172,305776902144.0
2015-04-03,9204.84,9422.84,9159.57,9419.2,176106330,311259209728.0
2015-04-07,9457.74,9600.83,9457.65,9600.72,180856036,324407853056.0
2015-04-08,9625.21,9628.23,9264.54,9455.59,187491505,336182263808.0
2015-04-09,9446.68,9446.68,8988.71,9369.66,174096975,305710235648.0
2015-04-10,9325.42,9621.5,9276.95,9600.4,147301783,270626594816.0
2015-04-13,9652.53,9838.88,9616.4,9813.6,171137997,310734139392.0
2015-04-14,9830.53,9926.39,9741.7,9830.06,175412073,314316251136.0
2015-04-15,9800.64,9800.64,9434.62,9441.19,157667548,277035089920.0
2015-04-16,9319.96,9654.16,9209.41,9541.77,135211845,238514946048.0
2015-04-17,9612.73,9663.94,9526.09,9567.7,161823148,280570396672.0
2015-04-20,9541.26,9591.22,9317.3,9353.61,175439660,296143106048.0
2015-04-21,9364.31,9716.61,9362.87,9716.35,151818225,263163940864.0
2015-04-22,9798.16,9995.6,9798.16,9995.26,180965491,316672688128.0
2015-04-23,10035.43,10157.04,9977.37,10105.27,188557276,336026492928.0
2015-04-24,9990.34,10153.96,9909.48,10123.91,174194273,316622098432.0
2015-04-27,10202.03,10297.1,10093.25,10174.9,172488850,318848098304.0
2015-04-28,10184.27,10184.27,9744.38,9847.89,169266058,299667943424.0
2015-04-29,9817.45,10111.91,9792.64,10107.4,134623434,246011969536.0
2015-04-30,10156.36,10298.49,10155.19,10180.49,140745121,266207264768.0
2015-05-04,10206.21,10281.71,10085.33,10270.13,132156751,243014729728.0
2015-05-05,10273.57,10286.56,9950.57,10007.27,148578166,262227611648.0
2015-05-06,10032.05,10264.65,9913.61,9973.99,133198976,250173173760.0
2015-05-07,9934.94,9989.86,9789.18,9806.51,113428137,207141707776.0
2015-05-08,9913.85,10274.58,9913.85,10274.38,127807094,247446736896.0
2015-05-11,10424.97,10772.06,10386.63,10771.62,160409623,323495428096.0
2015-05-12,10871.48,11051.87,10782.2,11051.43,178092915,361872953344.0
2015-05-13,10969.33,11259.27,10834.99,11137.3,176980539,360059490304.0
2015-05-14,11158.42,11272.84,11093.57,11211.1,169815191,342326521856.0
2015-05-15,11165.97,11316.89,11000.63,11217.93,160382705,322585153536.0
2015-05-18,11234.72,11557.17,11222.2,11542.28,152855849,324918255616.0
2015-05-19,11624.3,11837.65,11525.34,11831.36,162963108,346504437760.0
2015-05-20,11912.38,12321.41,11909.24,12132.37,198115218,418367647744.0
2015-05-21,12214.48,12586.64,12213.73,12586.06,191956134,416785494016.0
2015-05-22,12782.06,12848.23,12386.94,12687.29,228746995,491733843968.0
2015-05-25,12513.18,12894.44,12408.1,12877.87,222812989,468991082496.0
2015-05-26,12962.67,13402.18,12960.29,13401.31,228034570,491335376896.0
2015-05-27,13484.77,13642.14,13174.12,13582.55,230412224,512612941824.0
2015-05-28,13610.78,13806.21,12816.46,12818.99,256655918,560725590016.0
2015-05-29,12775.09,13250.95,12237.6,13027.21,210025559,451198083072.0
2015-06-01,13146.12,13691.6,13146.07,13691.17,188014377,422613192704.0
2015-06-02,13805.72,14277.33,13763.64,14276.32,212235507,482900103168.0
2015-06-03,14381.02,14461.3,13928.16,14356.6,216560312,503514255360.0
2015-06-04,14366.78,14424.36,13459.88,14308.65,203077082,475712217088.0
2015-06-05,14513.11,14656.25,14174.18,14465.75,228745894,532996001792.0
2015-06-08,14445.11,14445.11,13967.37,14099.73,213782198,485710798848.0
2015-06-09,14018.54,14217.85,13899.36,14106.23,169875377,388477747200.0
2015-06-10,14047.11,14596.06,13918.59,14461.81,179123587,418037108736.0
2015-06-11,14486.94,14769.59,14478.84,14768.88,185505152,438786621440.0
2015-06-12,14844.62,15086.44,14825.28,15006.34,205350948,483953090560.0
2015-06-15,15050.58,15076.49,14675.21,14707.78,222763963,497774395392.0
2015-06-16,14514.85,14514.85,13981.68,14102.22,192589673,420246781952.0
2015-06-17,14061.98,14446.51,13603.85,14407.31,180359316,384451084288.0
2015-06-18,14392.32,14499.87,13894.26,13934.22,169696187,364849209344.0
2015-06-19,13564.22,13688.94,12999.07,13024.72,150201723,304890417152.0
2015-06-23,12955.75,13131.65,12168.35,13047.02,156528855,301230055424.0
2015-06-24,13176.06,13382.76,12935.57,13313.8,165156314,334728589312.0
2015-06-25,13357.22,13361.77,12585.36,12760.48,172863828,349316861952.0
2015-06-26,12309.8,12311.04,11710.78,11730.75,147403220,266579599360.0
2015-06-29,11923.42,11933.72,10787.16,10906.04,182273836,301574713344.0
2015-06-30,10543.23,11389.19,10110.66,11381.47,216880947,358005800960.0
2015-07-01,11264.87,11641.03,10685.37,10734.01,190361495,341676646400.0
2015-07-02,10626.73,10696.42,9959.56,10002.36,169217316,262426001408.0
2015-07-03,9545.27,10055.57,9282.59,9358.73,164507668,230779719680.0
2015-07-06,9943.96,9943.96,8755.04,8858.91,202661176,264323432448.0
2015-07-07,8517.29,8528.49,8352.94,8356.13,78383268,78684954624.0
2015-07-08,8057.11,8128.54,8056.46,8114.6,78507679,93887152128.0
2015-07-09,7951.43,8349.73,7951.43,8348.88,134135908,129915949056.0
2015-07-10,8488.35,8621.39,8478.26,8620.27,82269988,92027744256.0
2015-07-13,8930.79,9034.35,8879.57,9032.56,132737569,169957842944.0
2015-07-14,9311.51,9501.08,9236.84,9338.17,186540096,250977947648.0
2015-07-15,9424.22,9424.22,8918.93,8942.91,214098524,289383301120.0
2015-07-16,8615.93,9241.73,8470.13,9041.23,202674478,267282378752.0
2015-07-17,9087.16,9588.17,9078.86,9541.26,187982797,262321172480.0
2015-07-20,9657.62,9940.92,9579.16,9839.92,230396091,348624375808.0
2015-07-21,9762.6,10139.15,9652.93,10062.89,208161377,320902959104.0
2015-07-22,10082.96,10270.11,9923.16,10228.86,220861143,344257232896.0
2015-07-23,10251.56,10585.68,10197.66,10553.22,235207444,370515107840.0
2015-07-24,10579.16,10782.59,10351.93,10449.75,258806922,418056044544.0
2015-07-27,10235.63,10556.48,9716.97,9719.55,227179702,364925894656.0
2015-07-28,9125.96,9769.62,9036.62,9284.54,219787328,317984993280.0
2015-07-29,9435.39,9727.53,9019.91,9727.23,186331067,283307532288.0
2015-07-30,9679.1,9910.54,9422.05,9460.73,201168532,309659107328.0
2015-07-31,9283.38,9512.49,9081.72,9223.64,149505421,223756537856.0
2015-08-03,9076.07,9109.28,8656.51,8723.59,146175145,202279481344.0
2015-08-04,8720.24,9265.35,8720.24,9265.22,166394678,238094684160.0
2015-08-05,9285.3,9465.77,9131.8,9240.89,188591007,282388062208.0
2015-08-06,9025.67,9331.65,8996.41,9229.35,143823183,209691017216.0
2015-08-07,9321.98,9585.51,9319.25,9585.14,185532772,281178894336.0
2015-08-10,9704.08,10133.76,9680.44,10077.94,224007089,346808274944.0
2015-08-11,10093.88,10300.82,10050.24,10153.71,242343252,375446921216.0
2015-08-12,10053.47,10227.34,10003.36,10005.93,202560433,311109316608.0
2015-08-13,9946.41,10309.77,9893.16,10308.79,204653228,315614597120.0
2015-08-14,10400.5,10505.92,10295.34,10377.98,234011254,368398868480.0
2015-08-17,10339.26,10563.52,10267.23,10563.13,223077747,347933585408.0
2015-08-18,10582.23,10603.36,9781.75,9806.7,257015168,396868976640.0
2015-08-19,9442.91,10118.27,9224.17,10057.84,229399081,333680340992.0
2015-08-20,9947.82,10149.46,9734.62,9739.92,198712420,302770745344.0
2015-08-21,9531.92,9661.6,9159.43,9208.15,168873774,245513428992.0
2015-08-24,8782.49,8833.71,8505.74,8506.72,109304975,137360601088.0
2015-08-25,7889.78,8073.07,7878.49,7882.11,112860367,131335954432.0
2015-08-26,7836.28,8103.1,7457.89,7543.78,201157358,232504160256.0
2015-08-27,7666.51,7794.85,7370.21,7793.54,165206428,192071720960.0
2015-08-28,7912.79,8271.6,7861.96,8270.96,188872573,231080767488.0
2015-08-31,8222.53,8222.53,7950.1,7950.46,161855872,202214002688.0
2015-09-01,7848.66,7848.66,7433.89,7441.34,135520184,151687540736.0
2015-09-02,7072.79,7619.51,7057.55,7129.97,142113580,158744088576.0
2015-09-07,7243.44,7465.77,7219.47,7291.47,130831511,151934623744.0
2015-09-08,7247.57,7660.61,7204.36,7651.5,127749655,147627470848.0
2015-09-09,7716.55,7980.59,7697.81,7956.73,189523443,236102455296.0
2015-09-10,7831.5,7999.54,7798.75,7843.0,146584420,182389579776.0
2015-09-11,7826.74,7975.51,7808.48,7952.14,129061755,163377709056.0
2015-09-14,7997.34,8022.06,7391.9,7412.3,157164424,186172645376.0
2015-09-15,7183.33,7352.0,7008.99,7034.9,128426048,140961320960.0
2015-09-16,7062.84,7517.62,7049.42,7500.61,145459062,165184454656.0
2015-09-17,7516.36,7771.46,7428.57,7428.64,179202580,220063199232.0
2015-09-18,7484.28,7599.36,7386.12,7556.2,127467528,158271275008.0
2015-09-21,7453.17,7850.81,7430.94,7847.89,146572488,186298023936.0
2015-09-22,7868.64,7974.88,7765.78,7880.84,168127747,217039257600.0
2015-09-23,7734.28,7924.52,7716.13,7824.07,146837148,190417420288.0
2015-09-24,7856.02,7951.79,7814.34,7928.83,143692058,185647161344.0
2015-09-25,7877.93,7934.52,7585.15,7640.17,146334825,183157735424.0
2015-09-28,7643.16,7841.22,7536.82,7839.62,108647168,140785635328.0
2015-09-29,7702.65,7824.23,7658.2,7720.68,111153313,146136608768.0
2015-09-30,7753.35,7794.64,7642.7,7727.51,95677235,122932645888.0
2015-10-08,7961.0,8099.15,7902.55,8056.28,140742784,179906342912.0
2015-10-09,8045.77,8213.56,8028.61,8180.4,155003131,200868765696.0
2015-10-12,8226.55,8590.91,8225.24,8522.63,209461901,274266628096.0
2015-10-13,8447.74,8672.87,8420.64,8651.05,189675917,255741489152.0
2015-10-14,8610.35,8682.82,8515.65,8534.73,186002675,256032317440.0
2015-10-15,8476.31,8808.9,8476.31,8808.47,194661645,267470192640.0
2015-10-16,8866.79,8948.62,8742.43,8943.02,228040228,316748484608.0
2015-10-19,8961.66,9008.61,8806.43,8935.39,221277635,315738935296.0
2015-10-20,8915.87,9117.31,8891.94,9116.54,203106483,294886961152.0
2015-10-21,9116.48,9157.92,8515.14,8541.61,258802568,370866552832.0
2015-10-22,8531.69,8901.22,8525.98,8894.76,203631357,297896902656.0
2015-10-23,8977.88,9220.98,8942.33,9182.55,228775168,348636913664.0
2015-10-26,9296.19,9347.64,9126.58,9262.89,242221816,372251271168.0
2015-10-27,9183.79,9398.73,8882.22,9345.97,222131674,337026199552.0
2015-10-28,9277.73,9406.35,9091.56,9131.87,205456499,315707420672.0
2015-10-29,9197.47,9320.23,9058.94,9214.59,176350290,268593176576.0
2015-10-30,9183.49,9332.91,9031.78,9188.27,184262794,285902708736.0
2015-11-02,8946.88,9236.42,8915.77,8944.68,168322276,255116865536.0
2015-11-03,8963.77,9033.58,8837.31,8924.42,140358090,214570283008.0
2015-11-04,8973.16,9396.99,8973.16,9396.84,204045839,312030720000.0
2015-11-05,9416.49,9525.22,9295.37,9391.45,245075763,367574319104.0
2015-11-06,9396.1,9640.44,9395.73,9629.28,216520261,335999021056.0
2015-11-09,9560.54,9861.11,9473.46,9816.03,236496323,375662141440.0
2015-11-10,9770.13,9958.15,9739.17,9911.24,235822029,376311336960.0
2015-11-11,9910.12,10106.02,9873.24,10100.51,223200520,365478039552.0
2015-11-12,10137.46,10223.71,9990.76,10135.08,230272673,387833626624.0
2015-11-13,10030.15,10102.65,9813.03,9934.77,220846359,366732562432.0
2015-11-16,9749.11,10195.72,9736.48,10194.78,182064082,301659705344.0
2015-11-17,10308.23,10361.3,10088.03,10109.4,235707297,398803521536.0
2015-11-18,10116.71,10203.4,9902.83,9928.66,178331594,295722655744.0
2015-11-19,9954.66,10235.83,9944.38,10235.35,172873938,293759512576.0
2015-11-20,10272.35,10477.22,10265.67,10440.35,220410688,377355792384.0
2015-11-23,10447.81,10546.74,10297.14,10341.42,229338424,373132779520.0
2015-11-24,10324.04,10460.35,10204.42,10459.6,168607355,279783636992.0
2015-11-25,10470.93,10707.77,10468.34,10696.31,201271485,355974266880.0
2015-11-26,10745.06,10772.62,10595.1,10620.83,214649938,376940830720.0
2015-11-27,10560.39,10619.71,9859.02,9933.5,222809139,372029538304.0
2015-11-30,9935.4,10058.66,9406.73,10001.19,197454472,321899188224.0
2015-12-01,9985.79,10101.51,9832.26,9955.21,164580513,271316594688.0
2015-12-02,9928.27,9954.86,9506.1,9822.06,148946435,236802535424.0
2015-12-03,9833.3,10103.49,9832.95,10102.89,146324449,240931471360.0
2015-12-04,10073.67,10199.95,9996.29,10081.57,161440115,268457361408.0
2015-12-07,10105.79,10238.79,10038.58,10238.02,151512379,258635124736.0
2015-12-08,10189.87,10210.75,10022.62,10057.74,163772257,280221765632.0
2015-12-09,10002.73,10111.56,9945.79,10034.19,142173279,254279454720.0
2015-12-10,10024.19,10145.99,10008.74,10035.45,140759649,256497684480.0
2015-12-11,10003.76,10043.54,9915.11,9946.12,124486374,221143658496.0
2015-12-14,9845.07,10119.68,9829.34,10118.9,118085396,205541261312.0
2015-12-15,10137.46,10312.42,10136.87,10278.47,131733827,237234839552.0
2015-12-16,10319.56,10438.45,10314.86,10374.23,141451443,256712355840.0
2015-12-17,10436.8,10680.39,10436.8,10679.96,186572134,333940240384.0
2015-12-18,10678.38,10721.66,10562.68,10629.97,173091610,316675108864.0
2015-12-21,10596.41,10712.04,10579.92,10699.61,159785362,278292262912.0
2015-12-22,10724.02,10809.85,10652.01,10809.24,153990999,266174291968.0
2015-12-23,10817.28,10828.97,10613.43,10638.16,169423350,299599618048.0
2015-12-24,10600.47,10662.43,10413.92,10633.19,129950766,230327783424.0
2015-12-25,10651.66,10760.15,10645.44,10726.99,123800666,219758198784.0
2015-12-28,10765.91,10859.83,10515.36,10515.36,169848141,298902507520.0
2015-12-29,10499.5,10654.42,10406.06,10653.71,129304325,228954329088.0
2015-12-30,10678.11,10813.02,10661.28,10806.7,139096428,256185892864.0
2015-12-31,10810.35,10839.05,10614.38,10614.38,129979474,240733024256.0
2016-01-04,10598.27,10602.65,9694.63,9694.84,117304143,196597043200.0
2016-01-05,9140.67,9680.16,9084.87,9452.04,168628045,265746817024.0
2016-01-06,9511.73,9710.12,9404.07,9709.57,139630139,227283116032.0
2016-01-07,9511.14,9511.14,8850.15,8856.49,40495428,57536623616.0
2016-01-08,9049.77,9141.57,8404.51,8876.25,156924298,230862790656.0
2016-01-11,8651.33,8754.36,8203.43,8205.12,143568814,194711633920.0
2016-01-12,8164.34,8304.14,7968.75,8187.96,121171241,169839431680.0
2016-01-13,8230.08,8311.73,7836.06,7836.12,113177531,158494625792.0
2016-01-14,7548.03,8174.31,7534.04,8157.74,122934077,166877339648.0
2016-01-15,8092.87,8202.34,7813.26,7868.17,119230953,171047653376.0
2016-01-18,7689.66,8158.56,7685.47,8060.88,106505828,154134667264.0
2016-01-19,8041.86,8400.6,8018.64,8388.38,127304225,185107947520.0
2016-01-20,8328.72,8468.79,8244.73,8321.39,129081047,187428782080.0
2016-01-21,8167.95,8410.16,7944.57,7944.57,120472896,175594987520.0
2016-01-22,8036.32,8115.4,7787.62,8074.29,101116759,145965105152.0
2016-01-25,8153.35,8256.16,8076.4,8180.5,96248174,140599115776.0
2016-01-26,8071.36,8093.24,7526.59,7545.54,120673951,165581389824.0
2016-01-27,7557.46,7585.83,7047.79,7466.75,124251576,159481585664.0
2016-01-28,7344.03,7438.69,7067.55,7100.9,96362166,123800379392.0
2016-01-29,7071.75,7459.37,7037.83,7385.76,102285179,131355164672.0
2016-02-01,7358.75,7420.48,7163.91,7292.61,86843686,115888111616.0
2016-02-02,7296.22,7600.08,7295.8,7576.07,97978432,132941492224.0
2016-02-03,7480.3,7665.65,7428.9,7630.46,94483564,125642739712.0
2016-02-04,7661.65,7839.28,7661.65,7807.4,108295716,147961155584.0
2016-02-05,7828.61,7856.74,7716.21,7718.71,86297861,116833714176.0
2016-02-15,7434.28,7772.49,7432.4,7726.37,78794683,104873394176.0
2016-02-16,7767.03,8088.71,7767.03,8069.59,115565924,160075993088.0
2016-02-17,8060.91,8214.94,8010.82,8202.15,129697951,186376765440.0
2016-02-18,8256.95,8282.91,8155.08,8176.14,134063478,193574637568.0
2016-02-19,8146.06,8289.21,8133.5,8239.26,112787021,168719499264.0
2016-02-22,8350.29,8407.88,8303.21,8407.85,133158052,193573548032.0
2016-02-23,8414.67,8437.16,8230.98,8357.36,130530936,192375009280.0
2016-02-24,8316.83,8399.43,8161.0,8364.66,136094746,196294406144.0
2016-02-25,8340.46,8340.59,7673.22,7702.59,157436163,214208675840.0
2016-02-26,7750.74,7799.3,7487.27,7666.82,121574172,158808006656.0
2016-02-29,7614.16,7614.16,7113.07,7183.68,115344402,138384515072.0
2016-03-01,7183.11,7402.31,7038.61,7345.09,115563407,144811421696.0
2016-03-02,7324.49,7724.3,7323.37,7711.89,147164818,183328415744.0
2016-03-03,7711.3,7875.95,7693.9,7727.16,157062423,200406261760.0
2016-03-04,7684.92,7735.55,7321.56,7418.8,141152404,176786644992.0
2016-03-07,7494.04,7670.96,7494.04,7600.44,110951409,140232208384.0
2016-03-08,7585.86,7670.99,7276.67,7670.69,131822525,165230014464.0
2016-03-09,7486.95,7634.0,7430.43,7500.17,101761866,131949670400.0
2016-03-10,7503.42,7568.24,7364.29,7376.7,87401500,116041793536.0
2016-03-11,7284.95,7401.51,7239.56,7349.57,75245883,97243488256.0
2016-03-14,7441.09,7715.64,7441.04,7640.13,120335729,162135154688.0
2016-03-15,7612.97,7668.85,7537.79,7571.82,99636093,138936750080.0
2016-03-16,7633.75,7659.05,7426.95,7484.23,91359383,125438590976.0
2016-03-17,7514.68,7795.71,7514.58,7779.88,133550636,189804896256.0
2016-03-18,7823.57,8118.71,7820.29,8097.2,181322737,259300761600.0
2016-03-21,8206.53,8326.38,8172.85,8325.98,191675069,276552347648.0
2016-03-22,8248.53,8387.55,8203.09,8311.21,164074442,241633452032.0
2016-03-23,8279.88,8408.95,8262.26,8408.64,146117448,226640670720.0
2016-03-24,8324.85,8453.3,8247.29,8279.65,160637356,251825672192.0
2016-03-25,8252.42,8353.02,8211.84,8343.24,124555553,190955253760.0
2016-03-28,8400.21,8482.57,8266.55,8298.78,142988613,215928721408.0
2016-03-29,8274.09,8292.43,8040.76,8119.0,124650563,179588562944.0
2016-03-30,8187.45,8439.09,8187.45,8438.68,139635610,211359322112.0
2016-03-31,8475.43,8541.46,8414.89,8447.18,150139446,235920248832.0
2016-04-01,8399.18,8426.46,8240.87,8389.29,127161060,189387452416.0
2016-04-05,8401.34,8642.98,8380.46,8635.67,156308362,235074760704.0
2016-04-06,8601.66,8699.52,8579.43,8691.23,159968937,247155544064.0
2016-04-07,8715.01,8733.5,8549.51,8549.51,158150556,244992634880.0
2016-04-08,8465.83,8511.87,8359.54,8484.17,133415288,204479385600.0
2016-04-11,8560.09,8719.22,8560.09,8677.41,143629778,222708547584.0
2016-04-12,8664.28,8688.71,8501.04,8608.37,132072148,207203553280.0
2016-04-13,8655.2,8831.59,8655.2,8729.84,174063296,260240818176.0
2016-04-14,8780.55,8837.44,8711.79,8837.02,139648320,211828649984.0
2016-04-15,8840.53,8866.01,8777.97,8841.1,131207613,202686930944.0
2016-04-18,8780.46,8780.46,8646.33,8715.85,126184988,195984859136.0
2016-04-19,8755.25,8784.33,8678.97,8754.5,112831795,178222698496.0
2016-04-20,8784.65,8798.78,8158.82,8312.2,180286505,268723826688.0
2016-04-21,8268.02,8382.27,8185.37,8198.51,121190771,177356189696.0
2016-04-22,8130.9,8282.9,8112.33,8282.42,95979533,141605208064.0
2016-04-25,8246.03,8261.95,8106.07,8232.48,89622024,131810738176.0
2016-04-26,8218.47,8343.71,8202.15,8343.42,88430554,129001738240.0
2016-04-27,8357.26,8426.83,8307.39,8323.46,102936177,150227603456.0
2016-04-28,8319.22,8336.13,8130.93,8303.56,104958784,152800366592.0
2016-04-29,8253.48,8340.58,8239.79,8291.7,81485852,122400452608.0
2016-05-03,8290.79,8558.58,8256.68,8558.58,115718541,176283680768.0
2016-05-04,8526.31,8632.7,8514.49,8565.11,117296051,182218543104.0
2016-05-05,8549.33,8631.98,8522.15,8628.74,102759921,159725096960.0
2016-05-06,8632.45,8663.07,8275.97,8276.03,146570762,223215783936.0
2016-05-09,8180.63,8180.7,7876.17,7918.15,115454408,162854010880.0
2016-05-10,7898.65,7961.59,7855.29,7898.66,73811218,106923880448.0
2016-05-11,7950.38,7973.6,7800.97,7823.98,81092252,116424749056.0
2016-05-12,7706.13,7822.76,7570.92,7821.91,86855483,120734408704.0
2016-05-13,7794.62,7902.0,7758.26,7806.96,78814838,115494293504.0
2016-05-16,7783.3,7961.43,7744.88,7961.15,83332777,121545887744.0
2016-05-17,7964.51,8040.2,7901.18,7961.5,99759675,151255601152.0
2016-05-18,7886.25,7886.5,7614.2,7711.96,96022203,134288838656.0
2016-05-19,7707.33,7868.72,7707.33,7767.32,85485601,125878845440.0
2016-05-20,7699.07,7860.13,7665.86,7860.13,85485430,124119515136.0
2016-05-23,7876.12,7995.99,7876.12,7995.58,95304781,142334099456.0
2016-05-24,7981.01,7981.22,7852.69,7913.68,86831644,127017488384.0
2016-05-25,7965.75,8012.16,7848.53,7889.73,84806899,126679609344.0
2016-05-26,7864.03,7929.67,7703.52,7929.47,93572769,133875597312.0
2016-05-27,7904.77,7976.51,7879.64,7912.86,84973824,125133471744.0
2016-05-30,7863.31,7946.13,7787.47,7867.6,75242813,106700345344.0
2016-05-31,7872.31,8197.64,7872.31,8197.56,137392338,194238574592.0
2016-06-01,8207.25,8324.09,8202.72,8270.52,144266880,215119392768.0
2016-06-02,8261.6,8369.67,8255.96,8369.43,133157988,194489851904.0
2016-06-03,8370.79,8442.9,8336.96,8391.76,140387635,212065624064.0
2016-06-06,8418.34,8443.57,8359.02,8422.47,117501279,178624008192.0
2016-06-07,8421.61,8439.14,8363.41,8434.67,110744225,169727803392.0
2016-06-08,8417.75,8481.65,8340.9,8431.89,114686484,182132625408.0
2016-06-13,8307.19,8387.42,8000.65,8000.82,137074808,216696631296.0
2016-06-14,7957.93,8053.54,7931.23,8038.59,96775235,148221124608.0
2016-06-15,7948.18,8369.94,7936.62,8340.54,135462802,209026228224.0
2016-06-16,8339.82,8421.33,8314.98,8358.03,144450017,229588025344.0
2016-06-17,8374.07,8480.65,8338.73,8414.51,141419118,216321683456.0
2016-06-20,8417.36,8476.47,8330.67,8457.93,120792727,189191593984.0
2016-06-21,8510.75,8552.66,8305.55,8350.76,135449441,212730466304.0
2016-06-22,8323.88,8513.93,8316.1,8513.54,117220449,183497555968.0
2016-06-23,8510.84,8547.39,8424.91,8495.78,132779328,206445764608.0
2016-06-24,8477.03,8547.68,8153.16,8428.82,162435643,244438163456.0
2016-06-27,8360.52,8646.37,8358.34,8646.16,139794184,220034056192.0
2016-06-28,8616.07,8737.82,8599.85,8730.2,158998676,247242862592.0
2016-06-29,8758.7,8784.95,8704.35,8745.82,153125294,231682359296.0
2016-06-30,8753.85,8776.24,8692.26,8741.1,134709875,208903512064.0
2016-07-01,8747.79,8779.63,8680.08,8710.52,121163474,187653640192.0
2016-07-04,8661.27,8882.85,8653.86,8874.07,145919711,217310724096.0
2016-07-05,8886.51,8925.09,8839.94,8914.84,158076818,240570273792.0
2016-07-06,8885.33,8957.58,8862.76,8947.14,145409659,218862141440.0
2016-07-07,8942.99,8988.32,8851.3,8954.28,167293292,256984834048.0
2016-07-08,8941.49,8996.97,8904.59,8939.26,133166211,209452220416.0
2016-07-11,8953.87,9004.75,8865.59,8875.0,145652841,226031386624.0
2016-07-12,8862.37,8943.15,8719.88,8943.07,151324255,224366456832.0
2016-07-13,8963.44,9042.07,8926.76,9023.24,153686180,224100343808.0
2016-07-14,9011.39,9044.02,8976.52,9042.76,131381189,196195471360.0
2016-07-15,9039.88,9048.35,8952.61,8982.89,123145605,185198325760.0
2016-07-18,8962.96,8990.29,8881.5,8937.86,119175004,177542909952.0
2016-07-19,8928.64,8996.96,8883.77,8996.83,111464507,165460365312.0
2016-07-20,8999.11,9044.37,8976.0,8997.89,113691763,173424017408.0
2016-07-21,8991.33,9065.69,8964.62,9007.55,123864174,187059019776.0
2016-07-22,9002.09,9022.06,8925.94,8931.97,119719642,181249323008.0
2016-07-25,8911.94,8969.6,8875.78,8925.34,110849152,166597861376.0
2016-07-26,8922.75,9035.88,8922.75,9035.56,108617971,156691959808.0
2016-07-27,9037.5,9046.08,8488.95,8602.92,183550034,261486661632.0
2016-07-28,8580.09,8636.49,8431.12,8571.56,124905321,176573206528.0
2016-07-29,8565.25,8584.64,8457.97,8501.09,93736940,131143307264.0
2016-08-01,8462.91,8462.91,8263.36,8363.61,92963397,128066613248.0
2016-08-02,8353.42,8446.36,8353.14,8445.78,74035891,101876043776.0
2016-08-03,8431.52,8491.26,8412.78,8482.2,90593224,120854642688.0
2016-08-04,8474.26,8564.84,8447.36,8553.01,96134387,132268597248.0
2016-08-05,8545.86,8571.18,8498.59,8505.36,92599575,124298674176.0
2016-08-08,8480.79,8607.45,8426.64,8607.4,94418365,124431704064.0
2016-08-09,8601.84,8699.69,8596.79,8699.39,111616975,145633337344.0
2016-08-10,8694.38,8725.45,8668.06,8671.78,107888604,143544115200.0
2016-08-11,8647.12,8667.25,8531.69,8531.69,101674089,132412911616.0
2016-08-12,8515.52,8615.2,8507.65,8615.05,89999875,114363858944.0
2016-08-15,8628.63,8821.69,8590.06,8807.83,147277988,195277197312.0
2016-08-16,8813.21,8903.49,8812.6,8877.07,139697288,191606185984.0
2016-08-17,8867.46,8933.03,8846.32,8911.75,125914785,178017341440.0
2016-08-18,8899.19,8942.57,8880.26,8908.32,135852419,182170472448.0
2016-08-19,8895.3,8945.17,8864.07,8923.36,113786263,156996829184.0
2016-08-22,8921.91,8939.7,8809.22,8810.84,116515709,160225222656.0
2016-08-23,8796.5,8847.65,8756.92,8820.21,102217500,138074214400.0
2016-08-24,8824.72,8892.08,8815.47,8850.51,96568448,137489346560.0
2016-08-25,8799.76,8799.76,8681.19,8784.58,109264243,151154130944.0
2016-08-26,8799.49,8883.77,8794.91,8814.46,101766106,147694792704.0
2016-08-29,8808.73,8860.04,8798.06,8836.99,92119544,129587994624.0
2016-08-30,8842.42,8886.01,8822.25,8838.46,91810803,125029580800.0
2016-08-31,8833.21,8844.47,8772.95,8838.38,89379218,122279403520.0
2016-09-01,8831.6,8851.75,8770.75,8770.75,98825372,132387758080.0
2016-09-02,8750.94,8790.0,8675.92,8724.94,92456763,124613169152.0
2016-09-05,8743.74,8804.77,8739.65,8761.96,88919084,117745328128.0
2016-09-06,8761.42,8907.17,8689.65,8906.87,115145508,157554171904.0
2016-09-07,8908.51,8959.99,8886.79,8897.8,125540068,171722088448.0
2016-09-08,8888.01,8939.42,8880.4,8938.43,104444234,141943742464.0
2016-09-09,8934.27,8958.51,8872.31,8872.31,108190052,144998518784.0
2016-09-12,8705.75,8737.99,8585.87,8587.4,117367565,151318777856.0
2016-09-13,8635.58,8664.91,8595.5,8656.68,88810716,115638611968.0
2016-09-14,8612.7,8664.1,8579.35,8618.15,85065787,108616695808.0
2016-09-19,8630.65,8716.98,8630.65,8716.49,79058353,103063216128.0
2016-09-20,8721.38,8724.89,8685.97,8712.28,80607040,105440722944.0
2016-09-21,8705.25,8756.13,8704.93,8732.0,76784212,100485672960.0
2016-09-22,8779.89,8801.57,8760.15,8770.09,91791037,120755965952.0
2016-09-23,8773.9,8781.25,8728.06,8729.61,89465761,118754332672.0
2016-09-26,8711.88,8712.23,8544.18,8544.18,96348977,126222278656.0
2016-09-27,8521.01,8604.55,8477.8,8604.1,82333481,104531099648.0
2016-09-28,8604.24,8613.14,8575.03,8592.13,75728269,94689853440.0
2016-09-29,8597.29,8651.21,8597.25,8618.61,76203282,94588141568.0
2016-09-30,8607.97,8669.15,8606.38,8661.02,71987187,89522110464.0
2016-10-10,8699.71,8843.03,8687.75,8842.82,104310239,135618494464.0
2016-10-11,8845.23,8903.88,8834.11,8903.46,104427884,136370266112.0
2016-10-12,8879.66,8915.91,8862.01,8915.44,102626588,132239425536.0
2016-10-13,8914.56,8952.76,8905.26,8929.51,106486981,135800877056.0
2016-10-14,8913.74,8918.77,8845.37,8913.7,102099827,129299181568.0
2016-10-17,8922.14,8940.04,8802.8,8832.09,106112259,140308733952.0
2016-10-18,8822.79,8966.69,8822.79,8966.69,105622597,139808268288.0
2016-10-19,8976.85,8992.07,8926.89,8954.2,108631276,141308616704.0
2016-10-20,8957.47,9006.84,8953.29,8995.41,116412954,152600387584.0
2016-10-21,8987.24,8991.04,8857.1,8943.01,111821512,147423408128.0
2016-10-24,8940.54,9010.23,8918.21,9000.7,111382659,143944298496.0
2016-10-25,9003.38,9039.95,9001.11,9039.48,114219919,148126855168.0
2016-10-26,9041.93,9042.36,8966.46,9000.76,124162317,164077223936.0
2016-10-27,8989.7,8997.86,8956.64,8997.02,101499118,132814696448.0
2016-10-28,8988.22,9006.22,8913.06,8914.62,112402191,146575233024.0
2016-10-31,8893.29,8920.66,8841.15,8910.51,101155494,132404297728.0
2016-11-01,8914.68,9006.79,8914.58,9006.79,106559327,146060455936.0
2016-11-02,8990.47,9006.79,8939.55,8946.74,121370926,162157502464.0
2016-11-03,8922.04,9055.51,8914.68,9004.85,135517865,181662834688.0
2016-11-04,9000.49,9040.35,8960.58,8979.93,119656586,160812449792.0
2016-11-07,8981.43,9002.58,8946.76,8975.57,115234304,152006311936.0
2016-11-08,8996.91,9042.72,8988.38,9030.73,112032650,150422872064.0
2016-11-09,9027.95,9038.98,8853.89,8967.6,143021033,188453511168.0
2016-11-10,9028.67,9084.76,9028.67,9083.84,139759124,182399438848.0
2016-11-11,9080.44,9121.61,9064.25,9121.51,146580052,191859109888.0
2016-11-14,9105.93,9162.3,9093.46,9152.17,147471690,192935325696.0
2016-11-15,9152.19,9198.24,9123.28,9197.86,132372897,176901787648.0
2016-11-16,9208.49,9236.68,9202.18,9211.95,138225702,186184261632.0
2016-11-17,9197.92,9198.09,9131.9,9174.44,118432468,152817156096.0
2016-11-18,9176.33,9191.47,9132.73,9146.21,112850683,148689989632.0
2016-11-21,9138.06,9181.96,9135.2,9167.49,106921569,145708630016.0
2016-11-22,9176.55,9244.55,9174.56,9244.21,117043709,162509344768.0
2016-11-23,9250.04,9257.17,9161.52,9180.01,124025603,174595354624.0
2016-11-24,9166.58,9185.56,9096.0,9116.57,112366062,152186818560.0
2016-11-25,9109.17,9134.82,8957.16,9134.82,109498273,147288875008.0
2016-11-28,9148.97,9163.65,9121.59,9133.91,103632038,137081352192.0
2016-11-29,9120.59,9132.16,9031.29,9031.29,110035443,143706554368.0
2016-11-30,9013.15,9053.17,8983.7,9014.91,93976146,125122011136.0
2016-12-01,9021.97,9056.24,9021.97,9055.99,87812641,116471721984.0
2016-12-02,9056.01,9060.63,8900.41,8900.41,100572332,132794114048.0
2016-12-05,8818.61,8908.11,8793.09,8851.52,83782213,110838542336.0
2016-12-06,8865.34,8896.55,8853.91,8871.73,73750646,100121980928.0
2016-12-07,8870.3,8969.34,8855.41,8969.14,83649892,108984967168.0
2016-12-08,8973.1,8974.18,8908.31,8914.51,85521810,113543516160.0
2016-12-09,8903.74,8920.31,8864.07,8881.34,83459735,110186323968.0
2016-12-12,8875.59,8879.45,8391.03,8397.48,124182100,166295416832.0
2016-12-13,8371.37,8458.32,8299.28,8433.59,90004165,117766017024.0
2016-12-14,8416.98,8464.95,8339.6,8378.06,89861967,115904880640.0
2016-12-15,8347.61,8516.85,8340.85,8467.71,87825641,114897367040.0
2016-12-16,8470.54,8565.79,8466.35,8559.99,87829368,115873288192.0
2016-12-19,8554.96,8556.44,8521.12,8551.33,83590216,106649743360.0
2016-12-20,8543.87,8561.34,8509.59,8546.19,77659679,100665618432.0
2016-12-21,8558.28,8609.67,8558.28,8609.41,81903836,108185870336.0
2016-12-22,8602.35,8618.37,8560.97,8607.95,80737037,106059276288.0
2016-12-23,8602.67,8609.79,8502.05,8509.36,79636352,105664864256.0
2016-12-26,8472.45,8547.25,8380.69,8547.1,76270136,99960889344.0
2016-12-27,8541.0,8575.38,8534.15,8555.99,73504220,98785574912.0
2016-12-28,8551.22,8568.13,8507.89,8521.38,75672018,95948234752.0
2016-12-29,8505.46,8551.19,8484.44,8488.3,70069228,91567280128.0
2016-12-30,8487.15,8516.61,8466.74,8490.86,68994181,88497971200.0
2017-01-03,8503.66,8565.34,8503.66,8565.14,72674829,92295737344.0
2017-01-04,8567.23,8670.16,8554.13,8669.95,94103352,124607188992.0
2017-01-05,8665.23,8694.44,8657.74,8670.76,94888573,127215022080.0
2017-01-06,8661.69,8666.66,8603.91,8609.9,97656020,128857264128.0
2017-01-09,8595.91,8654.13,8578.99,8653.85,89797120,120109572096.0
2017-01-10,8646.08,8666.9,8604.12,8609.55,89114427,116693463040.0
2017-01-11,8592.75,8619.64,8514.63,8519.85,85553216,111944114176.0
2017-01-12,8509.53,8536.59,8433.78,8443.26,79330447,104485335040.0
2017-01-13,8434.0,8444.98,8277.79,8286.24,79257183,104793120768.0
2017-01-16,8263.2,8263.98,7715.43,7931.96,106208207,131957211136.0
2017-01-17,7900.93,8031.99,7808.21,8028.65,77390492,100008996864.0
2017-01-18,8009.51,8036.38,7972.29,7989.14,64076273,83243028480.0
2017-01-19,7966.47,8000.82,7927.71,7955.39,60107254,77249126400.0
2017-01-20,7945.19,8102.39,7944.39,8087.77,65199867,86141374464.0
2017-01-23,8100.04,8185.73,8100.04,8169.11,68353736,89215377408.0
2017-01-24,8160.78,8163.78,8115.13,8123.59,62916846,81333981184.0
2017-01-25,8107.67,8160.44,8099.99,8150.6,54697165,71069212672.0
2017-01-26,8157.02,8206.01,8157.02,8205.87,50228165,64978765824.0
2017-02-03,8212.41,8217.69,8157.67,8182.28,45388792,57932932608.0
2017-02-06,8181.91,8280.01,8175.46,8280.01,64263076,83371298816.0
2017-02-07,8271.76,8295.99,8233.8,8282.37,74017380,97867640832.0
2017-02-08,8267.79,8342.52,8226.58,8342.43,78238751,102018363392.0
2017-02-09,8338.0,8411.14,8330.8,8410.26,91724774,118604517376.0
2017-02-10,8404.51,8414.18,8374.53,8380.79,98085517,119773974528.0
2017-02-13,8373.75,8433.32,8363.25,8432.96,89710927,111849304064.0
2017-02-14,8427.7,8433.14,8399.06,8423.84,84401362,108652322816.0
2017-02-15,8415.57,8434.52,8331.36,8344.07,96558303,123055988736.0
2017-02-16,8333.81,8401.71,8329.71,8397.56,89653901,110543253504.0
2017-02-17,8390.12,8401.07,8307.23,8324.42,99137009,125109374976.0
2017-02-20,8318.28,8397.43,8312.56,8397.24,93649508,117512642560.0
2017-02-21,8399.04,8479.61,8393.54,8479.61,103682214,131730526208.0
2017-02-22,8477.75,8510.42,8457.63,8510.31,104126871,132212387840.0
2017-02-23,8507.96,8515.45,8460.44,8512.7,113484936,140361465856.0
2017-02-24,8500.7,8544.32,8487.5,8543.45,94768417,125207920640.0
2017-02-27,8534.72,8546.62,8470.75,8476.91,90304755,119249346560.0
2017-02-28,8470.44,8508.35,8460.48,8508.09,81385426,111265693696.0
2017-03-01,8497.89,8548.82,8491.74,8526.47,93476813,124602294272.0
2017-03-02,8529.58,8539.11,8467.39,8471.44,90446682,119730069504.0
2017-03-03,8450.97,8509.88,8425.39,8505.45,85758080,119450902528.0
2017-03-06,8513.21,8608.4,8513.21,8608.15,89786243,129565986816.0
2017-03-07,8614.85,8625.52,8574.29,8624.47,94884636,134165069824.0
2017-03-08,8622.11,8624.44,8563.97,8589.87,85651451,117961846784.0
2017-03-09,8578.89,8579.25,8513.65,8535.56,87844316,117451104256.0
2017-03-10,8526.54,8561.52,8519.67,8537.78,75282220,108811681792.0
2017-03-13,8529.17,8598.52,8477.7,8598.52,81584817,114562101248.0
2017-03-14,8604.77,8618.29,8563.61,8581.71,83475899,119013560320.0
2017-03-15,8563.47,8582.9,8540.1,8574.03,82728824,116569473024.0
2017-03-16,8582.96,8664.98,8582.96,8664.98,96216896,132237344768.0
2017-03-17,8671.52,8704.85,8601.57,8603.87,107253153,153091371008.0
2017-03-20,8594.71,8635.08,8569.83,8634.84,92282683,130411827200.0
2017-03-21,8629.06,8640.1,8607.66,8639.57,81416937,116722044928.0
2017-03-22,8604.61,8625.41,8547.05,8592.51,92984855,130289393664.0
2017-03-23,8592.34,8624.07,8500.52,8590.96,100487706,142487834624.0
2017-03-24,8583.95,8606.61,8552.68,8602.29,93303695,127360348160.0
2017-03-27,8603.23,8611.4,8570.86,8586.91,90339837,126656761856.0
2017-03-28,8579.05,8591.84,8546.12,8558.07,83218324,116556378112.0
2017-03-29,8555.99,8565.86,8484.74,8488.22,97931195,132790411264.0
2017-03-30,8471.24,8473.34,8303.0,8315.05,113802455,149402398720.0
2017-03-31,8314.08,8351.42,8291.69,8339.15,89185469,116854312960.0
2017-04-05,8369.39,8522.01,8369.39,8522.01,104236897,135703572480.0
2017-04-06,8531.2,8557.52,8514.09,8543.66,103718630,136293117952.0
2017-04-07,8539.14,8567.8,8523.3,8544.75,104429268,141871144960.0
2017-04-10,8522.91,8523.4,8439.31,8449.16,116716198,160243732480.0
2017-04-11,8432.47,8514.44,8373.84,8514.44,134251474,177771859968.0
2017-04-12,8505.7,8505.92,8439.44,8444.39,126675246,161321558016.0
2017-04-13,8429.73,8490.86,8423.3,8470.31,106494464,130236620800.0
2017-04-14,8460.64,8463.06,8338.87,8345.65,104302848,132344782848.0
2017-04-17,8309.78,8309.78,8183.07,8220.66,92375204,118180069376.0
2017-04-18,8216.21,8247.05,8133.05,8136.41,86728420,114295840768.0
2017-04-19,8101.8,8101.8,7939.29,8033.5,96674578,120296603648.0
2017-04-20,8021.06,8059.11,7925.3,7987.65,80173878,102351585280.0
2017-04-21,7984.47,8014.83,7938.32,7945.39,68609375,86997413888.0
2017-04-24,7921.42,7921.42,7698.1,7698.28,79123069,95231168512.0
2017-04-25,7699.98,7779.67,7691.32,7724.0,69817708,88521019392.0
2017-04-26,7721.66,7763.07,7718.76,7751.94,72124687,93185982464.0
2017-04-27,7737.07,7810.11,7593.02,7799.12,98167780,121523478528.0
2017-04-28,7777.75,7842.11,7768.05,7842.08,73216271,91507736576.0
2017-05-02,7831.44,7851.41,7811.84,7845.47,70339041,91555397632.0
2017-05-03,7832.02,7860.3,7796.82,7830.64,79325256,103812091904.0
2017-05-04,7804.78,7877.32,7763.84,7804.58,81643054,107023126528.0
2017-05-05,7780.14,7787.57,7700.21,7700.26,75760189,96850513920.0
2017-05-08,7679.16,7691.48,7555.06,7555.28,73319729,92056043520.0
2017-05-09,7522.22,7603.36,7475.41,7602.96,67280804,82754789376.0
2017-05-10,7597.77,7637.64,7451.36,7451.78,77301565,92109197312.0
2017-05-11,7400.42,7408.11,7199.41,7387.15,89986688,101201186816.0
2017-05-12,7368.07,7395.36,7306.38,7371.3,68955149,83456798720.0
2017-05-15,7386.2,7425.32,7386.2,7391.61,62018726,76637995008.0
2017-05-16,7377.76,7549.92,7324.14,7549.76,87956326,110829887488.0
2017-05-17,7545.21,7609.53,7538.67,7570.44,87397565,111325675520.0
2017-05-18,7509.41,7581.83,7490.78,7519.19,76571372,97572376576.0
2017-05-19,7517.13,7540.92,7472.28,7510.11,70235466,85675814912.0
2017-05-22,7500.51,7521.63,7354.07,7372.79,75642747,89326342144.0
2017-05-23,7352.25,7359.78,7132.31,7138.24,81300142,93038989312.0
2017-05-24,7099.27,7172.66,6996.64,7172.14,69675338,77578604544.0
2017-05-25,7160.16,7241.23,7078.55,7232.63,78452460,87980703744.0
2017-05-26,7224.81,7265.15,7221.08,7233.34,73388877,83869904896.0
2017-05-31,7303.58,7327.32,7211.07,7212.7,68088164,77887754240.0
2017-06-01,7191.69,7191.69,7015.87,7016.3,73048074,80735379456.0
2017-06-02,6989.44,7105.03,6927.92,7094.43,72114680,77347426304.0
2017-06-05,7102.5,7172.44,7099.62,7160.53,63186153,70693306368.0
2017-06-06,7147.17,7198.3,7136.46,7197.62,61678300,68888514560.0
2017-06-07,7194.69,7347.6,7192.86,7347.6,91546724,101941735424.0
2017-06-08,7349.93,7374.86,7327.07,7342.48,84987151,97053450240.0
2017-06-09,7331.51,7353.41,7288.32,7348.52,76717903,86608838656.0
2017-06-12,7314.67,7322.47,7241.07,7246.71,75468498,87644991488.0
2017-06-13,7234.28,7358.43,7232.69,7352.98,73604183,86430814208.0
2017-06-14,7346.52,7382.58,7340.7,7362.86,80236270,96077209600.0
2017-06-15,7350.01,7468.21,7348.42,7455.39,91008686,107603746816.0
2017-06-16,7453.6,7463.05,7433.42,7442.95,78770824,94280617984.0
2017-06-19,7435.25,7489.82,7435.24,7489.76,74348242,87490801664.0
2017-06-20,7496.89,7542.13,7495.72,7503.8,88753751,107744747520.0
2017-06-21,7510.01,7521.21,7456.56,7504.19,82020575,99722629120.0
2017-06-22,7495.92,7506.41,7371.96,7371.96,92135685,108096352256.0
2017-06-23,7355.76,7383.93,7262.41,7376.67,81280141,92898271232.0
2017-06-26,7370.62,7462.25,7363.39,7462.1,75951956,87122137088.0
2017-06-27,7461.4,7493.82,7442.85,7474.03,75652329,86202613760.0
2017-06-28,7457.36,7457.71,7411.38,7423.47,70053215,80354041856.0
2017-06-29,7424.97,7480.74,7424.97,7456.67,67297454,78474989568.0
2017-06-30,7435.7,7473.27,7416.45,7465.76,64150203,74481635328.0
2017-07-03,7468.15,7537.33,7460.44,7537.11,74486292,86007918592.0
2017-07-04,7533.99,7540.94,7506.52,7523.7,72648179,84796829696.0
2017-07-05,7520.86,7588.12,7510.53,7588.09,82890335,95840387072.0
2017-07-06,7583.15,7613.26,7543.34,7601.79,100425646,116335710208.0
2017-07-07,7585.33,7623.5,7576.81,7623.38,94199613,108753207296.0
2017-07-10,7613.31,7626.85,7567.1,7577.82,99698488,113139302400.0
2017-07-11,7566.41,7575.47,7484.06,7484.06,90991081,104100941824.0
2017-07-12,7471.56,7494.95,7367.26,7474.33,89792195,100201619456.0
2017-07-13,7463.28,7494.73,7452.13,7474.3,81808389,90255495168.0
2017-07-14,7460.53,7465.54,7415.58,7433.18,73794908,84993306624.0
2017-07-17,7405.91,7405.91,7048.54,7048.54,116496105,121889173504.0
2017-07-18,7013.31,7109.94,6988.52,7109.6,82600120,85783191552.0
2017-07-19,7097.54,7202.95,7081.51,7202.81,101966428,101779968000.0
2017-07-20,7199.68,7273.98,7192.07,7244.9,106172490,111873581056.0
2017-07-21,7232.81,7268.24,7227.96,7252.71,100077281,104559947776.0
2017-07-24,7235.01,7295.28,7228.84,7292.65,106202522,111542284288.0
2017-07-25,7281.39,7297.11,7237.52,7278.84,92389197,97786134528.0
2017-07-26,7275.88,7290.14,7238.27,7289.88,96347420,103958953984.0
2017-07-27,7274.15,7388.29,7252.46,7383.11,124169690,135834472448.0
2017-07-28,7366.55,7400.37,7361.36,7386.21,103203279,115423342592.0
2017-07-31,7382.96,7445.25,7371.04,7444.96,119850688,128073494528.0
2017-08-01,7444.75,7456.41,7416.97,7452.93,116322120,127857811456.0
2017-08-02,7445.29,7453.2,7385.35,7389.51,122436326,131044200448.0
2017-08-03,7374.47,7451.61,7368.53,7424.11,114162783,122738774016.0
2017-08-04,7417.31,7447.36,7389.15,7389.15,123600727,132178587648.0
2017-08-07,7379.03,7445.68,7379.03,7445.18,99658819,104575537152.0
2017-08-08,7446.23,7482.25,7423.21,7470.69,120566700,126185472000.0
2017-08-09,7469.29,7495.8,7455.69,7495.39,113083963,120218660864.0
2017-08-10,7478.93,7499.87,7381.21,7441.24,115524979,124155842560.0
2017-08-11,7389.74,7425.3,7318.48,7328.4,117100247,122605801472.0
2017-08-14,7331.64,7475.2,7331.64,7474.64,105158121,114207481856.0
2017-08-15,7477.27,7507.76,7462.44,7507.29,101089523,112638070784.0
2017-08-16,7502.57,7553.5,7475.2,7544.39,112649948,127627890688.0
2017-08-17,7547.78,7615.75,7545.63,7614.21,125774282,142863069184.0
2017-08-18,7564.98,7595.27,7547.67,7576.05,111948508,126566449152.0
2017-08-21,7583.08,7631.95,7583.05,7631.75,101044856,112907227136.0
2017-08-22,7622.99,7622.99,7567.69,7585.11,102144023,117494816768.0
2017-08-23,7572.08,7581.2,7516.69,7534.46,86378898,98224537600.0
2017-08-24,7531.84,7540.77,7470.35,7486.06,84636692,94680272896.0
2017-08-25,7483.85,7566.03,7483.85,7559.31,86605025,95324708864.0
2017-08-28,7563.54,7656.79,7563.54,7642.65,106388383,123305885696.0
2017-08-29,7639.01,7653.18,7607.19,7623.26,104143951,121808367616.0
2017-08-30,7618.38,7663.33,7618.38,7654.37,107534863,122792865792.0
2017-08-31,7654.34,7680.31,7639.78,7679.87,102046479,118232621056.0
2017-09-01,7687.84,7740.29,7674.2,7739.91,124204193,145344069632.0
2017-09-04,7739.87,7798.51,7730.11,7798.18,133033943,157747466240.0
2017-09-05,7790.7,7803.9,7751.47,7800.54,118988268,144359211008.0
2017-09-06,7776.99,7858.35,7766.04,7858.28,125957092,156182429696.0
2017-09-07,7859.4,7886.92,7819.32,7823.4,130396052,165223256064.0
2017-09-08,7816.21,7861.04,7789.33,7838.8,115813340,142067253248.0
2017-09-11,7835.82,7920.86,7832.68,7920.69,119948687,147333672960.0
2017-09-12,7926.47,7965.69,7883.66,7899.42,155595840,194414366720.0
2017-09-13,7888.84,7928.95,7872.76,7928.75,114389440,136363024384.0
2017-09-14,7930.83,7951.84,7885.68,7916.67,125385871,147062894592.0
2017-09-15,7902.2,7904.36,7846.92,7880.57,116482296,136089292800.0
2017-09-18,7870.64,7941.94,7870.64,7941.68,103390756,123018530816.0
2017-09-19,7941.07,7948.3,7880.96,7905.71,109775245,128893607936.0
2017-09-20,7896.82,7975.61,7883.28,7975.39,116876088,136776785920.0
2017-09-21,7974.71,7981.78,7886.52,7886.52,116850714,139595051008.0
2017-09-22,7860.86,7873.25,7807.83,7849.73,102139599,119331119104.0
2017-09-25,7835.2,7843.28,7725.57,7731.8,91623511,105585410048.0
2017-09-26,7723.11,7751.06,7697.11,7746.24,77843699,92600446976.0
2017-09-27,7745.59,7812.88,7742.47,7810.23,81346629,98540863488.0
2017-09-28,7800.13,7818.99,7766.86,7768.38,86698342,104257196032.0
2017-09-29,7779.88,7842.96,7779.88,7842.59,85523200,102747856896.0
2017-10-09,7921.73,7945.04,7894.3,7941.18,102276854,122844016640.0
2017-10-10,7934.37,7994.74,7925.55,7994.46,102305672,123864588288.0
2017-10-11,7991.22,7997.99,7953.95,7961.11,114720883,138250231808.0
2017-10-12,7951.67,7962.31,7886.24,7940.14,100875164,121756561408.0
2017-10-13,7934.43,7972.67,7926.76,7972.42,90829343,113476919296.0
2017-10-16,7963.52,7964.26,7817.24,7819.59,107362555,130412466176.0
2017-10-17,7799.78,7836.4,7772.89,7805.07,70959772,85511782400.0
2017-10-18,7806.88,7829.99,7729.05,7730.27,82414922,96559030272.0
2017-10-19,7718.8,7734.9,7637.61,7656.06,83055058,94369988608.0
2017-10-20,7650.08,7751.43,7647.06,7751.43,68092600,79698259968.0
2017-10-23,7753.69,7793.81,7746.89,7793.54,71750405,86394257408.0
2017-10-24,7786.3,7786.3,7702.55,7752.92,72746506,88455360512.0
2017-10-25,7745.32,7799.87,7740.49,7799.75,69358584,83802591232.0
2017-10-26,7791.74,7836.7,7783.91,7830.11,83826360,100752822272.0
2017-10-27,7821.56,7831.02,7762.64,7770.71,77703304,91788513280.0
2017-10-30,7753.68,7755.66,7531.29,7574.65,96450483,109379321856.0
2017-10-31,7563.65,7631.92,7560.9,7631.53,69384453,82283958272.0
2017-11-01,7630.42,7659.37,7622.94,7635.44,74009354,88996749312.0
2017-11-02,7622.84,7622.84,7540.89,7542.35,76617541,90532061184.0
2017-11-03,7534.44,7549.83,7436.43,7476.98,80044388,91895586816.0
2017-11-06,7476.19,7551.89,7453.2,7551.35,73389683,87737442304.0
2017-11-07,7548.38,7596.42,7530.04,7596.17,81226163,96589131776.0
2017-11-08,7585.91,7653.42,7578.69,7617.52,86674803,103615152128.0
2017-11-09,7610.89,7657.25,7609.24,7656.67,78332483,93045903360.0
2017-11-10,7649.47,7677.7,7634.65,7669.97,89683889,107072917504.0
2017-11-13,7673.52,7682.06,7649.43,7681.63,96787325,116483067904.0
2017-11-14,7676.7,7683.23,7596.8,7627.49,96157934,118613217280.0
2017-11-15,7609.72,7618.4,7530.81,7556.42,78824888,98546778112.0
2017-11-16,7543.01,7575.51,7523.89,7535.59,75868518,91634929664.0
2017-11-17,7528.8,7529.21,7262.89,7272.66,105824512,120725016576.0
2017-11-20,7234.33,7292.51,7089.63,7292.46,79268800,88051560448.0
2017-11-21,7283.61,7332.98,7246.2,7289.31,78289057,89707286528.0
2017-11-22,7290.64,7330.65,7244.99,7297.39,83721769,98284531712.0
2017-11-23,7283.75,7283.75,7124.03,7129.05,84917041,95606644736.0
2017-11-24,7102.26,7165.41,7093.73,7139.55,68774420,77199040512.0
2017-11-27,7130.1,7148.31,7057.33,7065.84,66026161,73512574976.0
2017-11-28,7057.53,7177.1,7057.36,7176.92,64844703,72399634432.0
2017-11-29,7176.16,7194.78,7110.48,7193.12,79386985,87373737984.0
2017-11-30,7176.15,7199.27,7133.81,7153.57,71253522,81046478848.0
2017-12-01,7144.48,7221.0,7144.07,7215.78,68773427,78744576000.0
2017-12-04,7209.78,7215.28,7135.4,7139.75,68490652,79210930176.0
2017-12-05,7124.98,7139.7,6909.4,6946.56,82947430,91055718400.0
2017-12-06,6925.46,7016.87,6879.24,7016.76,74073810,80867053568.0
2017-12-07,7002.46,7052.22,6992.92,7012.71,65907003,74113863680.0
2017-12-08,7004.12,7091.61,7002.64,7078.0,69671967,78998601728.0
2017-12-11,7089.95,7160.84,7089.92,7160.43,74668997,88631074816.0
2017-12-12,7157.73,7157.73,7095.23,7095.59,75574602,92036411392.0
2017-12-13,7080.62,7140.2,7078.26,7139.72,66579784,78906519552.0
2017-12-14,7131.27,7149.22,7103.92,7146.45,71121088,83360968704.0
2017-12-15,7137.04,7146.71,7092.26,7122.75,75337556,89636671488.0
2017-12-18,7113.78,7120.85,7049.3,7075.87,67680243,80646668288.0
2017-12-19,7070.22,7116.09,7069.88,7115.85,61202470,73809911808.0
2017-12-20,7106.66,7112.59,7029.7,7041.5,70439849,82955649024.0
2017-12-21,7029.02,7064.67,6963.13,7051.34,71260268,84872323072.0
2017-12-22,7043.39,7063.81,7027.2,7037.4,66292357,79475654656.0
2017-12-25,7031.03,7034.2,6927.32,6940.51,70201001,82112479232.0
2017-12-26,6935.04,6970.98,6893.62,6970.75,63357553,72955068416.0
2017-12-27,6963.06,6985.49,6935.88,6942.54,72263885,81033465856.0
2017-12-28,6929.54,6979.08,6925.07,6956.48,75274862,82854068224.0
2017-12-29,6957.02,7018.06,6956.59,7017.35,66690097,74243424256.0
2018-01-02,7027.63,7092.22,7022.23,7092.09,77191027,83707133952.0
2018-01-03,7090.87,7163.86,7083.11,7159.88,91410010,102536974336.0
2018-01-04,7149.68,7175.35,7141.7,7174.87,88822118,100784812032.0
2018-01-05,7172.0,7194.98,7163.04,7176.87,92401434,103063158784.0
2018-01-08,7172.04,7188.55,7132.94,7188.29,97596014,108927483904.0
2018-01-09,7179.93,7183.28,7156.2,7176.74,84762074,94406582272.0
2018-01-10,7172.73,7175.08,7089.66,7138.78,92083397,103132729344.0
2018-01-11,7121.46,7180.33,7093.73,7175.4,89170557,100924157952.0
2018-01-12,7166.75,7174.84,7125.23,7127.83,92888878,96816230400.0
2018-01-15,7103.61,7103.7,6912.71,6929.31,106751386,112357556224.0
2018-01-16,6916.16,6960.73,6915.99,6960.68,86865454,93053136896.0
2018-01-17,6938.72,6948.32,6846.56,6942.86,90404454,96289669120.0
2018-01-18,6928.09,6963.62,6926.59,6955.23,71023324,76504567808.0
2018-01-19,6953.34,6981.81,6928.65,6938.31,75544276,82542649344.0
2018-01-22,6928.8,7014.83,6902.63,7014.55,81490371,91441692672.0
2018-01-23,7008.97,7028.57,6996.64,7019.98,78622638,86935957504.0
2018-01-24,7008.47,7072.87,6972.69,7072.41,91279268,104123994112.0
2018-01-25,7065.3,7110.15,7057.64,7062.64,97155727,110419615744.0
2018-01-26,7043.27,7070.6,7038.0,7056.01,82596984,92459192320.0
2018-01-29,7052.31,7060.12,6956.2,6972.48,87438231,96707362816.0
2018-01-30,6955.68,6977.1,6944.8,6955.24,73304622,80189947904.0
2018-01-31,6913.36,6913.36,6773.99,6791.01,93717952,98171547648.0
2018-02-01,6775.36,6792.99,6505.76,6506.45,108188969,107037564928.0
2018-02-02,6454.45,6493.22,6322.58,6487.87,85895624,85779042304.0
2018-02-05,6403.08,6485.75,6379.83,6461.81,70665746,72124063744.0
2018-02-06,6353.2,6383.18,6142.4,6142.67,91078374,89122349056.0
2018-02-07,6236.46,6270.57,6042.63,6158.26,84681201,84670001152.0
2018-02-08,6141.78,6243.74,6138.17,6238.22,63310989,64134826752.0
2018-02-09,6100.35,6142.31,5983.77,6053.02,81244006,77570355200.0
2018-02-12,6074.46,6216.52,6074.46,6203.75,62144023,63609252864.0
2018-02-13,6229.38,6268.78,6211.63,6216.51,61402575,63359383808.0
2018-02-14,6216.38,6230.73,6182.89,6230.66,43078275,43830725120.0
2018-02-22,6269.37,6347.15,6269.37,6347.08,56935534,59696646912.0
2018-02-23,6346.82,6367.06,6316.54,6365.92,64212820,65355546880.0
2018-02-26,6396.51,6509.62,6382.15,6507.13,89530168,92903051264.0
2018-02-27,6506.4,6540.75,6491.53,6529.38,92361275,97506320384.0
2018-02-28,6488.25,6581.08,6461.37,6563.81,88031590,96704991232.0
2018-03-01,6530.22,6658.94,6517.59,6658.58,91081398,99824672768.0
2018-03-02,6621.53,6672.96,6612.46,6632.37,89120445,97203093504.0
2018-03-05,6648.26,6674.41,6626.42,6674.28,79316782,87991357440.0
2018-03-06,6679.27,6735.96,6679.05,6735.86,96465994,106045841408.0
2018-03-07,6726.8,6740.08,6682.64,6688.55,85717765,90815160320.0
2018-03-08,6679.04,6725.42,6678.68,6725.18,79015478,85662965760.0
2018-03-09,6725.43,6839.72,6722.68,6837.13,106638912,117552934912.0
2018-03-12,6865.44,6947.65,6865.44,6947.46,123378324,141019770880.0
2018-03-13,6937.12,6963.85,6906.65,6911.67,111152929,124524863488.0
2018-03-14,6886.02,6908.11,6831.75,6834.84,94189430,105572466688.0
2018-03-15,6809.85,6838.89,6743.4,6824.05,91224059,101370413056.0
2018-03-16,6821.23,6861.68,6805.93,6805.93,87455340,96945057792.0
2018-03-19,6796.35,6856.09,6773.55,6820.5,84173399,95364091904.0
2018-03-20,6768.71,6826.78,6749.81,6822.25,81340306,91422982144.0
2018-03-21,6826.22,6875.52,6766.94,6771.06,95895895,108171087872.0
2018-03-22,6767.26,6804.24,6729.16,6764.69,85808988,95035969536.0
2018-03-23,6565.98,6625.1,6336.25,6402.89,132373258,134073520128.0
2018-03-26,6313.9,6515.33,6257.96,6515.25,94703107,100812349440.0
2018-03-27,6570.42,6692.97,6570.42,6680.84,110195707,125765173248.0
2018-03-28,6602.63,6684.0,6586.97,6635.87,99371456,114583810048.0
2018-03-29,6648.89,6686.74,6635.82,6684.28,91214211,103627874304.0
2018-03-30,6699.46,6799.02,6699.46,6798.67,102091950,122028122112.0
2018-04-02,6818.12,6875.64,6806.19,6835.87,118297864,144707510272.0
2018-04-03,6745.21,6776.0,6712.49,6769.56,101357281,119149821952.0
2018-04-04,6783.34,6804.04,6704.1,6708.92,92645765,110084214784.0
2018-04-09,6680.4,6747.7,6627.68,6718.65,87538445,100709175296.0
2018-04-10,6721.91,6731.55,6649.89,6720.77,94164634,108045598720.0
2018-04-11,6736.22,6778.18,6731.35,6759.81,95131791,106801496064.0
2018-04-12,6748.47,6772.43,6718.51,6727.64,88454482,100232286208.0
2018-04-13,6753.35,6771.12,6710.71,6721.66,84559365,96831602688.0
2018-04-16,6704.34,6750.18,6657.95,6717.93,93135857,106511642624.0
2018-04-17,6727.42,6739.17,6559.04,6564.69,97259955,113726640128.0
2018-04-18,6597.33,6668.39,6483.09,6661.29,101869240,115408101376.0
2018-04-19,6649.05,6717.53,6642.06,6677.09,101400458,116777127936.0
2018-04-20,6649.99,6670.49,6528.92,6535.96,95346158,106681872384.0
2018-04-23,6532.72,6557.76,6394.42,6466.52,87176072,97061449728.0
2018-04-24,6459.48,6606.58,6459.48,6606.58,91528387,102103830528.0
2018-04-25,6571.66,6641.54,6563.66,6632.02,90133619,105670156288.0
2018-04-26,6621.46,6623.95,6509.51,6510.53,90174351,102440968192.0
2018-04-27,6528.73,6549.29,6462.7,6517.05,75737815,87367127040.0
2018-05-02,6516.6,6551.25,6442.78,6486.81,75558392,84243591168.0
2018-05-03,6471.17,6546.03,6393.12,6545.27,80598676,89969065984.0
2018-05-04,6524.02,6565.72,6511.53,6531.29,70877893,81139187712.0
2018-05-07,6538.13,6646.68,6538.13,6646.58,81494415,92215181312.0
2018-05-08,6647.34,6678.46,6637.65,6678.14,84331441,95491125248.0
2018-05-09,6666.77,6685.69,6642.2,6674.91,81016614,90805977088.0
2018-05-10,6682.12,6703.67,6651.67,6703.21,92176530,100837089280.0
2018-05-11,6705.31,6707.82,6635.55,6636.77,86880353,98028945408.0
2018-05-14,6625.03,6639.84,6573.46,6591.73,79024548,89152790528.0
2018-05-15,6592.65,6661.42,6568.73,6661.13,75614610,84281139200.0
2018-05-16,6638.67,6670.65,6616.74,6622.64,79878254,90879754240.0
2018-05-17,6616.44,6631.07,6576.53,6591.26,73235443,80162193408.0
2018-05-18,6583.87,6621.15,6555.42,6620.77,76761695,81680879616.0
2018-05-21,6654.05,6705.83,6653.98,6697.14,94894912,102009741312.0
2018-05-22,6691.8,6724.74,6675.97,6724.4,90111424,98187718656.0
2018-05-23,6702.49,6707.83,6652.29,6652.29,92940045,100747571200.0
2018-05-24,6649.01,6666.73,6625.54,6628.5,74799969,81489424384.0
2018-05-25,6622.51,6630.02,6536.35,6541.45,84555476,90378166272.0
2018-05-28,6526.84,6543.06,6463.57,6490.4,79469460,87479488512.0
2018-05-29,6481.82,6522.83,6436.31,6436.77,78343652,86579040256.0
2018-05-30,6345.94,6351.51,6222.1,6232.42,92710533,93165871104.0
2018-05-31,6274.76,6315.84,6231.16,6315.17,79566856,83182530560.0
2018-06-01,6285.05,6324.89,6209.11,6243.73,78303821,81134182400.0
2018-06-04,6252.26,6265.58,6192.91,6215.61,67212355,71260565504.0
2018-06-05,6210.98,6316.48,6210.98,6316.42,69761825,74310086656.0
2018-06-06,6308.79,6331.75,6295.9,6320.47,65808384,71303041024.0
2018-06-07,6334.4,6340.68,6268.77,6274.88,68786819,71841701888.0
2018-06-08,6261.68,6261.68,6159.99,6205.96,72205343,72563523584.0
2018-06-11,6187.62,6197.94,6133.47,6151.94,62744013,69793427456.0
2018-06-12,6152.02,6199.32,6086.6,6199.15,64267200,72829427712.0
2018-06-13,6180.98,6180.98,6091.4,6092.34,67469714,71855910912.0
2018-06-14,6069.26,6125.31,6040.09,6060.13,63968901,67147895296.0
2018-06-15,6054.89,6069.75,5900.13,5928.07,81197673,79768924160.0
2018-06-19,5821.04,5829.58,5463.37,5522.53,102830666,93109899264.0
2018-06-20,5485.06,5612.48,5458.53,5588.27,80367708,74756509696.0
2018-06-21,5578.24,5623.96,5454.83,5456.91,84103826,76792619008.0
2018-06-22,5413.38,5545.15,5384.05,5541.37,75475080,65480025344.0
2018-06-25,5579.44,5592.62,5508.64,5512.43,70036531,63545473280.0
2018-06-26,5434.39,5563.36,5411.5,5558.71,78029386,69217247232.0
2018-06-27,5557.59,5583.63,5489.92,5508.92,76099461,67785255168.0
2018-06-28,5494.95,5547.57,5439.87,5443.85,69808463,61725209088.0
2018-06-29,5441.96,5608.54,5435.49,5608.54,83741650,77144993792.0
2018-07-02,5601.74,5625.5,5495.09,5538.09,88445320,79919677440.0
2018-07-03,5531.58,5602.06,5450.21,5601.59,85429944,82407964672.0
2018-07-04,5574.18,5580.17,5478.66,5500.67,78753577,72913235968.0
2018-07-05,5484.07,5507.81,5352.66,5352.66,78062653,70113472512.0
2018-07-06,5345.88,5442.08,5251.5,5374.58,86912980,78104096768.0
2018-07-09,5378.81,5487.8,5378.81,5487.55,77823706,74185375744.0
2018-07-10,5487.34,5525.03,5474.14,5524.8,75689188,72434307072.0
2018-07-11,5441.24,5442.01,5317.7,5396.31,83385137,77936226304.0
2018-07-12,5385.81,5552.72,5385.81,5541.36,94834358,89785491456.0
2018-07-13,5539.14,5570.52,5533.65,5561.69,84597066,82498129920.0
2018-07-16,5552.22,5573.88,5533.13,5566.96,74318438,72620666880.0
2018-07-17,5557.91,5575.79,5507.15,5575.47,75861020,71748988928.0
2018-07-18,5573.02,5612.9,5544.52,5544.52,85051727,80725037056.0
2018-07-19,5533.12,5559.66,5460.47,5480.77,74877307,70939865088.0
2018-07-20,5469.79,5552.16,5438.07,5541.21,76583959,72528601088.0
2018-07-23,5509.24,5582.41,5493.77,5582.31,94319127,90878656512.0
2018-07-24,5578.72,5674.31,5572.98,5672.22,119690163,105166548992.0
2018-07-25,5669.99,5702.28,5662.85,5685.59,109233976,99853623296.0
2018-07-26,5681.07,5695.23,5649.39,5663.18,115684490,96080752640.0
2018-07-27,5655.31,5669.01,5617.91,5630.23,102761411,82102030336.0
2018-07-30,5618.9,5634.45,5523.85,5549.04,93679355,79837798400.0
2018-07-31,5536.71,5562.55,5513.99,5542.54,72123960,63163843072.0
2018-08-01,5553.76,5578.33,5456.21,5456.21,84268116,73307033600.0
2018-08-02,5431.13,5431.13,5207.48,5325.8,103250616,86621495296.0
2018-08-03,5313.05,5335.6,5255.63,5255.63,78879933,67724825088.0
2018-08-06,5234.67,5264.86,5113.34,5144.64,79112125,66166028544.0
2018-08-07,5149.37,5279.86,5108.26,5279.64,85777295,71120257024.0
2018-08-08,5263.17,5278.25,5187.61,5191.79,90575954,74883907584.0
2018-08-09,5166.38,5329.84,5155.06,5307.97,96609966,81366331392.0
2018-08-10,5299.49,5344.72,5296.5,5342.05,77253327,66759757312.0
2018-08-13,5278.16,5369.6,5256.58,5369.18,78939305,69365559296.0
2018-08-14,5357.72,5376.26,5334.93,5351.02,77632991,65524312576.0
2018-08-15,5347.69,5350.61,5237.0,5242.09,77360855,64869451008.0
2018-08-16,5175.42,5244.66,5127.14,5178.24,72044027,59925464576.0
2018-08-17,5210.23,5233.5,5073.4,5084.21,73789581,62608576768.0
2018-08-20,5071.14,5103.63,4994.32,5103.63,69335025,58724469760.0
2018-08-21,5097.2,5171.56,5085.9,5162.03,70162179,61982377472.0
2018-08-22,5151.44,5156.25,5098.61,5102.36,64969659,54877234432.0
2018-08-23,5095.36,5151.31,5087.51,5133.33,63984481,55509964544.0
2018-08-24,5122.68,5147.56,5100.14,5116.14,61230129,51240119808.0
2018-08-27,5121.19,5229.36,5121.19,5229.36,78986012,68228198144.0
2018-08-28,5229.62,5244.15,5212.39,5233.5,75723092,64235740416.0
2018-08-29,5229.07,5229.11,5190.14,5203.71,65649275,54824237312.0
2018-08-30,5193.69,5206.95,5112.18,5114.27,67818962,55777573632.0
2018-08-31,5096.55,5107.69,5047.62,5057.98,59257132,47980878592.0
2018-09-03,5049.73,5055.28,4973.74,5054.11,63250476,51330344192.0
2018-09-04,5047.81,5123.26,5042.82,5113.15,71602340,59277313536.0
2018-09-05,5100.34,5115.72,5032.5,5032.5,75136620,59381385216.0
2018-09-06,5016.83,5071.11,4991.78,5012.51,66305531,55142631680.0
2018-09-07,5018.23,5084.4,4989.04,5022.28,74684114,62130611456.0
2018-09-10,5016.79,5019.47,4921.79,4923.64,70259287,55162475008.0
2018-09-11,4917.07,4950.63,4884.9,4925.3,62199378,48253683456.0
2018-09-12,4922.35,4956.46,4902.41,4919.81,58336361,47397897472.0
2018-09-13,4955.79,4978.36,4888.12,4958.16,66957217,54934177280.0
2018-09-14,4958.7,4965.66,4907.09,4907.93,67569044,54855270656.0
2018-09-17,4885.23,4885.23,4812.93,4831.56,60470789,46478780928.0
2018-09-18,4815.76,4917.39,4813.6,4917.35,72134618,55060763648.0
2018-09-19,4904.24,5001.86,4895.85,4970.01,87856788,69159706624.0
2018-09-20,4961.66,4984.75,4944.65,4951.58,78954209,57064620032.0
2018-09-21,4957.27,5015.24,4931.35,5011.69,86809592,64820658688.0
2018-09-25,4980.3,5014.02,4965.99,4995.7,66325064,50502105856.0
2018-09-26,4996.35,5042.51,4987.91,5017.06,79888148,61325493760.0
2018-09-27,5012.45,5018.4,4945.64,4945.69,88314524,64293847296.0
2018-09-28,4947.72,4987.27,4935.42,4987.27,69992384,52967811584.0
2018-10-08,4906.1,4916.87,4813.09,4817.43,72403277,54106351360.0
2018-10-09,4826.32,4860.91,4790.67,4818.73,62561006,47123964416.0
2018-10-10,4823.35,4842.98,4775.67,4812.43,64140908,48610881280.0
2018-10-11,4662.96,4671.99,4428.6,4456.61,107928392,74347638784.0
2018-10-12,4415.29,4446.95,4251.67,4427.68,98498278,64658294016.0
2018-10-15,4435.08,4468.22,4352.27,4358.87,68221010,48052709120.0
2018-10-16,4358.06,4391.39,4237.51,4261.17,68199493,47186685440.0
2018-10-17,4311.05,4334.63,4192.82,4292.2,71247908,51307601920.0
2018-10-18,4260.01,4260.01,4143.17,4149.44,71591534,46922878976.0
2018-10-19,4080.12,4243.97,4066.27,4241.23,77230953,52467072256.0
2018-10-22,4279.76,4491.31,4279.76,4452.74,111874429,78733930496.0
2018-10-23,4448.91,4469.57,4352.66,4379.06,93078052,64972902400.0
2018-10-24,4358.87,4424.91,4340.66,4377.55,75240891,51683897600.0
2018-10-25,4245.3,4353.78,4223.32,4345.33,80969541,54095958528.0
2018-10-26,4374.46,4412.23,4342.21,4359.47,82617544,54886653440.0
2018-10-29,4341.91,4345.02,4275.72,4296.7,66211374,45334105344.0
2018-10-30,4284.36,4358.47,4226.59,4336.65,76210924,52401145856.0
2018-10-31,4342.11,4424.5,4337.53,4400.61,86162529,58588631552.0
2018-11-01,4428.86,4493.6,4425.15,4428.74,101841544,72544522240.0
2018-11-02,4490.63,4564.18,4483.98,4564.18,115826478,84500664320.0
2018-11-05,4557.92,4620.71,4529.44,4598.2,122382858,85599064064.0
2018-11-06,4585.58,4603.78,4543.71,4603.11,103587471,70263865344.0
2018-11-07,4604.87,4650.36,4589.32,4592.84,114228877,78131105792.0
2018-11-08,4617.91,4628.27,4568.67,4572.38,102457344,67042413568.0
2018-11-09,4553.21,4596.76,4542.58,4561.21,88588603,57847417600.0
2018-11-12,4560.86,4697.35,4556.3,4697.35,118546245,79058919424.0
2018-11-13,4648.56,4816.84,4639.58,4790.45,173463647,110675591168.0
2018-11-14,4784.86,4848.06,4776.79,4791.23,158645184,102248853504.0
2018-11-15,4790.34,4871.09,4788.21,4871.09,140331372,98251296768.0
2018-11-16,4880.87,4946.79,4867.08,4923.99,157188065,112892559360.0
2018-11-19,4924.29,4942.49,4877.95,4942.49,148061788,104590708736.0
2018-11-20,4899.32,4923.64,4808.41,4811.88,146404500,107041120256.0
2018-11-21,4754.23,4848.73,4746.68,4847.04,123953820,88895578112.0
2018-11-22,4858.48,4878.1,4831.09,4850.13,116541614,82918027264.0
2018-11-23,4840.94,4841.4,4624.48,4642.12,134023411,90616614912.0
2018-11-26,4631.42,4677.96,4610.58,4633.73,92379203,65014630656.0
2018-11-27,4662.33,4693.83,4636.96,4671.64,93590305,65150612992.0
2018-11-28,4669.66,4728.58,4607.61,4728.58,108618888,75637444608.0
2018-11-29,4746.63,4758.25,4617.35,4617.35,110509509,78275842048.0
2018-11-30,4604.27,4654.53,4549.44,4648.18,95931848,66551728128.0
2018-12-03,4762.96,4820.21,4742.47,4802.29,129385892,96215887872.0
2018-12-04,4793.32,4846.17,4782.95,4846.17,119127086,85892804608.0
2018-12-05,4750.55,4846.75,4734.98,4816.99,116947576,84482338816.0
2018-12-06,4796.41,4814.71,4724.53,4730.91,108492490,79753768960.0
2018-12-07,4738.17,4755.33,4711.36,4731.9,87946350,64388204032.0
2018-12-10,4698.55,4711.32,4660.73,4676.62,81484055,58691325696.0
2018-12-11,4691.59,4720.47,4685.3,4720.47,79315382,56654481408.0
2018-12-12,4733.07,4740.99,4706.39,4718.82,80869112,57094407424.0
2018-12-13,4727.46,4791.0,4698.37,4763.72,95756913,68705143296.0
2018-12-14,4755.02,4756.21,4638.92,4641.89,99004544,70442360832.0
2018-12-17,4623.13,4634.03,4569.57,4627.23,75749563,58182573312.0
2018-12-18,4602.4,4634.75,4553.36,4596.61,72346222,54870287360.0
2018-12-19,4601.37,4604.94,4525.06,4533.4,69120251,52105495552.0
2018-12-20,4523.97,4560.34,4509.57,4550.6,70382239,53215425792.0
2018-12-21,4536.57,4543.87,4484.56,4517.78,69640650,52669282560.0
2018-12-24,4511.22,4558.35,4501.06,4558.32,66081871,52081686272.0
2018-12-25,4512.29,4522.88,4403.06,4514.62,93035860,67847067904.0
2018-12-26,4509.32,4531.11,4487.79,4494.5,76710390,59087001088.0
2018-12-27,4553.72,4561.92,4424.65,4424.65,80996690,61134582784.0
2018-12-28,4429.04,4454.97,4396.37,4430.02,71528888,54911219968.0
2019-01-02,4436.75,4444.44,4399.59,4408.53,66272241,51171591680.0
2019-01-03,4404.31,4446.03,4375.86,4376.86,80494981,59963718912.0
2019-01-04,4338.06,4497.91,4326.33,4497.89,103470812,74604290048.0
2019-01-07,4523.23,4598.63,4516.0,4594.15,114553618,84142071808.0
2019-01-08,4586.84,4596.8,4567.29,4585.03,107411023,77211979776.0
2019-01-09,4588.69,4654.77,4578.45,4594.74,123173857,90323079168.0
2019-01-10,4592.74,4619.82,4571.09,4582.48,106482939,76631474176.0
2019-01-11,4585.22,4621.61,4575.64,4621.61,104124237,75818246144.0
2019-01-14,4621.7,4625.56,4580.54,4594.19,101738120,71993614336.0
2019-01-15,4583.55,4644.17,4569.14,4644.17,101562237,73876172800.0
2019-01-16,4644.23,4669.63,4632.07,4637.2,102219630,77549375488.0
2019-01-17,4632.27,4639.79,4590.31,4595.49,103440105,74696622080.0
2019-01-18,4596.25,4627.66,4576.77,4626.41,109175224,76103651328.0
2019-01-21,4629.79,4668.48,4624.65,4655.11,100076065,73221894144.0
2019-01-22,4651.03,4651.1,4589.37,4603.2,97121042,69420769280.0
2019-01-23,4590.69,4609.68,4580.63,4609.67,85172900,61499275520.0
2019-01-24,4613.93,4651.02,4591.8,4635.75,99056796,75010564096.0
2019-01-25,4634.06,4651.32,4606.87,4607.94,99927191,74904772608.0
2019-01-28,4629.43,4640.62,4565.79,4570.4,90488000,68147085824.0
2019-01-29,4557.81,4558.05,4419.4,4490.05,96718036,68249302016.0
2019-01-30,4464.8,4492.66,4422.36,4423.14,74488978,53022814720.0
2019-01-31,4408.11,4441.42,4328.92,4355.74,94572193,63203518720.0
2019-02-01,4369.27,4482.99,4369.27,4482.99,77712658,55541876224.0
2019-02-11,4497.53,4611.83,4497.53,4611.83,92672576,70215618560.0
2019-02-12,4611.85,4685.13,4604.1,4675.79,112331013,82629734400.0
2019-02-13,4679.69,4766.18,4672.78,4759.83,136305866,104015364096.0
2019-02-14,4758.51,4801.09,4741.52,4780.04,122835602,94815092736.0
2019-02-15,4772.98,4805.8,4763.76,4773.51,125212370,95045906432.0
2019-02-18,4805.33,4942.88,4805.33,4942.88,164851886,126605606912.0
2019-02-19,4964.22,4988.26,4897.23,4963.75,192358065,144738820096.0
2019-02-20,4958.89,4971.13,4906.63,4967.04,165216069,120994902016.0
2019-02-21,4957.63,5046.62,4930.97,4947.66,190944300,146912935936.0
2019-02-22,4935.44,5059.51,4932.2,5059.51,178598981,139177107456.0
2019-02-25,5129.47,5324.52,5120.47,5324.25,279811988,221186482176.0
2019-02-26,5335.38,5438.88,5273.9,5323.76,301079739,237811040256.0
2019-02-27,5312.56,5391.87,5245.41,5310.27,249461988,199380877312.0
2019-02-28,5306.2,5370.21,5291.98,5330.34,200466406,157172166656.0
2019-03-01,5344.42,5364.37,5286.0,5364.37,178938606,144135516160.0
2019-03-04,5418.71,5562.2,5418.27,5482.3,273202345,229683236864.0
2019-03-05,5470.7,5654.31,5451.29,5654.31,268062367,224048222208.0
2019-03-06,5694.9,5776.98,5625.34,5776.97,322771412,268739022848.0
2019-03-07,5775.3,5928.61,5750.05,5877.3,329260508,281468137472.0
2019-03-08,5736.93,5913.03,5633.29,5633.32,328703795,284791308288.0
2019-03-11,5682.57,5876.34,5645.18,5876.34,264261668,238269710336.0
2019-03-12,5922.57,6046.62,5897.17,6006.18,318246948,288602030080.0
2019-03-13,6014.51,6039.97,5822.57,5866.63,293148959,270134255616.0
2019-03-14,5810.02,5860.93,5622.34,5688.95,232973852,203658637312.0
2019-03-15,5723.65,5816.32,5704.27,5777.11,200343468,181639593984.0
2019-03-18,5801.32,5916.34,5743.6,5916.34,212333650,194835230720.0
2019-03-19,5916.17,5968.34,5895.18,5941.91,208325491,194823303168.0
2019-03-20,5935.27,5948.85,5811.2,5926.17,214445294,193413373952.0
2019-03-21,5929.75,6034.48,5914.67,5990.64,247020488,221912211456.0
2019-03-22,5981.7,6022.07,5889.68,6014.55,222264881,203033341952.0
2019-03-25,5914.85,6039.66,5890.4,5961.44,220347592,206303977472.0
2019-03-26,5982.36,6006.94,5774.74,5788.36,209238746,192900259840.0
2019-03-27,5822.69,5842.07,5696.13,5826.53,174223424,162690154496.0
2019-03-28,5797.87,5872.2,5744.23,5747.86,171831552,160350785536.0
2019-03-29,5748.92,5911.22,5699.69,5911.21,192594811,180058259456.0
2019-04-01,5961.79,6137.73,5961.79,6137.73,244075254,234851782656.0
2019-04-02,6181.08,6234.75,6135.8,6174.94,261504891,257249095680.0
2019-04-03,6142.37,6237.16,6114.6,6237.02,236994627,224565547008.0
2019-04-04,6262.69,6283.29,6198.03,6260.07,243395635,236689379328.0
2019-04-08,6303.43,6322.48,6130.76,6230.21,260323274,251492491264.0
2019-04-09,6212.73,6261.15,6164.97,6245.43,208547661,202088648704.0
2019-04-10,6203.4,6289.93,6159.23,6235.71,230414853,212910292992.0
2019-04-11,6232.89,6249.5,6106.66,6106.95,216963919,199234187264.0
2019-04-12,6097.07,6130.38,6047.83,6101.2,177320978,162809729024.0
2019-04-15,6178.5,6215.38,6049.24,6052.05,191818240,185536339968.0
2019-04-16,6019.13,6179.8,5978.73,6179.8,198001457,188469346304.0
2019-04-17,6181.76,6267.59,6175.58,6234.11,222085302,211305443328.0
2019-04-18,6229.7,6255.79,6188.12,6202.84,212230451,197321502720.0
2019-04-19,6198.61,6255.26,6147.16,6255.25,207121062,188108476416.0
2019-04-22,6270.37,6274.46,6171.31,6192.14,214587953,200119578624.0
2019-04-23,6175.13,6175.82,6061.75,6078.27,213003387,194864979968.0
2019-04-24,6081.96,6153.39,6017.86,6153.39,182176366,168277852160.0
2019-04-25,6130.01,6140.3,5899.65,5899.91,212511762,194913300480.0
2019-04-26,5861.79,5926.04,5830.35,5834.38,172501458,156953362432.0
2019-04-29,5831.24,5849.64,5613.83,5622.48,179824494,159161376768.0
2019-04-30,5595.81,5718.32,5595.81,5682.24,134502044,121499693056.0
2019-05-06,5480.13,5496.84,5212.99,5246.83,167814118,142768082944.0
2019-05-07,5273.22,5353.61,5214.9,5312.5,144244559,122706350080.0
2019-05-08,5198.84,5376.9,5166.4,5292.75,145636329,122170343424.0
2019-05-09,5243.72,5308.02,5229.82,5237.82,121058409,101339373568.0
2019-05-10,5292.45,5445.54,5192.7,5445.53,172481789,147577171968.0
2019-05-13,5385.76,5440.91,5366.78,5405.61,135045947,116514308096.0
2019-05-14,5333.85,5422.62,5328.01,5368.23,130383163,111777599488.0
2019-05-15,5412.93,5491.4,5403.48,5486.39,146817521,125459214336.0
2019-05-16,5488.27,5539.35,5478.07,5527.28,165713590,140114141184.0
2019-05-17,5527.38,5530.9,5306.47,5330.99,175754931,146944126976.0
2019-05-20,5326.19,5330.18,5200.68,5313.15,135497682,116034654208.0
2019-05-21,5305.44,5425.31,5287.31,5418.05,142602880,123312607232.0
2019-05-22,5418.24,5451.11,5351.7,5395.43,142023329,125880553472.0
2019-05-23,5380.41,5380.41,5251.34,5267.83,143600000,126772572160.0
2019-05-24,5230.9,5279.65,5186.87,5200.77,118146767,100109668352.0
2019-05-27,5204.42,5360.0,5179.19,5354.63,128155379,112353931264.0
2019-05-28,5353.85,5414.64,5332.93,5354.53,139389445,123386253312.0
2019-05-29,5336.84,5411.08,5329.91,5376.51,122728791,107908816896.0
2019-05-30,5357.49,5357.49,5270.89,5341.98,133342170,116872441856.0
2019-05-31,5336.69,5384.48,5319.21,5334.25,127940457,108844785664.0
2019-06-03,5341.27,5354.69,5235.52,5255.07,140140956,120180125696.0
2019-06-04,5244.73,5249.53,5131.01,5160.98,119113915,103214141440.0
2019-06-05,5206.15,5222.87,5148.29,5158.47,108597056,93763502080.0
2019-06-06,5149.38,5149.38,5011.76,5030.8,112692559,91560837120.0
2019-06-10,5043.33,5112.43,5022.0,5098.94,98524063,81439989760.0
2019-06-11,5103.85,5289.79,5096.02,5289.62,155235648,128856731648.0
2019-06-12,5276.7,5315.96,5251.05,5264.89,150031539,126728122368.0
2019-06-13,5256.91,5306.98,5237.96,5294.11,135168146,111687155712.0
2019-06-14,5297.74,5307.08,5170.98,5173.07,132738266,107780218880.0
2019-06-17,5168.35,5192.13,5140.27,5160.67,95764657,82380619776.0
2019-06-18,5160.11,5183.02,5125.1,5160.88,92008046,79910506496.0
2019-06-19,5268.94,5292.28,5231.97,5234.28,130878758,115348656128.0
2019-06-20,5228.49,5329.97,5199.87,5317.31,148037153,127095611392.0
2019-06-21,5350.29,5423.19,5350.29,5406.04,167478108,146173112320.0
2019-06-24,5412.55,5427.67,5374.52,5403.8,130858166,117397618688.0
2019-06-25,5397.06,5397.06,5289.84,5351.69,134544719,118982418432.0
2019-06-26,5323.7,5384.06,5303.24,5351.39,107686630,98629320704.0
2019-06-27,5361.98,5415.36,5360.49,5397.57,121409185,113704464384.0
2019-06-28,5389.98,5389.98,5289.43,5321.43,119527293,107858829312.0
2019-07-01,5418.21,5481.41,5392.45,5481.41,149214344,139046133760.0
2019-07-02,5482.44,5501.12,5462.73,5483.52,133052820,126589280256.0
2019-07-03,5465.95,5465.95,5408.58,5428.51,121295434,112247590912.0
2019-07-04,5435.48,5450.29,5381.05,5404.38,114081446,104799735808.0
2019-07-05,5404.71,5433.69,5379.89,5424.25,96904986,91252457472.0
2019-07-08,5410.2,5410.2,5221.95,5244.27,123487145,110352019456.0
2019-07-09,5239.86,5270.46,5203.85,5260.34,90883172,85680910336.0
2019-07-10,5267.27,5271.24,5196.82,5214.64,86986665,80476356608.0
2019-07-11,5236.66,5271.61,5180.96,5206.4,88825375,81521541120.0
2019-07-12,5209.3,5229.84,5173.05,5219.19,84877353,77845991424.0
2019-07-15,5203.58,5289.01,5140.8,5273.81,103285135,96427012096.0
2019-07-16,5264.65,5289.01,5254.62,5285.23,88246971,83811876864.0
2019-07-17,5282.56,5312.71,5269.24,5289.42,98706417,91936571392.0
2019-07-18,5265.37,5265.37,5194.6,5194.6,96554680,87163904000.0
2019-07-19,5205.73,5263.34,5205.7,5220.03,87706048,80605048832.0
2019-07-22,5222.06,5222.34,5067.1,5073.33,98799859,85364469760.0
2019-07-23,5072.77,5131.1,5072.77,5131.1,74249779,66786575872.0
2019-07-24,5141.94,5219.15,5141.9,5194.83,91972065,83093606400.0
2019-07-25,5193.65,5220.13,5181.28,5211.09,85520727,80872562688.0
2019-07-26,5201.56,5222.33,5188.24,5216.6,77863053,73887887360.0
2019-07-29,5217.93,5235.01,5197.02,5218.98,76414579,72910012416.0
2019-07-30,5217.07,5269.31,5216.81,5239.72,84370624,80201216000.0
2019-07-31,5229.14,5229.14,5193.18,5200.09,82306376,76220354560.0
2019-08-01,5172.08,5201.48,5151.39,5173.23,80247391,74633281536.0
2019-08-02,5074.0,5101.14,5047.39,5091.06,101405199,90404220928.0
2019-08-05,5076.11,5124.38,5032.64,5032.64,91066501,84344643584.0
2019-08-06,4940.87,4940.87,4781.88,4899.82,126619715,106405986304.0
2019-08-07,4928.14,4941.96,4884.99,4885.44,89951946,80820457472.0
2019-08-08,4901.82,4936.83,4901.71,4923.33,83388257,77490921472.0
2019-08-09,4948.52,4963.0,4861.12,4869.79,89534966,82880630784.0
2019-08-12,4873.89,4952.22,4859.62,4952.22,78824218,72932270080.0
2019-08-13,4917.89,4935.94,4903.82,4928.46,79018319,75548258304.0
2019-08-14,4980.39,4997.44,4953.98,4961.75,90034716,87741861888.0
2019-08-15,4848.87,4985.54,4829.41,4985.42,95328609,89496567808.0
2019-08-16,4981.56,5044.21,4979.93,5013.58,96228503,95365365760.0
2019-08-19,5054.48,5173.18,5054.48,5173.18,131032179,124495069184.0
2019-08-20,5183.01,5220.68,5168.94,5185.27,132730040,125167521792.0
2019-08-21,5177.87,5203.65,5168.81,5186.62,114896013,110244839424.0
2019-08-22,5200.06,5208.55,5165.61,5208.55,114152369,108846747648.0
2019-08-23,5210.42,5224.57,5179.47,5197.55,120371154,113100763136.0
2019-08-26,5096.1,5186.4,5087.7,5168.68,122374323,109519347712.0
2019-08-27,5196.14,5283.06,5196.14,5266.66,147090647,131492474880.0
2019-08-28,5261.62,5274.68,5236.02,5256.18,140548483,126664511488.0
2019-08-29,5262.96,5286.11,5249.75,5260.95,130752794,119190175744.0
2019-08-30,5280.51,5289.04,5160.45,5182.96,146306831,139678892032.0
2019-09-02,5187.4,5318.4,5187.4,5317.53,140256474,134021226496.0
2019-09-03,5324.69,5357.06,5310.27,5357.06,143294223,140780146688.0
2019-09-04,5345.94,5394.71,5336.57,5394.71,151964442,145063878656.0
2019-09-05,5423.96,5504.94,5418.92,5445.57,192911455,186631536640.0
2019-09-06,5461.33,5479.12,5425.37,5468.46,152005588,153027092480.0
2019-09-09,5516.53,5602.24,5495.16,5602.24,175102700,177704943616.0
2019-09-10,5608.74,5625.92,5573.99,5614.58,175825533,182214033408.0
2019-09-11,5630.2,5634.44,5564.94,5566.41,157662648,157993963520.0
2019-09-12,5580.6,5601.47,5546.25,5592.92,131539817,128460070912.0
2019-09-16,5613.57,5650.67,5600.8,5627.24,151239777,148105220096.0
2019-09-17,5614.16,5614.16,5471.43,5492.22,155208189,147443662848.0
2019-09-18,5501.84,5515.22,5467.91,5485.88,115406600,116907098112.0
2019-09-19,5497.24,5550.41,5468.75,5550.41,118150866,121151397888.0
2019-09-20,5560.04,5576.79,5533.28,5556.48,126469432,132147191808.0
2019-09-23,5538.73,5538.73,5462.27,5501.21,121427151,123349999616.0
2019-09-24,5504.5,5568.22,5495.46,5528.89,126895429,138886197248.0
2019-09-25,5502.16,5502.16,5421.62,5421.62,129643960,135425040384.0
2019-09-26,5428.61,5436.95,5244.08,5244.08,130735222,130092531712.0
2019-09-27,5241.51,5313.08,5241.51,5291.44,90617382,93242834944.0
2019-09-30,5297.02,5315.34,5232.39,5232.39,77537915,79381188608.0
2019-10-08,5242.02,5280.59,5226.26,5237.18,78830377,81372688384.0
2019-10-09,5220.2,5285.15,5191.06,5285.15,81537733,83088855040.0
2019-10-10,5291.55,5367.1,5281.86,5366.93,94803320,98623066112.0
2019-10-11,5371.4,5392.78,5327.79,5370.65,106505533,105849946112.0
2019-10-14,5411.65,5463.54,5402.63,5455.61,127453901,122006687744.0
2019-10-15,5429.94,5429.94,5367.14,5375.53,120133371,112586338304.0
2019-10-16,5377.75,5397.07,5350.15,5353.02,105111242,98213036032.0
2019-10-17,5354.41,5371.67,5331.73,5347.27,92051922,87362654208.0
2019-10-18,5350.64,5374.6,5267.93,5280.53,107176435,100132540416.0
2019-10-21,5273.64,5273.64,5200.93,5247.3,91111910,86943129600.0
2019-10-22,5252.19,5312.46,5249.96,5312.46,90350449,87413219328.0
2019-10-23,5311.76,5314.36,5257.77,5269.72,94464033,90665799680.0
2019-10-24,5262.93,5274.32,5220.55,5259.45,94722918,86720512000.0
2019-10-25,5254.37,5307.75,5227.89,5300.09,101229519,95200452608.0
2019-10-28,5343.5,5425.75,5343.44,5425.75,136224883,129515028480.0
2019-10-29,5434.31,5434.31,5366.75,5366.75,155004457,145139351552.0
2019-10-30,5349.08,5351.86,5301.64,5313.42,139966477,130346024960.0
2019-10-31,5310.66,5329.2,5252.17,5253.88,119979825,114532028416.0
2019-11-01,5234.75,5308.93,5227.11,5303.99,106994988,102087110656.0
2019-11-04,5316.6,5365.59,5316.6,5337.08,114489487,115854266368.0
2019-11-05,5341.17,5362.44,5306.05,5352.06,113885647,114846793728.0
2019-11-06,5348.45,5356.31,5286.44,5304.84,111174349,110315089920.0
2019-11-07,5300.67,5347.66,5294.2,5340.17,96695460,99247550464.0
2019-11-08,5361.27,5375.06,5318.77,5321.78,104093934,107787206656.0
2019-11-11,5289.63,5289.63,5175.62,5183.57,106907295,101788717056.0
2019-11-12,5183.48,5196.72,5123.3,5196.72,93959974,87981789184.0
2019-11-13,5188.88,5200.24,5160.33,5181.49,86654400,83519545344.0
2019-11-14,5180.31,5229.09,5177.11,5216.64,89584835,89861873664.0
2019-11-15,5208.37,5220.06,5152.56,5152.56,94729428,94989488128.0
2019-11-18,5147.03,5192.85,5139.96,5189.35,85671862,84279222272.0
2019-11-19,5192.68,5286.15,5187.77,5286.15,104374167,103179259904.0
2019-11-20,5281.85,5303.93,5251.08,5259.47,106261069,105897648128.0
2019-11-21,5238.6,5274.23,5228.26,5250.67,92923715,87003103232.0
2019-11-22,5255.43,5296.33,5157.55,5181.11,115747889,110942789632.0
2019-11-25,5179.15,5185.45,5107.51,5151.37,106053788,94917935104.0
2019-11-26,5154.92,5170.49,5131.54,5147.73,91068910,81766793216.0
2019-11-27,5138.06,5170.6,5121.32,5145.97,91864499,84266475520.0
2019-11-28,5142.38,5165.65,5120.55,5131.13,85094016,78914007040.0
2019-11-29,5130.28,5137.29,5082.77,5126.61,80181681,75244011520.0
2019-12-02,5131.89,5156.87,5124.55,5137.78,81777518,78466523136.0
2019-12-03,5119.75,5171.36,5097.08,5171.36,85738552,82771877888.0
2019-12-04,5148.41,5188.36,5140.39,5179.69,87626419,85034983424.0
2019-12-05,5190.08,5246.03,5187.91,5238.13,99451044,100036169728.0
2019-12-06,5241.09,5275.51,5226.26,5275.51,100390620,99234951168.0
2019-12-09,5286.2,5302.29,5269.18,5294.28,112320678,109703720960.0
2019-12-10,5286.04,5326.36,5272.2,5326.36,118208312,111390093312.0
2019-12-11,5323.86,5333.32,5291.25,5304.88,121161810,113801506816.0
2019-12-12,5302.72,5334.26,5292.47,5304.42,119402445,115509395456.0
2019-12-13,5334.58,5379.29,5327.12,5375.98,122084849,123138289664.0
2019-12-16,5391.47,5476.99,5387.55,5476.99,146872458,150423035904.0
2019-12-17,5479.9,5555.25,5475.43,5545.62,177542420,175006040064.0
2019-12-18,5546.28,5575.65,5529.82,5543.79,165702454,164407451648.0
2019-12-19,5544.66,5579.82,5534.51,5568.11,154136494,148945727488.0
2019-12-20,5571.63,5580.34,5501.16,5501.16,149777344,141949915136.0
2019-12-23,5478.57,5485.78,5375.02,5377.09,132183580,127150120960.0
2019-12-24,5388.21,5471.74,5386.97,5471.74,112811727,112384442368.0
2019-12-25,5467.75,5517.2,5461.38,5504.42,124681636,130934366208.0
2019-12-26,5503.3,5543.7,5497.9,5543.66,124445645,128982589440.0
2019-12-27,5548.35,5576.26,5494.97,5498.93,155515738,155240022016.0
2019-12-30,5478.0,5530.0,5413.87,5530.0,143411820,140313124864.0
2019-12-31,5524.43,5567.86,5520.01,5567.03,132870124,132463861760.0
2020-01-02,5603.93,5682.64,5586.14,5676.56,178712563,176874946560.0
2020-01-03,5685.08,5717.51,5667.74,5706.04,179006817,178295042048.0
2020-01-06,5686.16,5803.86,5670.34,5764.73,208487508,203211063296.0
2020-01-07,5772.66,5852.36,5772.66,5852.36,203440348,201537253376.0
2020-01-08,5827.38,5858.87,5759.33,5772.47,218974060,213888094208.0
2020-01-09,5815.74,5864.18,5815.74,5864.18,186388460,187336851456.0
2020-01-10,5879.21,5885.33,5824.65,5851.89,169185946,173850558464.0
2020-01-13,5844.96,5926.72,5822.42,5926.72,160728794,172362973184.0
2020-01-14,5939.9,5948.04,5911.69,5914.11,176822328,184340197376.0
2020-01-15,5903.76,5920.08,5859.11,5913.52,160084736,165877788672.0
2020-01-16,5917.23,5934.17,5892.73,5902.13,147953859,162778574848.0
2020-01-17,5913.79,5927.54,5869.17,5879.41,142819686,157111566336.0
2020-01-20,5880.13,5954.89,5862.14,5954.87,148360279,167625392128.0
2020-01-21,5952.0,5952.0,5901.0,5901.86,156332321,172604391424.0
2020-01-22,5867.22,5942.11,5784.68,5919.59,162728302,180180672512.0
2020-01-23,5852.2,5897.9,5643.84,5699.01,184762621,199558189056.0
2020-02-03,5180.59,5227.07,5179.26,5200.16,84416545,82967244800.0
2020-02-04,4923.19,5234.25,4923.19,5212.1,238201147,217391386624.0
2020-02-05,5242.33,5414.76,5242.33,5348.34,207940042,211215507456.0
2020-02-06,5353.19,5538.94,5326.21,5515.64,218481718,221846851584.0
2020-02-07,5535.13,5588.77,5472.87,5583.6,226928727,234210906112.0
2020-02-10,5586.95,5662.42,5567.05,5661.56,218068132,225934647296.0
2020-02-11,5656.52,5666.73,5590.89,5623.26,188157880,190484766720.0
2020-02-12,5605.93,5754.26,5602.3,5754.26,202279086,212220809216.0
2020-02-13,5758.92,5782.57,5690.01,5707.53,221916196,234650259456.0
2020-02-14,5696.1,5783.64,5677.79,5727.83,199679954,213876158464.0
2020-02-17,5766.55,5936.48,5766.55,5936.48,228914793,242894905344.0
2020-02-18,5948.65,6072.19,5940.62,6072.19,254099392,275800965120.0
2020-02-19,6058.69,6113.87,6018.05,6018.05,259320330,289044889600.0
2020-02-20,6032.4,6135.35,5979.05,6134.39,248953943,271785955328.0
2020-02-21,6141.79,6278.48,6136.08,6243.48,277767258,310673739776.0
2020-02-24,6254.32,6399.3,6236.09,6380.41,298299515,343773409280.0
2020-02-25,6233.52,6420.35,6096.15,6407.14,348239767,395393683456.0
2020-02-26,6315.33,6388.06,6200.26,6221.84,327093036,348120244224.0
2020-02-27,6254.39,6321.12,6135.95,6232.09,268029217,282370523136.0
2020-02-28,5999.21,6091.69,5870.91,5870.97,284615928,287562563584.0
2020-03-02,5946.83,6143.73,5931.04,6113.41,245865457,253459828736.0
2020-03-03,6225.96,6322.27,6132.71,6195.89,294093197,307524313088.0
2020-03-04,6146.77,6231.64,6101.05,6226.53,254454054,255394344960.0
2020-03-05,6312.43,6327.54,6248.98,6315.83,296079777,291549028352.0
2020-03-06,6236.26,6344.08,6225.7,6296.74,266263127,254972182528.0
2020-03-09,6198.2,6239.25,6049.62,6049.62,287184489,282561224704.0
2020-03-10,5965.36,6206.41,5902.39,6206.41,285396201,281697181696.0
2020-03-11,6219.93,6268.94,6122.91,6122.91,264576806,263523061760.0
2020-03-12,6026.06,6071.62,5938.93,5999.64,219646036,213040443392.0
2020-03-13,5681.59,5999.77,5681.59,5945.46,251191642,242885914624.0
2020-03-16,5999.54,6007.26,5638.39,5657.77,246604652,242635526144.0
2020-03-17,5707.42,5756.2,5436.6,5642.92,207157724,196893925376.0
2020-03-18,5702.17,5804.3,5556.11,5556.11,205114829,208457588736.0
2020-03-19,5552.51,5641.04,5453.04,5617.19,190815762,188376961024.0
2020-03-20,5676.97,5688.95,5574.62,5670.47,172744000,174169395200.0
2020-03-23,5514.93,5575.53,5398.95,5416.57,170338394,164487503872.0
2020-03-24,5522.18,5535.93,5344.42,5517.26,175452306,170351800320.0
2020-03-25,5632.41,5652.43,5589.96,5646.63,182114811,173826281472.0
2020-03-26,5606.63,5666.13,5582.93,5595.43,165999235,156197376000.0
2020-03-27,5659.59,5665.62,5550.54,5553.61,154391841,148738322432.0
2020-03-30,5472.15,5472.15,5362.8,5415.41,159550464,152032096256.0
2020-03-31,5465.37,5479.02,5414.31,5427.13,141809523,134577123328.0
2020-04-01,5413.55,5491.47,5391.54,5403.3,147263583,141779251200.0
2020-04-02,5376.66,5538.6,5367.57,5538.6,145938760,145762148352.0
2020-04-03,5525.77,5558.38,5482.06,5507.12,140577690,142765023232.0
2020-04-07,5605.27,5697.76,5599.82,5695.17,178924142,176686383104.0
2020-04-08,5673.34,5739.3,5661.95,5718.13,183301368,176221118464.0
2020-04-09,5750.89,5802.65,5740.03,5789.26,182524762,171622576128.0
2020-04-10,5787.54,5787.54,5619.7,5637.53,191472399,182471016448.0
2020-04-13,5590.32,5613.41,5542.57,5578.86,139328571,131715043328.0
2020-04-14,5605.91,5692.0,5599.91,5692.0,142344159,141850181632.0
2020-04-15,5689.73,5720.42,5655.22,5657.95,164401928,163166375936.0
2020-04-16,5626.84,5711.72,5617.05,5700.96,156294198,156510142464.0
2020-04-17,5735.9,5764.79,5702.01,5710.05,185552049,188354568192.0
2020-04-20,5722.73,5803.4,5714.32,5803.4,163679969,166394712064.0
2020-04-21,5780.86,5780.86,5711.17,5773.01,175001518,174277550080.0
2020-04-22,5721.53,5826.58,5710.81,5826.56,168439606,163030609920.0
2020-04-23,5841.4,5846.38,5789.1,5789.48,187886351,183378206720.0
2020-04-24,5782.29,5784.11,5654.22,5675.51,181572078,169234194432.0
2020-04-27,5675.57,5699.77,5617.52,5645.66,146874427,138599116800.0
2020-04-28,5641.29,5644.35,5395.57,5561.2,183952128,169968463872.0
2020-04-29,5533.0,5600.76,5524.87,5547.63,143724316,132053811200.0
2020-04-30,5572.57,5695.21,5572.57,5678.17,160186056,161685979136.0
2020-05-06,5636.87,5802.46,5632.03,5802.42,160515351,168544768000.0
2020-05-07,5809.54,5837.33,5787.61,5795.87,162316275,167389806592.0
2020-05-08,5825.74,5886.0,5822.81,5862.77,161392586,165949771776.0
2020-05-11,5892.57,5902.16,5813.67,5851.8,158065336,163332599808.0
2020-05-12,5847.7,5869.59,5780.09,5869.51,141835686,147147227136.0
2020-05-13,5849.46,5923.26,5835.33,5917.03,139578278,147515060224.0
2020-05-14,5889.14,5915.61,5861.78,5863.24,158974226,160866271232.0
2020-05-15,5886.78,5924.77,5859.9,5889.98,155187827,166475104256.0
2020-05-18,5905.92,5916.71,5841.72,5860.04,175785976,189759008768.0
2020-05-19,5896.15,5936.66,5886.9,5936.6,151779169,167009746944.0
2020-05-20,5928.47,5928.47,5844.58,5865.84,161717837,180294651904.0
2020-05-21,5878.72,5883.78,5780.11,5791.64,152293102,158337085440.0
2020-05-22,5782.62,5782.66,5643.4,5684.0,143844879,145612136448.0
2020-05-25,5674.3,5691.14,5640.28,5671.97,115873608,120563572736.0
2020-05-26,5690.4,5808.55,5690.4,5808.55,125079483,132765360128.0
2020-05-27,5813.98,5817.06,5758.18,5772.08,145944599,150578073600.0
2020-05-28,5769.79,5790.18,5675.49,5758.93,149011881,149103386624.0
2020-05-29,5744.23,5834.62,5732.38,5816.4,146234703,150136750080.0
2020-06-01,5855.33,5996.42,5855.33,5993.79,182804490,188451524608.0
2020-06-02,6012.57,6021.27,5978.77,6002.84,194954803,197788385280.0
2020-06-03,6010.41,6043.1,5987.57,5994.64,192954778,195243573248.0
2020-06-04,6004.46,6016.12,5973.2,6006.76,172027794,168485470208.0
2020-06-05,6009.88,6029.0,5970.15,6015.33,163123246,161508818944.0
2020-06-08,6039.25,6049.86,5993.17,6001.43,157469711,163815206912.0
2020-06-09,6005.84,6042.36,5979.23,6042.34,147305078,152026370048.0
2020-06-10,6033.49,6049.69,6007.98,6049.32,145670200,151981629440.0
2020-06-11,6050.12,6107.34,5999.51,6027.41,161281052,172161069056.0
2020-06-12,5901.07,6058.77,5888.23,6031.17,158717942,167290675200.0
2020-06-15,6031.09,6106.45,6028.94,6028.96,169084772,189672189952.0
2020-06-16,6076.6,6151.69,6064.26,6151.69,160014620,180425932800.0
2020-06-17,6160.2,6178.14,6124.22,6178.14,173539704,193744326656.0
2020-06-18,6168.05,6168.24,6121.07,6149.29,162112225,183028637696.0
2020-06-19,6147.88,6198.05,6140.52,6187.11,152205993,173462470656.0
2020-06-22,6204.5,6246.05,6204.5,6228.02,160944755,192810180608.0
2020-06-23,6229.65,6245.15,6196.69,6238.9,152363809,181644238848.0
2020-06-24,6242.56,6258.83,6210.97,6227.57,144540470,178738786304.0
2020-06-29,6214.88,6233.27,6190.41,6211.38,143407567,173959852032.0
2020-06-30,6239.61,6330.09,6236.64,6319.56,144583785,181632339968.0
2020-07-01,6341.54,6357.1,6267.14,6339.37,176108739,213263392768.0
2020-07-02,6341.95,6416.96,6316.96,6413.95,208171937,241364271104.0
2020-07-03,6424.09,6479.25,6397.51,6478.35,221048097,249939763200.0
2020-07-06,6516.92,6732.62,6516.92,6726.0,304890186,331901734912.0
2020-07-07,6784.82,6917.54,6711.31,6817.87,331205125,374657720320.0
2020-07-08,6817.83,6974.0,6769.21,6974.0,303883026,351470292992.0
2020-07-09,6976.72,7187.76,6972.0,7182.18,344438868,406142787584.0
2020-07-10,7161.62,7238.38,7105.76,7150.42,316909079,379011162112.0
2020-07-13,7179.97,7403.09,7179.97,7403.09,315544264,381440417792.0
2020-07-14,7412.27,7447.51,7201.49,7344.99,334328131,411063726080.0
2020-07-15,7355.56,7368.0,7096.58,7131.46,307301020,366699098112.0
2020-07-16,7130.04,7165.77,6748.5,6758.14,280755484,324154548224.0
2020-07-17,6759.1,6885.85,6690.45,6772.53,208176425,240558178304.0
2020-07-20,6851.32,7003.67,6789.31,7003.67,219450621,252685852672.0
2020-07-21,7026.98,7067.32,6977.47,7058.79,217536563,252381392896.0
2020-07-22,7050.4,7181.19,7020.55,7125.57,228498916,272397058048.0
2020-07-23,7068.4,7130.45,6921.19,7119.67,244783429,288563974144.0
2020-07-24,7098.51,7133.7,6766.51,6784.63,265481766,311932207104.0
2020-07-27,6807.98,6839.83,6717.32,6786.53,191464458,220049469440.0
2020-07-28,6835.56,6886.44,6796.82,6857.94,184867891,212545888256.0
2020-07-29,6843.84,7060.53,6816.31,7060.53,204312742,238009413632.0
2020-07-30,7082.72,7107.48,7029.02,7048.98,234198735,268238848000.0
2020-07-31,7030.31,7143.59,6997.63,7141.59,232331249,270041731072.0
2020-08-03,7204.17,7373.36,7193.07,7373.34,273951455,323209871360.0
2020-08-04,7398.99,7406.26,7296.12,7326.19,276232100,331413495808.0
2020-08-05,7340.55,7442.39,7284.67,7427.19,246411105,301601517568.0
2020-08-06,7425.55,7457.16,7309.36,7432.77,254526748,315215470592.0
2020-08-07,7407.68,7417.09,7209.94,7339.81,243946171,304012181504.0
2020-08-10,7319.54,7414.1,7288.75,7358.86,225892915,284390436864.0
2020-08-11,7358.73,7377.82,7203.79,7213.45,229927964,279826493440.0
2020-08-12,7176.89,7196.28,6932.3,7092.36,210726323,250760810496.0
2020-08-13,7112.34,7158.95,7076.78,7113.93,191269926,210659774464.0
2020-08-14,7103.07,7183.96,7058.54,7183.96,175757775,196519350272.0
2020-08-17,7206.38,7339.69,7194.12,7339.69,207192412,243906633728.0
2020-08-18,7348.42,7422.14,7339.89,7410.24,215555412,260025319424.0
2020-08-19,7397.88,7397.88,7248.89,7256.13,216784392,253768040448.0
2020-08-20,7196.35,7257.01,7126.04,7151.26,183396772,206434705408.0
2020-08-21,7182.3,7244.17,7137.05,7194.27,173774554,198408318976.0
2020-08-24,7212.53,7267.09,7119.94,7253.64,167551941,198458101760.0
2020-08-25,7258.01,7283.28,7188.17,7213.68,195115712,224709857280.0
2020-08-26,7209.51,7211.3,7010.08,7037.98,199859576,228341903360.0
2020-08-27,7041.52,7125.88,6998.03,7113.8,171559196,195256209408.0
2020-08-28,7102.27,7208.41,7083.13,7204.78,174713277,205452185600.0
2020-08-31,7238.66,7308.6,7221.55,7224.05,184766840,226598187008.0
2020-09-01,7216.65,7258.89,7169.4,7258.89,164072650,193143476224.0
2020-09-02,7270.95,7301.27,7197.21,7272.62,199255967,222937862144.0
2020-09-03,7263.6,7265.9,7165.77,7189.86,189863757,213757370368.0
2020-09-04,7064.28,7189.13,7045.55,7182.11,170637850,195514691584.0
2020-09-07,7189.97,7240.05,7027.92,7057.19,211259978,240337420288.0
2020-09-08,7070.68,7108.65,6981.57,7103.09,210910538,222397706240.0
2020-09-09,7023.3,7034.49,6871.77,6877.6,258714908,263183142912.0
2020-09-10,6921.46,6938.08,6615.56,6633.89,215057644,209888702464.0
2020-09-11,6592.9,6746.17,6591.31,6742.06,151139927,153052037120.0
2020-09-14,6781.7,6871.05,6762.24,6848.36,171065211,181353455616.0
2020-09-15,6861.03,6883.02,6818.22,6881.59,154497971,169021321216.0
2020-09-16,6871.07,6871.07,6777.43,6812.91,136829450,147270156288.0
2020-09-17,6800.35,6876.01,6746.22,6825.15,138963661,154602835968.0
2020-09-18,6822.97,6933.66,6811.9,6929.77,151994575,168901951488.0
2020-09-21,6951.75,6975.13,6912.04,6927.19,147689313,167830646784.0
2020-09-22,6862.34,6912.1,6793.68,6815.78,135534518,149668909056.0
2020-09-23,6839.47,6881.48,6805.13,6862.97,118540659,140615004160.0
2020-09-24,6814.01,6814.01,6675.06,6675.15,131268050,144666427392.0
2020-09-25,6703.62,6717.24,6604.67,6634.39,103410916,120179724288.0
2020-09-28,6649.18,6660.18,6550.0,6550.37,96264154,111085957120.0
2020-09-29,6585.18,6651.74,6562.82,6621.03,95051523,114719731712.0
2020-09-30,6641.38,6665.88,6584.89,6617.16,95018529,111390908416.0
2020-10-09,6737.53,6828.98,6727.39,6822.36,126973238,150455877632.0
2020-10-12,6881.63,7036.28,6875.7,7036.28,171267162,211054927872.0
2020-10-13,7023.44,7059.24,6989.67,7053.87,145584911,182425640960.0
2020-10-14,7036.87,7036.87,6975.19,6988.61,138335734,177624662016.0
2020-10-15,6991.74,6992.29,6924.19,6926.85,129563640,160593829888.0
2020-10-16,6924.81,6942.63,6846.17,6906.39,116392184,143600861184.0
2020-10-19,6943.8,6947.95,6843.0,6858.36,120084585,148409262080.0
2020-10-20,6846.36,6923.38,6804.84,6923.38,113726513,136913522688.0
2020-10-21,6926.53,6926.69,6793.49,6815.09,115787267,143322050560.0
2020-10-22,6788.0,6800.04,6714.15,6771.81,107660595,130130456576.0
2020-10-23,6774.77,6811.33,6627.7,6641.33,110708759,137054187520.0
2020-10-26,6620.19,6674.57,6545.79,6648.52,98661453,119290490880.0
2020-10-27,6630.72,6689.03,6620.09,6682.54,100707026,122904862720.0
2020-10-28,6680.44,6700.47,6589.77,6685.43,115349880,139876950016.0
2020-10-29,6592.89,6698.72,6573.7,6674.74,116175398,142806409216.0
2020-10-30,6685.59,6694.52,6502.12,6511.16,136545162,165146550272.0
2020-11-02,6517.42,6537.32,6461.71,6513.79,123187315,150018715648.0
2020-11-03,6538.28,6647.58,6518.66,6647.58,125339564,153123643392.0
2020-11-04,6652.58,6658.58,6585.8,6632.68,113033551,138683944960.0
2020-11-05,6685.2,6756.9,6665.81,6754.95,136534628,164787765248.0
2020-11-06,6771.18,6771.18,6645.57,6688.66,138608164,168933507072.0
2020-11-09,6723.43,6873.44,6723.43,6851.98,167674030,208255332352.0
2020-11-10,6854.7,6854.77,6747.74,6779.49,146370422,183639146496.0
2020-11-11,6761.35,6771.53,6659.28,6663.73,130925315,161158471680.0
2020-11-12,6680.2,6702.3,6647.77,6676.42,112641882,137048412160.0
2020-11-13,6663.22,6700.2,6621.5,6686.39,109345006,138023817216.0
2020-11-16,6703.18,6747.81,6668.42,6747.81,135652613,159852457984.0
2020-11-17,6743.87,6743.87,6637.52,6681.72,143321098,167286792192.0
2020-11-18,6673.6,6723.61,6653.65,6682.12,134446331,151152447488.0
2020-11-19,6664.83,6725.49,6625.09,6718.46,134931804,154146750464.0
2020-11-20,6713.65,6770.06,6701.49,6766.06,133167460,152519868416.0
2020-11-23,6776.24,6833.62,6738.65,6807.72,166030510,183405821952.0
2020-11-24,6798.83,6827.47,6785.25,6808.0,143456517,167896342528.0
2020-11-25,6816.23,6817.76,6691.87,6691.87,151667249,170841522176.0
2020-11-26,6678.14,6693.87,6597.77,6643.18,124948306,142739210240.0
2020-11-27,6639.6,6644.35,6578.72,6641.77,119054618,133606293504.0
2020-11-30,6642.15,6674.26,6591.69,6622.36,130805343,149582266368.0
2020-12-01,6608.62,6717.25,6600.73,6713.23,134546043,147694518272.0
2020-12-02,6712.89,6741.54,6699.75,6735.71,149384458,161755615232.0
2020-12-03,6726.26,6736.42,6679.52,6711.84,137204247,147926077440.0
2020-12-04,6700.69,6755.58,6688.63,6746.63,119005148,135066144768.0
2020-12-07,6760.1,6770.84,6731.68,6733.0,130050967,147139608576.0
2020-12-08,6735.23,6753.7,6720.6,6734.37,119558853,138808512512.0
2020-12-09,6734.12,6736.17,6602.52,6602.52,140747530,158766772224.0
2020-12-10,6576.06,6647.45,6552.11,6605.19,120849979,137778937856.0
2020-12-11,6610.55,6617.44,6441.29,6498.24,144586345,160582017024.0
2020-12-14,6493.65,6578.41,6459.92,6576.82,116492767,140696281088.0
2020-12-15,6565.5,6603.4,6548.79,6596.5,107134787,140803862528.0
2020-12-16,6597.31,6598.93,6538.97,6543.36,118561620,144189419520.0
2020-12-17,6530.66,6599.11,6460.63,6597.86,135780083,163044630528.0
2020-12-18,6604.03,6625.97,6564.18,6573.4,133704174,164303646720.0
2020-12-21,6576.71,6692.38,6571.59,6691.59,143601290,183389851648.0
2020-12-22,6668.21,6684.7,6545.84,6549.97,161411453,201278427136.0
2020-12-23,6552.27,6615.2,6551.07,6601.24,163014564,206344945664.0
2020-12-24,6591.79,6596.59,6484.41,6496.33,160886587,191348346880.0
2020-12-25,6466.35,6570.3,6454.28,6561.27,154563507,179694542848.0
2020-12-28,6561.77,6566.65,6484.44,6519.47,174273838,199661748224.0
2020-12-29,6514.91,6548.71,6473.4,6477.26,165003139,190483181568.0
2020-12-30,6469.89,6549.38,6465.39,6526.88,150299133,175274045440.0
2020-12-31,6536.86,6646.5,6536.86,6646.47,156307192,187774926848.0
2021-01-04,6671.93,6809.43,6662.8,6798.76,183204774,227626020864.0
2021-01-05,6785.52,6827.5,6726.46,6807.45,197247557,250731503616.0
2021-01-06,6803.69,6816.26,6686.13,6724.95,179080174,234002444288.0
2021-01-07,6708.72,6709.07,6557.27,6616.55,193680051,238048919552.0
2021-01-08,6603.51,6638.86,6514.18,6585.36,161815951,208803741696.0
2021-01-11,6579.64,6584.22,6437.03,6475.95,166706872,214024720384.0
2021-01-12,6453.01,6566.14,6433.22,6564.74,140365271,187562418176.0
2021-01-13,6567.6,6567.6,6471.78,6513.64,162127982,213667983360.0
2021-01-14,6488.75,6557.26,6414.74,6506.83,147196836,199066140672.0
2021-01-15,6496.91,6539.17,6435.46,6528.46,131954642,177611583488.0
2021-01-18,6515.58,6655.05,6511.0,6652.1,137393155,185540403200.0
2021-01-19,6647.95,6677.41,6602.78,6614.07,155029358,198089392128.0
2021-01-20,6606.73,6671.45,6584.88,6671.45,130748780,171733987328.0
2021-01-21,6670.18,6770.87,6669.41,6745.11,159360714,203918036992.0
2021-01-22,6736.01,6737.55,6671.29,6721.92,158667994,210019024896.0
2021-01-25,6710.8,6728.45,6631.69,6657.27,166133978,226714685440.0
2021-01-26,6630.36,6645.81,6525.38,6534.1,142066314,195248484352.0
2021-01-27,6519.45,6552.43,6449.37,6537.75,130789778,174269124608.0
2021-01-28,6466.57,6545.72,6395.76,6399.13,132320842,166111944704.0
2021-01-29,6438.61,6459.34,6221.87,6304.12,145546545,178522472448.0
2021-02-01,6282.03,6347.17,6280.37,6345.81,131086848,155005222912.0
2021-02-02,6351.66,6419.03,6307.81,6417.46,128040832,163105370112.0
2021-02-03,6404.07,6404.07,6306.09,6307.39,131192545,168984846336.0
2021-02-04,6277.97,6295.7,6077.28,6167.75,139596611,166461911040.0
2021-02-05,6179.49,6214.28,6044.61,6045.3,119798218,146098528256.0
2021-02-08,6056.91,6122.32,6000.96,6088.82,103575977,125072580608.0
2021-02-09,6101.68,6264.18,6097.09,6254.01,111416852,136524984320.0
2021-02-10,6265.41,6316.79,6236.35,6303.31,105447347,135598366720.0
2021-02-18,6405.02,6441.51,6363.2,6404.59,139118774,172637700096.0
2021-02-19,6395.58,6527.9,6374.58,6527.65,155493627,174247206912.0
2021-02-22,6553.91,6659.41,6534.57,6534.57,203594184,229273522176.0
2021-02-23,6496.75,6545.54,6447.97,6489.96,158481359,177899888640.0
2021-02-24,6490.38,6542.28,6378.67,6437.84,149391685,174898933760.0
2021-02-25,6480.92,6492.42,6390.41,6399.35,135072292,150532550656.0
2021-02-26,6287.49,6381.32,6276.71,6325.4,123205194,138979958784.0
2021-03-01,6362.94,6495.19,6362.94,6495.16,128960440,148068663296.0
2021-03-02,6518.32,6518.99,6423.95,6466.63,136222318,160394825728.0
2021-03-03,6456.71,6553.95,6446.84,6553.6,136766203,151718895616.0
2021-03-04,6519.04,6534.6,6417.89,6434.89,150190996,167852363776.0
2021-03-05,6369.23,6484.3,6366.47,6456.28,139905674,147790495744.0
2021-03-08,6496.21,6529.87,6327.65,6327.65,156811840,164778684416.0
2021-03-09,6314.35,6321.02,6035.91,6126.28,161753224,161655177216.0
2021-03-10,6192.15,6208.77,6069.91,6078.24,117963400,120671600640.0
2021-03-11,6086.09,6219.66,6055.4,6219.66,124964076,128575418368.0
2021-03-12,6231.69,6234.34,6155.7,6220.48,137675182,136378732544.0
2021-03-15,6204.82,6238.2,6130.4,6177.74,133597000,131813838848.0
2021-03-16,6182.52,6233.46,6145.52,6233.46,137725926,134210916352.0
2021-03-17,6225.52,6283.6,6184.06,6277.58,125504532,124790972416.0
2021-03-18,6276.8,6322.46,6268.86,6298.89,127601116,130271866880.0
2021-03-19,6230.07,6307.22,6208.76,6250.81,125290138,128556101632.0
2021-03-22,6256.52,6359.67,6253.62,6359.6,136096740,138130219008.0
2021-03-23,6364.82,6372.66,6259.8,6289.0,148304553,151761502208.0
2021-03-24,6249.23,6286.85,6183.2,6196.27,137984975,138421514240.0
2021-03-25,6172.4,6233.69,6130.25,6190.71,125392929,123533451264.0
2021-03-26,6198.53,6309.59,6198.53,6301.34,124641823,131109126144.0
2021-03-29,6323.94,6364.54,6309.77,6326.61,126449838,138044293120.0
2021-03-30,6313.48,6316.82,6268.25,6301.58,127030211,135741009920.0
2021-03-31,6289.6,6298.79,6252.4,6293.39,109810596,118374105088.0
2021-04-01,6302.56,6341.24,6286.06,6335.79,110959296,116301205504.0
2021-04-02,6354.71,6383.46,6337.98,6361.25,115189624,127464869888.0
2021-04-06,6376.72,6425.39,6374.72,6421.49,112882527,123752513536.0
2021-04-07,6419.99,6422.77,6372.25,6422.76,125134730,128879005696.0
2021-04-08,6411.03,6435.36,6387.91,6404.13,136741809,138981359616.0
2021-04-09,6399.15,6410.53,6378.27,6399.52,122690980,130323906560.0
2021-04-12,6398.51,6402.33,6251.49,6263.4,132052544,139761864704.0
2021-04-13,6252.71,6282.97,6216.19,6231.14,122869980,120402624512.0
2021-04-14,6227.25,6320.57,6225.56,6320.07,116919813,118610595840.0
2021-04-15,6304.74,6304.79,6258.95,6296.61,118742397,117020360704.0
2021-04-16,6295.53,6379.97,6295.53,6368.85,135266662,134720827392.0
2021-04-19,6368.86,6477.41,6357.5,6477.39,143642913,155002380288.0
2021-04-20,6460.52,6506.88,6450.39,6457.63,139720479,158701514752.0
2021-04-21,6425.34,6470.94,6408.04,6457.71,119477084,136567824384.0
2021-04-22,6470.46,6496.44,6463.14,6485.21,118546168,139471175680.0
2021-04-23,6478.93,6478.93,6425.66,6453.3,121669107,142037770240.0
2021-04-26,6467.88,6527.33,6427.76,6431.09,133406111,161805680640.0
2021-04-27,6423.79,6429.86,6338.13,6400.9,121314355,138737721344.0
2021-04-28,6395.02,6437.27,6366.01,6437.25,121918029,145603698688.0
2021-04-29,6419.04,6441.85,6394.37,6405.1,120927347,146138222592.0
2021-04-30,6389.17,6397.27,6348.8,6382.14,130027676,152175448064.0
2021-05-06,6385.32,6420.42,6347.99,6398.44,129283602,151692886016.0
2021-05-07,6403.98,6409.35,6320.07,6320.25,153125256,164129198080.0
2021-05-10,6330.15,6351.42,6300.86,6338.57,150515684,161260347392.0
2021-05-11,6303.58,6354.24,6239.26,6343.86,149454822,157533786112.0
2021-05-12,6321.98,6420.34,6311.91,6420.34,138850373,146828435456.0
2021-05-13,6365.0,6432.63,6354.23,6375.01,153001738,160167350272.0
2021-05-14,6395.51,6462.5,6374.87,6462.48,152664335,164857675776.0
2021-05-17,6456.92,6496.38,6438.87,6457.28,146156636,166775853056.0
2021-05-18,6451.07,6486.92,6431.24,6486.82,129048325,148691017728.0
2021-05-19,6470.29,6500.12,6455.82,6488.95,133008428,153000632320.0
2021-05-20,6455.72,6505.52,6445.97,6482.84,142946580,162941001728.0
2021-05-21,6492.85,6509.37,6468.45,6480.37,130968376,147932909568.0
2021-05-24,6480.55,6537.86,6471.22,6537.86,138109499,153822855168.0
2021-05-25,6542.68,6617.43,6532.9,6615.71,149127619,171576233984.0
2021-05-26,6618.18,6666.21,6609.91,6644.75,155716936,176675028992.0
2021-05-27,6636.77,6706.38,6630.03,6705.05,154465324,183790792704.0
2021-05-28,6709.89,6735.55,6669.92,6694.35,168672481,201076416512.0
2021-05-31,6712.75,6814.36,6712.75,6814.36,161891756,202848608256.0
2021-06-01,6810.47,6854.75,6782.66,6854.73,172711795,212099121152.0
2021-06-02,6844.85,6852.64,6742.03,6759.46,171553764,208753897472.0
2021-06-03,6754.78,6824.98,6729.56,6754.07,163047122,192981417984.0
2021-06-04,6725.82,6803.78,6718.76,6785.8,159605578,192969531392.0
2021-06-07,6811.04,6861.85,6807.93,6861.85,158871549,203918217216.0
2021-06-08,6865.76,6886.94,6779.93,6809.86,167777357,210928242688.0
2021-06-09,6807.48,6834.04,6783.01,6823.41,159067203,189042237440.0
2021-06-10,6817.59,6903.88,6808.66,6898.21,178116700,219424595968.0
2021-06-11,6907.83,6907.95,6852.97,6852.97,190230799,238809079808.0
2021-06-15,6854.81,6866.18,6796.88,6815.12,163778570,214928429056.0
2021-06-16,6808.63,6810.2,6668.04,6673.24,156086277,208080322560.0
2021-06-17,6669.67,6790.71,6669.67,6787.67,148476838,206785949696.0
2021-06-18,6783.99,6869.26,6765.96,6863.72,157958940,213850198016.0
2021-06-21,6844.34,6970.64,6833.36,6968.3,157869005,220549423104.0
2021-06-22,6987.51,7010.62,6947.87,7000.25,168334054,222850113536.0
2021-06-23,6997.41,7060.4,6978.77,7046.17,162649503,222684708864.0
2021-06-24,7045.05,7045.05,6969.55,6974.64,162062963,212191576064.0
2021-06-25,6975.49,7016.08,6947.12,7000.43,163774031,216200622080.0
2021-06-28,7007.43,7081.05,7005.93,7063.47,152113851,212154421248.0
2021-06-29,7068.4,7082.07,6999.75,7004.3,155950034,221964394496.0
2021-06-30,7011.18,7083.99,7004.75,7083.7,148620293,218687135744.0
2021-07-01,7094.19,7099.13,6969.53,6969.53,155170163,223812255744.0
2021-07-02,6947.45,6960.48,6891.47,6908.93,144228534,216582553600.0
2021-07-05,6930.26,7006.72,6930.26,7006.7,150762865,223489245184.0
2021-07-06,7013.99,7045.19,6885.09,6979.06,162135485,248979386368.0
2021-07-07,6932.94,7093.05,6913.5,7089.66,153671393,233955803136.0
2021-07-08,7102.67,7138.76,7082.39,7099.41,174040696,265134997504.0
2021-07-09,7064.99,7165.88,7000.59,7142.9,169401413,253401300992.0
2021-07-12,7184.09,7301.1,7171.04,7284.23,192465587,291238641664.0
2021-07-13,7285.96,7331.73,7263.16,7331.73,192094228,289353535488.0
2021-07-14,7301.61,7338.31,7240.98,7243.82,188693519,284232589312.0
2021-07-15,7218.34,7250.03,7103.97,7241.62,181873510,269135630336.0
2021-07-16,7230.85,7311.45,7214.04,7228.36,182770696,275657932800.0
2021-07-19,7213.63,7259.03,7174.11,7205.27,177030272,263845388288.0
2021-07-20,7145.54,7253.37,7137.89,7253.28,163146122,235171692544.0
2021-07-21,7285.41,7416.47,7285.41,7398.81,190468877,283891003392.0
2021-07-22,7405.65,7447.03,7349.13,7446.48,203728650,301835554816.0
2021-07-23,7442.62,7473.14,7348.32,7379.79,219221253,317119668224.0
2021-07-26,7368.13,7395.27,7140.73,7286.15,212857935,311265251328.0
2021-07-27,7298.33,7373.09,7093.86,7093.87,221926720,340951416832.0
2021-07-28,7019.05,7058.51,6750.59,6945.51,197276060,282261770240.0
2021-07-29,7057.88,7226.5,7057.88,7207.48,182692229,284565745664.0
2021-07-30,7209.04,7279.06,7155.22,7262.38,202917307,315095883776.0
2021-08-02,7264.37,7402.4,7248.89,7402.35,213300147,338912944128.0
2021-08-03,7375.22,7419.34,7284.18,7308.96,209470825,318057357312.0
2021-08-04,7295.57,7478.21,7295.45,7478.21,186334118,297192357888.0
2021-08-05,7454.28,7494.33,7402.38,7447.94,198831153,303102914560.0
2021-08-06,7462.86,7490.98,7419.73,7482.17,186015124,291705909248.0
2021-08-09,7459.35,7509.33,7386.31,7507.08,181108879,287557697536.0
2021-08-10,7489.16,7566.73,7467.06,7549.55,189048527,303106789376.0
2021-08-11,7538.82,7611.65,7498.58,7605.92,196350392,293467643904.0
2021-08-12,7595.26,7677.74,7588.74,7657.53,210250483,307992403968.0
2021-08-13,7635.49,7724.44,7605.86,7641.92,208006531,310770376704.0
2021-08-16,7628.16,7633.66,7546.54,7568.14,201569546,292491128832.0
2021-08-17,7559.3,7578.43,7338.02,7360.03,207426806,283827879936.0
2021-08-18,7352.97,7454.03,7338.82,7405.49,178940547,248677523456.0
2021-08-19,7387.44,7511.19,7330.6,7468.77,182890322,261439115264.0
2021-08-20,7438.7,7505.55,7354.17,7467.36,176822351,260935229440.0
2021-08-23,7501.41,7668.89,7501.41,7652.56,201491658,305726382080.0
2021-08-24,7654.19,7737.6,7614.94,7715.07,212658511,322685538304.0
2021-08-25,7707.09,7769.7,7664.29,7769.63,206398313,303214014464.0
2021-08-26,7754.68,7771.85,7662.38,7669.53,228221412,319065759744.0
2021-08-27,7634.93,7686.34,7584.28,7680.08,212891233,302869377024.0
2021-08-30,7701.42,7792.52,7687.15,7727.75,236841828,350488457216.0
2021-08-31,7714.17,7728.42,7636.77,7728.42,235455501,325712850944.0
2021-09-01,7738.27,7743.18,7495.76,7606.87,267723538,372375965696.0
2021-09-02,7572.05,7703.72,7568.07,7690.86,226086525,307631325184.0
2021-09-03,7696.46,7766.46,7561.23,7630.84,267044513,357957529600.0
2021-09-06,7625.74,7735.55,7552.95,7735.1,227954099,314079150080.0
2021-09-07,7735.22,7881.87,7718.59,7878.35,228559608,314304835584.0
2021-09-08,7886.27,7911.02,7854.89,7894.25,254321787,333805404160.0
2021-09-09,7888.83,7922.41,7835.15,7900.24,238201733,318584827904.0
2021-09-10,7897.33,7954.48,7832.96,7932.65,240016302,335009103872.0
2021-09-13,7941.21,7955.98,7875.0,7947.48,230685197,331165024256.0
2021-09-14,7927.89,8042.52,7895.18,7916.9,243225554,353788174336.0
2021-09-15,7900.69,7988.37,7862.31,7972.23,213453916,315047723008.0
2021-09-16,7974.08,7993.22,7749.66,7754.95,236666552,335038218240.0
2021-09-17,7740.56,7786.19,7575.08,7730.22,214238031,302870261760.0
2021-09-22,7640.47,7774.51,7633.28,7769.06,182733916,252891873280.0
2021-09-23,7818.73,7850.24,7792.59,7806.8,212400136,294020853760.0
2021-09-24,7799.92,7806.81,7685.11,7695.62,206463409,286416523264.0
2021-09-27,7717.1,7733.21,7399.81,7467.82,213183647,291997511680.0
2021-09-28,7428.41,7496.33,7409.37,7468.73,158064850,220715356160.0
2021-09-29,7409.96,7413.8,7199.11,7199.18,172550144,227988709376.0
2021-09-30,7237.54,7411.28,7237.54,7405.46,146442232,199724658688.0
2021-10-08,7501.24,7514.24,7382.02,7425.67,159460337,220528173056.0
2021-10-11,7441.62,7442.35,7346.86,7384.84,150601221,206333882368.0
2021-10-12,7366.16,7376.73,7125.54,7208.47,156643676,210114883584.0
2021-10-13,7213.01,7297.3,7147.01,7289.36,131191524,181326974976.0
2021-10-14,7276.51,7362.46,7256.98,7342.25,128930724,180774916096.0
2021-10-15,7321.58,7374.34,7288.28,7350.41,145334938,205628059648.0
2021-10-18,7344.57,7429.63,7322.7,7429.63,144948204,210714460160.0
2021-10-19,7420.48,7506.09,7408.12,7504.05,152408118,218453954560.0
2021-10-20,7467.34,7560.85,7456.81,7523.56,155743734,233243185152.0
2021-10-21,7520.93,7548.82,7481.44,7503.53,158742479,231495319552.0
2021-10-22,7506.87,7530.58,7436.14,7438.48,167656957,234923339776.0
2021-10-25,7438.43,7532.37,7417.2,7532.37,150472174,229352710144.0
2021-10-26,7547.75,7583.13,7492.39,7508.69,161427464,247127097344.0
2021-10-27,7490.69,7501.54,7408.58,7433.55,162086331,237450354688.0
2021-10-28,7395.49,7422.1,7253.11,7267.85,165925079,245016891392.0
2021-10-29,7276.51,7385.41,7234.5,7385.3,158534551,242992418816.0
2021-11-01,7374.45,7488.48,7357.67,7455.61,172033252,261518594048.0
2021-11-02,7462.13,7501.96,7301.65,7368.6,187513416,275960324096.0
2021-11-03,7362.12,7391.05,7312.25,7385.2,145619008,217571921920.0
2021-11-04,7402.66,7483.69,7402.66,7483.69,161717926,250815025152.0
2021-11-05,7476.14,7488.12,7388.2,7389.59,181677565,263997505536.0
2021-11-08,7376.71,7423.01,7351.5,7422.91,152051651,232399368192.0
2021-11-09,7443.45,7532.25,7435.51,7531.96,155570245,238368108544.0
2021-11-10,7516.0,7535.24,7425.23,7535.23,166809267,247966822400.0
2021-11-11,7524.16,7601.2,7515.71,7593.73,171153193,251993407488.0
2021-11-12,7593.45,7705.05,7593.45,7697.81,173746790,262031372288.0
2021-11-15,7713.85,7727.02,7653.71,7676.48,189553649,282613805056.0
2021-11-16,7659.02,7691.65,7579.68,7589.18,177013066,259612340224.0
2021-11-17,7603.33,7725.09,7603.33,7725.09,174824289,252238405632.0
2021-11-18,7724.03,7765.74,7686.14,7714.8,198504448,286034812928.0
2021-11-19,7709.31,7806.03,7705.84,7803.76,188001126,276256497664.0
2021-11-22,7822.96,7948.02,7822.96,7947.37,190400271,305323560960.0
2021-11-23,7950.25,7974.51,7933.2,7941.56,193422044,303524167680.0
2021-11-24,7939.59,7971.44,7917.68,7938.77,188605678,289619718144.0
2021-11-25,7937.4,7959.84,7919.66,7925.76,175838157,273718378496.0
2021-11-26,7912.89,7954.79,7906.35,7940.79,173916846,277650501632.0
2021-11-29,7837.39,7999.94,7828.92,7999.83,176453409,289465061376.0
2021-11-30,8037.26,8082.9,7991.19,8054.29,197562642,309404450816.0
2021-12-01,8050.89,8068.38,8000.81,8055.82,189074931,288748400640.0
2021-12-02,8045.73,8046.25,7964.74,7968.24,184672448,273790812160.0
2021-12-03,7973.62,8034.69,7952.37,8023.96,179063017,265004142592.0
2021-12-06,8018.46,8029.83,7899.91,7906.76,191520328,274404843520.0
2021-12-07,7937.23,7948.17,7713.92,7781.44,182389996,272840126464.0
2021-12-08,7806.38,7922.55,7803.44,7922.55,161307049,242658250752.0
2021-12-09,7924.53,7948.03,7903.68,7931.76,181252221,261370675200.0
2021-12-10,7898.64,7964.35,7886.13,7949.12,173465764,257041895424.0
2021-12-13,7963.48,8000.11,7936.62,7984.9,189522058,274566340608.0
2021-12-14,7969.6,7997.18,7952.75,7981.83,193212508,277460582400.0
2021-12-15,7982.1,8019.3,7942.94,7955.58,200207035,277025955840.0
2021-12-16,7966.5,8005.98,7959.18,8005.98,194865198,259653988352.0
2021-12-17,7997.47,7997.47,7894.1,7894.1,202303675,264934150144.0
2021-12-20,7873.67,7920.65,7747.36,7751.95,199008302,263220862976.0
2021-12-21,7749.82,7849.03,7749.82,7849.03,191460577,226989096960.0
2021-12-22,7868.3,7943.24,7854.36,7930.81,205942185,255276249088.0
2021-12-23,7932.1,7947.13,7892.89,7932.66,202910623,267757756416.0
2021-12-24,7940.38,7940.43,7771.42,7776.61,212132316,278501101568.0
2021-12-27,7768.38,7833.58,7739.29,7776.43,175431928,232653037568.0
2021-12-28,7794.03,7863.53,7783.1,7863.53,170744599,237637914624.0
2021-12-29,7858.94,7886.71,7838.28,7855.43,172273111,244249907200.0
2021-12-30,7863.17,7949.96,7861.54,7924.53,178545905,250673283072.0
2021-12-31,7946.94,8016.4,7946.94,8010.32,189602903,264776589312.0
2022-01-04,8045.1,8060.99,7948.91,7983.07,225957706,309512978432.0
2022-01-05,7968.74,7968.92,7733.51,7781.68,218791496,299531735040.0
2022-01-06,7743.86,7863.55,7721.78,7844.52,192735027,259362889728.0
2022-01-07,7841.13,7867.49,7681.13,7682.7,214441280,276004630528.0
2022-01-10,7669.05,7756.97,7624.93,7734.19,183118474,243826237440.0
2022-01-11,7734.54,7768.74,7632.07,7646.69,184256676,246010052608.0
2022-01-12,7691.85,7779.52,7682.55,7779.52,179028769,249094029312.0
2022-01-13,7781.31,7781.31,7644.79,7644.79,196718812,258476507136.0
2022-01-14,7611.29,7714.5,7590.19,7675.37,195437286,258256240640.0
2022-01-17,7687.71,7815.66,7683.38,7808.09,199048671,283638423552.0
2022-01-18,7808.99,7827.19,7743.72,7758.6,221945152,298301902848.0
2022-01-19,7728.16,7745.81,7617.06,7665.18,188170844,252520833024.0
2022-01-20,7664.12,7672.76,7488.86,7492.61,199876175,262493949952.0
2022-01-21,7474.76,7493.02,7384.4,7388.74,176628567,229180682240.0
2022-01-24,7346.39,7462.53,7333.0,7425.4,154415826,208467435520.0
2022-01-25,7398.76,7440.55,7133.07,7133.07,178576998,220574273536.0
2022-01-26,7158.57,7226.64,7071.47,7171.03,143072476,177201524736.0
2022-01-27,7178.54,7191.48,6959.46,6960.11,146786371,176645967872.0
2022-01-28,6996.77,7071.32,6861.47,6973.01,138984343,170642747392.0
2022-02-07,7080.61,7102.42,7037.16,7061.62,145506304,172407918592.0
2022-02-08,7058.25,7080.62,6928.9,7080.62,160900403,181069631488.0
2022-02-09,7083.43,7212.75,7056.62,7211.43,172399731,208591945728.0
2022-02-10,7208.57,7222.19,7126.07,7175.62,165781455,197454786560.0
2022-02-11,7140.93,7151.24,7024.79,7033.85,168615165,207661883392.0
2022-02-14,6991.63,7096.55,6961.3,7006.08,147217812,177109078016.0
2022-02-15,7020.13,7125.1,6990.4,7124.85,143297600,178296061952.0
2022-02-16,7164.23,7201.08,7132.08,7183.11,147188972,181452902400.0
2022-02-17,7169.72,7265.03,7146.59,7220.61,165944069,211816615936.0
2022-02-18,7174.59,7252.06,7164.27,7251.79,156097027,187819462656.0
2022-02-21,7264.44,7334.91,7259.76,7334.59,169847849,209089466368.0
2022-02-22,7310.66,7310.66,7212.27,7279.24,179502633,228319653888.0
2022-02-23,7290.7,7450.4,7289.74,7450.4,182730486,254406852608.0
2022-02-24,7414.47,7481.14,7174.78,7285.12,255720586,330551054336.0
2022-02-25,7346.85,7435.4,7344.78,7361.96,177757005,239033139200.0
2022-02-28,7370.43,7419.83,7291.08,7419.83,167402030,227995525120.0
2022-03-01,7433.75,7454.9,7379.82,7429.44,166187062,228666183680.0
2022-03-02,7400.95,7421.64,7341.83,7414.31,160209920,209899646976.0
2022-03-03,7440.94,7446.47,7334.28,7342.61,183181947,224684683264.0
2022-03-04,7300.0,7360.26,7219.64,7241.56,178438418,219627323392.0
2022-03-07,7230.81,7230.81,7050.35,7085.73,166051776,212810973184.0
2022-03-08,7089.51,7118.51,6824.03,6871.22,191960627,242299629568.0
2022-03-09,6889.51,6925.55,6511.91,6796.04,213261914,251456778240.0
2022-03-10,6946.58,7017.28,6914.89,6952.52,185354470,239213379584.0
2022-03-11,6856.87,7001.6,6778.59,6990.78,180993185,229253722112.0
2022-03-14,6938.22,6972.91,6800.59,6800.59,162662118,209426538496.0
2022-03-15,6745.6,6790.24,6473.48,6473.48,195750815,232508542976.0
2022-03-16,6586.82,6704.18,6330.41,6692.97,197558968,246843416576.0
2022-03-17,6777.74,6934.49,6768.61,6818.54,205054390,273063661568.0
2022-03-18,6792.32,6882.66,6773.46,6879.37,173890404,209608679424.0
2022-03-21,6886.03,6983.52,6867.31,6954.41,179428388,224493453312.0
2022-03-22,6938.97,6976.39,6893.65,6923.44,178456271,214266470400.0
2022-03-23,6938.51,6989.72,6910.33,6966.95,175942213,207033470976.0
2022-03-24,6934.13,6950.74,6847.17,6900.81,175917865,208970256384.0
2022-03-25,6906.68,6939.87,6819.55,6819.81,173818596,207338041344.0
2022-03-28,6772.44,6828.4,6692.91,6767.25,168398610,191046713344.0
2022-03-29,6785.38,6808.88,6700.41,6725.68,166201697,194872627200.0
2022-03-30,6750.0,6864.75,6734.07,6864.75,171325804,196283756544.0
2022-03-31,6846.33,6846.33,6760.05,6772.07,195679084,222112493568.0
2022-04-01,6723.26,6790.76,6688.7,6772.6,171530586,189378818048.0
2022-04-06,6769.74,6769.74,6711.3,6764.29,179932764,194867322880.0
2022-04-07,6736.34,6768.45,6623.59,6623.59,188432684,200882262016.0
2022-04-08,6635.69,6644.76,6496.18,6575.28,191574075,206608719872.0
2022-04-11,6544.29,6544.29,6297.39,6328.07,204208292,213999656960.0
2022-04-12,6314.22,6414.5,6259.05,6414.42,193676856,196890755072.0
2022-04-13,6381.78,6388.7,6286.25,6286.25,184434051,189187911680.0
2022-04-14,6313.1,6388.56,6294.37,6359.71,175754732,183660826624.0
2022-04-15,6328.23,6334.48,6229.41,6275.07,190007521,200901914624.0
2022-04-18,6233.42,6339.11,6164.44,6326.02,158964836,166723133440.0
2022-04-19,6324.42,6379.43,6304.25,6345.79,150941627,166851629056.0
2022-04-20,6347.8,6351.64,6208.79,6234.25,165357430,174579261440.0
2022-04-21,6206.18,6236.55,5966.03,5981.38,173454907,177864921088.0
2022-04-22,5937.39,5965.41,5851.23,5891.81,144729196,151155937280.0
2022-04-25,5776.18,5776.18,5431.61,5431.61,183166674,174524592128.0
2022-04-26,5432.61,5483.03,5251.52,5266.55,178323323,165807824896.0
2022-04-27,5192.5,5541.11,5164.75,5540.72,192927270,184237858816.0
2022-04-28,5501.52,5578.62,5425.77,5493.91,169714058,176020111360.0
2022-04-29,5534.17,5753.08,5517.72,5734.49,186660549,194308132864.0
2022-05-05,5723.18,5884.38,5712.06,5836.93,168932974,179484913664.0
2022-05-06,5690.14,5812.48,5665.93,5764.69,154196362,153608753152.0
2022-05-09,5749.9,5857.71,5749.9,5840.89,138943475,136636743680.0
2022-05-10,5761.85,5952.72,5746.72,5950.67,169630054,175537618944.0
2022-05-11,5959.79,6147.86,5959.79,6003.03,206311094,225487278080.0
2022-05-12,5971.21,6061.18,5964.83,6034.57,166809920,171688075264.0
2022-05-13,6059.0,6079.16,6001.91,6071.67,154708864,156378894336.0
2022-05-16,6110.99,6154.7,6057.32,6082.88,158814938,162466414592.0
2022-05-17,6079.3,6120.84,6013.7,6118.46,160980872,174362783744.0
2022-05-18,6124.38,6183.46,6103.63,6127.8,151802570,164756082688.0
2022-05-19,6032.73,6180.19,6020.41,6180.19,161512315,175297024000.0
2022-05-20,6203.91,6263.44,6176.13,6263.44,167859418,187575881728.0
2022-05-23,6284.6,6345.0,6267.83,6343.47,164866545,186473050112.0
2022-05-24,6343.89,6345.12,6081.64,6081.64,198397601,221027385344.0
2022-05-25,6079.94,6188.27,6070.96,6188.27,161353725,169986109440.0
2022-05-26,6195.21,6252.56,6095.75,6227.1,168440236,175940575232.0
2022-05-27,6252.36,6283.72,6157.81,6210.09,170565783,177212698624.0
2022-05-30,6231.64,6282.36,6171.74,6282.36,159200760,169965801472.0
2022-05-31,6283.16,6356.55,6224.61,6353.35,173551181,194983645184.0
2022-06-01,6332.39,6398.35,6316.58,6373.32,172991852,189585195008.0
2022-06-02,6349.56,6449.97,6329.07,6442.93,164947433,190173331456.0
2022-06-06,6449.55,6612.8,6449.24,6604.98,183176282,236744949760.0
2022-06-07,6613.17,6631.32,6539.71,6597.83,187679373,226233069568.0
2022-06-08,6594.92,6660.09,6474.23,6608.89,196322414,235551928320.0
2022-06-09,6591.92,6591.92,6453.65,6490.38,178041439,207132897280.0
2022-06-10,6446.81,6630.26,6438.8,6627.75,176920937,216472764416.0
2022-06-13,6582.69,6683.91,6573.57,6674.8,200857242,239249879040.0
2022-06-14,6607.12,6665.25,6460.43,6665.25,207224046,237101199360.0
2022-06-15,6671.05,6759.38,6653.76,6653.76,228596636,259960614912.0
2022-06-16,6651.2,6755.63,6651.2,6696.76,204190710,233202110464.0
2022-06-17,6652.54,6782.49,6643.1,6774.74,195544983,241013891072.0
2022-06-20,6787.34,6874.38,6783.62,6848.75,202855378,261623250944.0
2022-06-21,6849.73,6854.92,6709.36,6779.14,196105623,242436587520.0
2022-06-22,6781.87,6811.55,6688.39,6691.81,179497157,219574890496.0
2022-06-23,6694.25,6845.45,6649.93,6845.45,192680033,238813200384.0
2022-06-24,6865.36,6954.45,6862.46,6931.65,199532052,260609802240.0
2022-06-27,6968.13,7012.12,6940.52,7002.93,209258642,274018807808.0
2022-06-28,7001.26,7081.28,6956.3,7079.72,214707144,272953954304.0
2022-06-29,7061.79,7075.52,6900.99,6900.99,229280026,291483504640.0
2022-06-30,6909.74,7032.67,6909.74,6995.53,192461609,250604924928.0
2022-07-01,6999.68,7039.85,6967.48,6994.5,178054495,233832177664.0
2022-07-04,6985.05,7076.32,6928.4,7076.32,181180357,252318363648.0
2022-07-05,7081.9,7098.57,6950.24,7036.0,204398610,264570261504.0
2022-07-06,7014.45,7041.87,6890.93,6953.98,182114586,238627647488.0
2022-07-07,6955.53,7053.45,6910.09,7041.87,170304243,228172328960.0
2022-07-08,7067.03,7084.9,6990.74,7000.79,174515689,229822926848.0
2022-07-11,6976.1,6976.1,6830.47,6893.63,174549463,222946717696.0
2022-07-12,6891.58,6911.8,6779.56,6779.56,168057200,210812628177.3
2022-07-13,6780.61,6855.07,6737.88,6834.9,167268153,203183722359.7
2022-07-14,6823.09,6954.91,6809.1,6920.87,184064915,236000197167.8
2022-07-15,6889.81,6966.04,6852.82,6852.82,198625735,249001066013.0
2022-07-18,6868.3,6953.93,6839.13,6953.93,182047985,234953104950.2
2022-07-19,6956.86,7033.25,6932.74,7009.32,182240492,235415924701.9
2022-07-20,7028.79,7110.1,7019.51,7110.1,181533719,241532114467.3
2022-07-21,7098.27,7134.22,7067.15,7075.29,196769740,260583934969.9
2022-07-22,7081.56,7124.3,6969.43,7034.6,173030973,221488794666.4
2022-07-25,7037.76,7068.34,6933.82,6948.91,162390844,210550924686.3
2022-07-26,6949.19,7031.11,6901.93,7027.42,147218445,194799480701.9
2022-07-27,7018.22,7109.54,7005.07,7099.43,152269128,206541488861.1
2022-07-28,7138.32,7196.73,7112.74,7150.2,180354305,241095066353.2
2022-07-29,7152.33,7179.47,7105.33,7117.43,176841179,231274234716.1
2022-08-01,7100.71,7180.45,7055.61,7180.45,162803032,228160015439.3
2022-08-02,7098.18,7098.18,6872.75,6957.98,223088287,279667759204.9
2022-08-03,6968.29,7079.85,6893.52,6916.67,199046301,267708334073.9
2022-08-04,6953.98,6977.39,6853.7,6960.31,157896065,210363578736.7
2022-08-05,6975.89,7096.43,6961.65,7090.0,170848496,239898855818.0
2022-08-08,7082.54,7176.48,7062.37,7176.11,158561305,232418782735.5
2022-08-09,7168.96,7207.4,7131.34,7207.4,162912878,235299436684.7
2022-08-10,7183.18,7231.43,7169.88,7212.08,159636618,233901774523.7
2022-08-11,7241.73,7295.89,7212.4,7294.49,179506207,248429232286.3
2022-08-12,7287.65,7311.89,7228.34,7228.83,181288905,235585532128.7
2022-08-15,7218.09,7296.34,7215.2,7283.5,169082597,224364656908.2
2022-08-16,7290.24,7356.11,7280.92,7324.62,183674820,241350466890.4
2022-08-17,7330.48,7342.7,7280.57,7328.67,183612140,245094600753.4
2022-08-18,7315.41,7358.71,7298.93,7351.44,176377692,242504373692.6
2022-08-19,7353.43,7369.73,7234.41,7234.41,190774466,256614238593.5
2022-08-22,7214.48,7289.31,7170.2,7288.58,172667603,232384012725.9
2022-08-23,7275.38,7310.13,7267.79,7306.02,171067069,228827949562.1
2022-08-24,7312.55,7315.1,7029.88,7039.41,207521602,261715052645.5
2022-08-25,7065.34,7080.73,6930.84,7016.31,174351312,214927185144.0
2022-08-26,7032.66,7103.83,6966.07,6980.18,161725036,208825351114.9
2022-08-29,6884.73,7022.79,6858.43,7021.31,153571445,190249844424.1
2022-08-30,7018.72,7025.46,6943.14,6976.72,153832925,190519769579.9
2022-08-31,6954.51,6966.99,6738.52,6750.74,166559930,208164754908.9
2022-09-01,6757.01,6819.62,6698.84,6717.1,136821290,167515966847.7
2022-09-02,6731.67,6801.35,6695.1,6776.83,128555383,162328853041.8
2022-09-05,6774.19,6831.22,6739.14,6791.09,131911039,161721445331.8
2022-09-06,6808.87,6919.65,6780.44,6919.65,144344325,183761283707.7
2022-09-07,6894.71,6989.75,6882.59,6963.52,142998350,186886081899.0
2022-09-08,6965.56,6975.13,6889.86,6897.1,133014603,165823754363.4
2022-09-09,6908.71,6918.2,6848.27,6913.58,130940777,158316315505.3
2022-09-13,6935.59,6957.35,6886.36,6904.08,125982583,156495592935.9
2022-09-14,6800.93,6851.09,6783.19,6829.56,121309407,150215220640.2
2022-09-15,6859.25,6866.55,6543.2,6619.19,160634562,196010799836.3
2022-09-16,6599.27,6632.56,6480.1,6481.24,135704169,160257556465.5
2022-09-19,6468.39,6504.75,6364.07,6399.8,107934181,130349058199.2
2022-09-20,6441.1,6536.42,6436.76,6482.13,99898034,126916550647.2
2022-09-21,6461.25,6506.06,6378.63,6480.6,105600093,122346817424.4
2022-09-22,6438.29,6554.3,6429.5,6487.27,105146988,129139062115.5
2022-09-23,6486.79,6504.03,6306.96,6363.68,111965685,136013846997.8
2022-09-26,6318.3,6404.01,6274.34,6283.59,110453493,129054876614.4
2022-09-27,6302.89,6409.78,6287.77,6409.78,106033494,133034781237.8
2022-09-28,6397.84,6401.84,6211.11,6211.11,104960077,128903902412.1
2022-09-29,6270.91,6307.78,6192.77,6228.78,105730744,127446447138.7
2022-09-30,6221.83,6241.96,6123.99,6124.86,92564600,113064814085.7
2022-10-10,6136.71,6154.06,5964.62,5984.5,102448137,122828919867.1
2022-10-11,5994.76,6044.28,5939.07,6017.72,94238001,111536274573.7
2022-10-12,6017.67,6192.65,5918.02,6192.65,120053053,146042371698.1
2022-10-13,6162.71,6311.51,6146.4,6252.22,128700906,157054880040.1
2022-10-14,6296.35,6427.47,6286.67,6406.46,141802026,181411953828.9
2022-10-17,6380.21,6476.4,6370.15,6472.45,132444628,171128918405.8
2022-10-18,6490.6,6551.8,6447.78,6508.5,129920946,172917916317.8
2022-10-19,6492.6,6533.57,6460.7,6461.15,124647381,165890298124.8
2022-10-20,6431.99,6525.8,6342.15,6429.7,133524986,176048476245.5
2022-10-21,6433.33,6469.09,6387.77,6432.33,119879781,151129742814.5
2022-10-24,6448.87,6554.37,6335.07,6378.43,141357126,180064469820.1
2022-10-25,6346.15,6411.17,6248.84,6355.78,129321410,165200236897.8
2022-10-26,6358.06,6548.62,6348.99,6491.69,150663892,200200044240.9
2022-10-27,6497.52,6544.42,6459.92,6461.61,146773822,196363432004.9
2022-10-28,6412.61,6446.6,6216.27,6239.93,156120495,197514525527.8
2022-10-31,6201.75,6349.12,6201.28,6292.62,145874788,187134463252.3
2022-11-01,6299.03,6440.92,6277.62,6439.82,152262990,199551407228.6
2022-11-02,6434.95,6557.01,6424.66,6524.51,162568563,216303778309.9
2022-11-03,6467.23,6576.37,6461.3,6566.84,141513704,199422978711.4
2022-11-04,6569.19,6719.51,6568.78,6709.64,165062434,230118260588.3
2022-11-07,6713.73,6749.76,6660.98,6713.64,160254947,220210872290.0
2022-11-08,6707.01,6708.08,6647.44,6694.96,135471787,180763670672.5
2022-11-09,6694.4,6736.67,6664.37,6676.01,126564565,164404506999.3
2022-11-10,6638.52,6663.11,6583.86,6603.31,142137645,183303850089.5
2022-11-11,6749.07,6776.74,6641.76,6643.48,191648966,237140698560.2
2022-11-14,6639.02,6688.01,6570.49,6599.67,174303985,212896585325.6
2022-11-15,6593.63,6752.51,6576.87,6752.51,170939160,221716230403.5
2022-11-16,6749.96,6775.38,6687.32,6702.04,155021163,195240529664.7
2022-11-17,6685.94,6714.5,6629.9,6714.5,159191253,198847162647.5
2022-11-18,6711.89,6752.84,6650.74,6658.4,168105221,215157473530.9
2022-11-21,6622.6,6689.33,6585.28,6689.33,137155265,179567680622.8
2022-11-22,6682.05,6692.24,6556.34,6583.23,150853226,191781768773.5
2022-11-23,6572.16,6592.3,6451.96,6567.99,144366228,179521416697.2
2022-11-24,6573.47,6611.8,6553.96,6586.86,126197332,159909378876.6
2022-11-25,6573.02,6573.02,6508.52,6512.16,124579396,149034248952.4
2022-11-28,6426.93,6494.98,6412.03,6492.71,129881780,152031616662.1
2022-11-29,6505.9,6607.46,6505.9,6594.32,157448301,180031860496.5
2022-11-30,6591.68,6619.27,6561.27,6590.31,155403136,178510447618.4
2022-12-01,6645.47,6691.51,6639.63,6658.43,162150678,199785991939.8
2022-12-02,6644.44,6721.69,6637.16,6680.54,149424028,179613917631.1
2022-12-05,6710.73,6723.57,6675.6,6714.37,178915025,206225540021.1
2022-12-06,6690.92,6731.07,6667.0,6703.55,154810114,191497741686.1
2022-12-07,6684.61,6732.26,6677.52,6705.29,155989281,188674730727.4
2022-12-08,6694.84,6699.3,6648.35,6662.34,148611632,176772060301.4
2022-12-09,6661.9,6684.15,6626.94,6680.38,160349164,201813642791.2
2022-12-12,6669.17,6680.61,6626.87,6655.67,153653068,186669163108.8
2022-12-13,6654.67,6654.75,6586.87,6593.67,149692723,176834414923.0
2022-12-14,6600.41,6626.7,6556.81,6570.02,139664931,167786593317.7
2022-12-15,6557.9,6605.7,6545.0,6597.55,128850544,160225836004.7
2022-12-16,6569.06,6581.93,6504.05,6519.44,134434849,161172961055.7
2022-12-19,6518.38,6537.14,6367.45,6390.77,135485972,156179605225.0
2022-12-20,6380.22,6389.05,6321.14,6341.58,110008606,131077432572.4
2022-12-21,6341.22,6344.66,6255.35,6289.14,102729735,122909095334.9
2022-12-22,6314.55,6319.57,6171.18,6186.93,113245456,131875231616.7
2022-12-23,6154.66,6197.24,6120.94,6160.75,97094729,116283463648.4
2022-12-26,6161.94,6276.11,6161.94,6275.52,100031210,125237422919.1
2022-12-27,6288.61,6328.36,6256.04,6325.63,109270500,136753468429.1
2022-12-28,6304.59,6306.95,6251.3,6268.47,105263874,125061546620.9
2022-12-29,6253.79,6322.25,6245.23,6261.83,102382211,121083655952.7
2022-12-30,6283.5,6296.24,6262.6,6281.62,97146496,116528198886.6
2023-01-03,6286.81,6433.79,6275.69,6423.7,133181680,160707712589.0
2023-01-04,6423.43,6445.62,6385.0,6421.28,131040093,156632578040.3
2023-01-05,6427.45,6489.99,6413.75,6485.47,121661526,155822047721.1
2023-01-06,6482.88,6539.76,6478.63,6500.32,129383997,165796221277.1
2023-01-09,6523.14,6559.46,6517.57,6535.75,122047871,162944069605.7
2023-01-10,6541.82,6546.54,6505.1,6540.2,111628121,146634283725.9
2023-01-11,6544.57,6562.35,6480.95,6486.9,112882942,147472868624.7
2023-01-12,6495.16,6529.81,6469.48,6489.57,104937470,134846593005.3
2023-01-13,6505.24,6517.51,6475.66,6517.51,110761936,138907307000.4
2023-01-16,6521.45,6628.73,6521.45,6591.81,141070888,175416637498.1
2023-01-17,6600.25,6622.32,6573.28,6597.49,108421111,139660962013.5
2023-01-18,6613.74,6635.85,6593.37,6613.01,105834674,125976031143.1
2023-01-19,6605.45,6678.18,6590.42,6676.08,107589560,135675334823.2
2023-01-20,6690.14,6740.13,6690.14,6736.85,122762682,154872288667.4
2023-01-30,6815.14,6839.84,6780.37,6786.45,170769332,211140043941.4
2023-01-31,6763.4,6820.14,6758.9,6805.28,147712346,180790076274.9
2023-02-01,6815.06,6916.73,6812.79,6916.72,169651661,208871365597.3
2023-02-02,6926.58,6969.79,6908.7,6933.23,167133986,212328053407.1
2023-02-03,6922.79,6934.32,6829.4,6925.08,157558880,194152771393.4
2023-02-06,6902.49,6928.28,6853.91,6891.41,146059027,182865349058.4
2023-02-07,6900.23,6924.42,6864.21,6924.32,150108752,187069724944.1
2023-02-08,6927.33,6932.99,6873.6,6877.72,138510731,173815150504.9
2023-02-09,6864.03,6999.18,6850.57,6999.18,149147697,194994550267.4
2023-02-10,6991.23,7015.25,6926.48,6975.39,152432051,189923379511.1
2023-02-13,6976.33,7052.6,6973.41,7052.18,160848480,207706779975.4
2023-02-14,7064.53,7070.33,7028.79,7061.45,151786438,199029649600.4
2023-02-15,7062.36,7076.87,7038.99,7063.6,159779328,207038398259.6
2023-02-16,7063.93,7098.92,6878.35,6925.2,217381617,263155308269.9
2023-02-17,6931.99,6954.85,6861.3,6868.55,172656902,203845829244.8
2023-02-20,6871.86,6959.75,6825.87,6959.36,165614379,196438661978.3
2023-02-21,6969.35,7008.55,6939.59,6990.48,171690946,203386321239.5
2023-02-22,6961.15,7014.56,6947.12,6998.43,144601016,175966912644.5
2023-02-23,6997.78,7008.68,6929.61,6966.79,141862467,172438837844.8
2023-02-24,6971.65,6983.16,6906.69,6944.82,121078826,151978026582.4
2023-02-27,6928.03,6950.88,6876.25,6894.3,129300939,162346177198.5
2023-02-28,6911.36,6955.57,6874.93,6955.57,131036025,164461396666.4
2023-03-01,6955.48,7002.77,6932.76,7002.77,155908555,194162937428.7
2023-03-02,6999.23,7021.11,6963.06,6972.31,166505708,202422136341.8
2023-03-03,6970.21,6997.42,6921.27,6967.94,154598247,184879618934.5
2023-03-06,6973.52,7004.71,6933.99,6997.04,150317134,194154258047.9
2023-03-07,6991.56,6993.18,6855.34,6855.34,159757780,189478401770.3
2023-03-08,6838.63,6894.36,6832.04,6891.46,121280600,152705779612.0
2023-03-09,6898.24,6911.54,6851.91,6892.86,126671261,155909335205.2
2023-03-10,6854.41,6864.94,6795.22,6798.3,140338591,170506323947.6
2023-03-13,6780.02,6832.62,6750.22,6832.62,141191187,176170851055.0
2023-03-14,6824.25,6824.25,6690.09,6769.85,156336435,197124650947.3
2023-03-15,6797.82,6844.97,6794.41,6803.47,139147010,171749343248.6
2023-03-16,6769.61,6777.91,6677.68,6689.78,141881845,175508119056.3
2023-03-17,6726.96,6781.95,6717.14,6736.37,161535345,204155942106.6
2023-03-20,6745.95,6760.91,6694.52,6721.45,175313441,230174336044.6
2023-03-21,6726.8,6810.29,6725.83,6809.39,146584935,195253243661.6
2023-03-22,6830.19,6845.76,6810.76,6840.33,160318267,211699058082.5
2023-03-23,6827.68,6869.18,6809.85,6868.83,165448056,224978318720.2
2023-03-24,6874.54,6880.19,6840.75,6867.95,181680229,240207097974.5
2023-03-27,6874.39,6900.63,6830.95,6886.69,195064403,270611684185.5
2023-03-28,6881.11,6884.54,6816.45,6825.38,170468837,236725308502.2
2023-03-29,6825.13,6839.9,6785.15,6806.28,160806595,220165772651.1
2023-03-30,6802.07,6814.69,6751.69,6807.64,146175756,195037119351.5
2023-03-31,6806.61,6878.32,6801.94,6875.81,151581950,202602542866.0
2023-04-03,6878.09,6966.69,6878.09,6962.2,194554477,274916847266.7
2023-04-04,6960.91,6966.99,6918.13,6953.36,213211962,306141970189.2
2023-04-06,6926.19,6988.37,6921.66,6983.03,191009494,281226984709.7
2023-04-07,6987.01,7043.22,6978.35,7042.89,167437320,242608190860.4
2023-04-10,7050.24,7052.74,6950.77,6968.57,181007868,265199179441.1
2023-04-11,6967.03,6986.44,6937.02,6984.14,162793965,228357143486.7
2023-04-12,6989.69,7027.84,6979.28,7021.02,180300938,252639249640.4
2023-04-13,7011.66,7029.1,6956.68,6966.82,182936746,253331499905.9
2023-04-14,6978.59,7026.12,6942.57,7020.09,174751802,249159555578.9
2023-04-17,7009.47,7030.24,6989.7,7012.77,173463101,235338063547.9
2023-04-18,7002.26,7014.38,6961.51,6997.07,160278095,221281575130.0
2023-04-19,6988.65,7011.93,6955.36,6965.58,168968117,237689578666.4
2023-04-20,6956.37,6963.9,6911.98,6963.9,174240785,249390407796.8
2023-04-21,6954.1,6963.08,6773.51,6773.51,193177324,266671875897.9
2023-04-24,6766.52,6771.65,6692.22,6725.27,172365639,233604520118.8
2023-04-25,6708.28,6711.57,6517.27,6603.24,194399820,247485613389.7
2023-04-26,6577.36,6667.43,6573.88,6624.4,184561745,254123867620.1
2023-04-27,6597.73,6672.22,6593.38,6633.49,174202091,232047938559.9
2023-04-28,6617.32,6724.57,6617.32,6723.3,189027616,241929257739.1
2023-05-04,6701.49,6738.44,6698.64,6733.97,202137047,252755421973.5
2023-05-05,6723.16,6723.98,6612.74,6653.65,185876962,232757192566.9
2023-05-08,6660.92,6714.39,6660.92,6702.5,204204619,239780230242.1
2023-05-09,6696.67,6705.74,6610.57,6611.64,217518238,256339239608.8
2023-05-10,6599.79,6648.04,6576.4,6627.31,172301277,212227315487.5
2023-05-11,6634.16,6653.38,6618.19,6622.52,155805155,192273319326.5
2023-05-12,6608.83,6630.56,6535.11,6535.94,153329115,183608124248.6
2023-05-15,6537.4,6585.91,6466.45,6585.91,161126819,191863235546.2
2023-05-16,6586.72,6586.72,6501.31,6516.29,142434107,178199462179.2
2023-05-17,6500.44,6555.77,6497.38,6554.98,125778063,156078814574.6
2023-05-18,6557.37,6595.49,6554.08,6583.74,144368801,186333515794.6
2023-05-19,6571.09,6621.43,6545.08,6602.32,135432989,179071786325.5
2023-05-22,6589.35,6608.88,6556.74,6595.98,131198543,163204580648.0
2023-05-23,6591.56,6600.8,6528.45,6528.45,128595517,158376852884.4
2023-05-24,6507.06,6564.51,6476.69,6513.18,125855093,163476977070.1
2023-05-25,6502.23,6541.39,6424.45,6501.0,135834643,175437754998.3
2023-05-26,6495.35,6558.11,6451.73,6546.41,126275617,170164842111.0
2023-05-29,6560.16,6579.15,6518.03,6534.12,152482657,204321522052.1
2023-05-30,6517.71,6565.48,6461.09,6564.47,151317651,193152158102.5
2023-05-31,6556.52,6581.93,6523.27,6561.65,142968364,197141081474.9
2023-06-01,6539.26,6616.53,6515.02,6574.76,153962339,208776080194.4
2023-06-02,6585.73,6640.53,6585.73,6626.28,149263604,198301484192.2
2023-06-05,6631.22,6647.2,6609.02,6632.96,137150594,186650947904.2
2023-06-06,6625.09,6625.09,6475.26,6489.81,151757959,198453126088.9
2023-06-07,6487.2,6517.32,6467.3,6488.56,131404709,169239132087.3
2023-06-08,6477.94,6478.32,6399.78,6442.48,135583070,172327155118.5
2023-06-09,6446.62,6500.45,6427.92,6495.56,151977579,202023488654.4
2023-06-12,6488.2,6549.78,6474.86,6530.16,145153220,197419702843.1
2023-06-13,6525.05,6561.02,6519.97,6554.96,145636301,206066233138.3
2023-06-14,6556.03,6591.69,6547.49,6578.12,149195931,212483094306.0
2023-06-15,6579.46,6618.62,6568.61,6613.95,147955427,220050814755.8
2023-06-16,6613.1,6674.62,6602.04,6669.01,155708689,223131327342.6
2023-06-19,6674.12,6707.23,6673.81,6693.3,168025755,246819992645.0
2023-06-20,6683.92,6717.71,6671.99,6693.91,158860653,240661461466.9
2023-06-21,6679.15,6681.57,6548.41,6548.41,153983944,226296807530.6
2023-06-26,6504.97,6535.49,6404.04,6420.97,154732688,209607215406.0
2023-06-27,6425.84,6518.98,6424.33,6507.27,135607119,178812817549.4
2023-06-28,6504.5,6505.47,6367.35,6475.51,145808385,192407496661.6
2023-06-29,6465.1,6542.28,6462.07,6520.04,135252145,186518747502.9
2023-06-30,6507.5,6615.97,6500.86,6602.04,144498924,203403995419.0
2023-07-03,6617.08,6640.34,6571.84,6612.88,160977356,225625497659.9
2023-07-04,6610.66,6639.82,6599.6,6638.45,139742795,203584274308.7
2023-07-05,6632.37,6642.55,6575.73,6584.42,133052280,184778773163.2
2023-07-06,6573.58,6619.29,6558.89,6567.08,124077268,173721970871.4
2023-07-07,6553.56,6558.11,6486.11,6521.43,123599541,164996211438.8
2023-07-10,6539.08,6556.15,6501.75,6526.85,120450936,158540731784.7
2023-07-11,6531.63,6579.37,6514.99,6579.37,119603644,163273435604.7
2023-07-12,6576.94,6576.96,6476.85,6482.99,140204471,187051032495.2
2023-07-13,6497.81,6553.6,6497.76,6548.31,135117757,180915189196.4
2023-07-14,6554.53,6571.14,6538.65,6544.46,135631971,188566810412.7
2023-07-17,6524.61,6525.19,6481.29,6516.56,126408773,169117052479.3
2023-07-18,6519.76,6537.91,6490.06,6510.03,119968653,159965850726.5
2023-07-19,6508.52,6530.54,6459.44,6492.35,109136335,141853309418.7
2023-07-20,6497.78,6512.45,6404.12,6408.76,122150962,155152822235.9
2023-07-21,6397.15,6447.3,6378.2,6401.42,113590849,138788097492.4
2023-07-24,6397.43,6437.99,6370.05,6393.79,109049465,129838947141.0
2023-07-25,6448.27,6499.42,6444.58,6498.27,147365727,173378677340.3
2023-07-26,6497.59,6497.59,6441.56,6457.25,149583522,156686884841.1
2023-07-27,6458.48,6475.83,6397.59,6407.55,144624358,153183204639.7
2023-07-28,6389.43,6471.68,6369.37,6465.38,157267532,166557072689.7
2023-07-31,6475.83,6549.75,6475.83,6515.85,183815980,200589879396.8
2023-08-01,6513.14,6521.97,6482.17,6507.41,184326464,183590037269.7
2023-08-02,6499.86,6515.07,6475.42,6496.02,168646289,171110955343.6
2023-08-03,6472.11,6502.55,6460.28,6499.54,163471395,164830188575.0
2023-08-04,6514.54,6561.74,6505.86,6535.32,194622999,205415679148.2
2023-08-07,6524.3,6532.52,6485.66,6503.98,168919412,185333349118.4
2023-08-08,6496.59,6500.9,6457.25,6471.34,142743414,154646581021.4
2023-08-09,6452.98,6464.36,6411.23,6420.98,132319467,148343587966.1
2023-08-10,6409.22,6438.43,6392.89,6426.81,131957692,134873259680.6
2023-08-11,6428.88,6428.88,6304.64,6304.64,149016729,149330410481.6
2023-08-14,6251.97,6320.95,6213.98,6319.41,138392221,145626319567.7
2023-08-15,6318.55,6325.57,6203.44,6261.73,122703107,132851531982.6
2023-08-16,6240.71,6255.81,6186.4,6186.4,124958759,132390724363.0
2023-08-17,6167.65,6255.05,6128.13,6247.6,129135238,139152590239.6
2023-08-18,6245.13,6259.79,6117.11,6117.11,139212539,139942744386.9
2023-08-21,6107.92,6154.25,6057.17,6057.17,117091696,119633708945.6
2023-08-22,6082.72,6108.21,5984.44,6099.19,144282422,153871289474.6
2023-08-23,6084.15,6084.15,5973.65,5973.67,128422382,135807067809.5
2023-08-24,5989.43,6049.55,5942.57,5987.97,134197451,146793181319.9
2023-08-25,5960.59,5980.24,5855.88,5879.03,140117108,150562437510.2
2023-08-28,6204.1,6204.1,5907.94,5922.16,210870098,213172935998.4
2023-08-29,5909.46,6121.59,5907.96,6108.76,186689576,200633240451.9
2023-08-30,6117.41,6185.27,6102.09,6139.63,167499560,194127658982.3
2023-08-31,6130.64,6130.95,6087.33,6104.3,143040409,161004803812.9
2023-09-01,6108.13,6136.78,6086.27,6107.2,124017053,138221321938.3
2023-09-04,6129.54,6198.76,6109.1,6198.76,155507281,167770708192.2
2023-09-05,6188.52,6206.35,6154.83,6167.64,141067999,162636723668.8
2023-09-06,6146.39,6202.32,6117.81,6195.38,129717664,154853582103.2
2023-09-07,6185.33,6185.33,6083.49,6083.49,132254116,150714755551.1
2023-09-08,6063.24,6128.84,6062.9,6102.49,118918279,142083251234.9
2023-09-11,6114.07,6204.43,6083.39,6182.64,144003299,172589292458.9
2023-09-12,6175.63,6212.26,6169.04,6184.61,120512253,144771928170.4
2023-09-13,6169.53,6177.38,6059.29,6103.14,125032676,137493570903.0
2023-09-14,6101.77,6102.49,6037.72,6068.71,114441844,123059669839.3
2023-09-15,6082.19,6117.82,6046.87,6079.06,124196903,137783233761.5
2023-09-18,6058.3,6106.27,6029.97,6083.97,118394457,132969980890.5
2023-09-19,6077.4,6077.4,6011.91,6031.04,112745993,121079846424.0
2023-09-20,6020.91,6038.75,5982.11,5982.56,105727974,115642454583.7
2023-09-21,5968.35,5999.4,5931.1,5939.66,99709529,107167135605.8
2023-09-22,5934.27,6056.45,5923.24,6054.93,133556772,147800973210.0
2023-09-25,6051.82,6058.47,6014.61,6027.39,129532612,146282703213.5
2023-09-26,6017.3,6034.85,5996.05,5996.11,114061563,127029193782.8
2023-09-27,5989.8,6063.91,5989.16,6034.06,121662330,141278698421.4
2023-09-28,6048.83,6085.53,6048.68,6078.94,127759256,144764775657.9
2023-10-09,6073.28,6075.46,6025.36,6059.97,136755964,151374309942.0
2023-10-10,6069.91,6084.93,6037.47,6043.48,140815312,164183443354.7
2023-10-11,6056.03,6105.42,6040.5,6059.4,143601130,169349269562.3
2023-10-12,6088.55,6106.95,6064.82,6104.46,145452824,171667913017.6
2023-10-13,6080.33,6091.54,6063.56,6081.87,144115089,174075416253.5
2023-10-16,6089.42,6089.48,5996.79,6024.36,164459217,187595023327.5
2023-10-17,6027.91,6028.02,5967.3,6011.37,139421234,158570292157.5
2023-10-18,5992.51,5992.51,5905.84,5908.01,145065153,164665612255.6
2023-10-19,5879.81,5929.58,5842.41,5842.89,155497801,169977393153.2
2023-10-20,5816.72,5855.46,5767.02,5774.32,138964349,152073198748.0
2023-10-23,5754.18,5754.25,5613.73,5638.14,145845854,156462250900.6
2023-10-24,5654.93,5734.55,5625.71,5719.32,151553066,163599460545.3
2023-10-25,5753.68,5811.27,5752.79,5778.9,163597326,178946013549.6
2023-10-26,5745.53,5817.63,5724.0,5811.69,157275832,177171582140.6
2023-10-27,5792.61,5937.54,5774.63,5916.68,172179646,201532115498.5
2023-10-30,5899.38,6017.28,5898.69,6006.56,179281052,219628050414.6
2023-10-31,6003.37,6013.73,5934.2,5969.34,165318441,196000266081.5
2023-11-01,5969.81,5983.87,5943.19,5958.42,147451128,169629133630.9
2023-11-02,5958.48,5983.22,5885.25,5885.25,140144412,159352391952.8
2023-11-03,5895.6,5992.75,5895.6,5973.17,146120206,172570856141.9
2023-11-06,6007.43,6097.04,6007.43,6096.57,186603146,215540583016.6
2023-11-07,6088.51,6132.14,6068.24,6116.76,173946707,206605084921.0
2023-11-08,6114.99,6160.24,6099.29,6138.94,183964088,224318842687.9
2023-11-09,6135.07,6160.98,6087.73,6100.69,162244319,197856013542.6
2023-11-10,6079.47,6097.61,6055.99,6088.56,141567605,169645048925.2
2023-11-13,6107.27,6144.63,6095.27,6144.63,150359606,185937464876.6
2023-11-14,6143.48,6189.5,6133.22,6181.98,160172363,195770027635.7
2023-11-15,6226.2,6234.54,6184.9,6207.27,167613188,214464439439.3
2023-11-16,6188.83,6193.64,6143.82,6145.15,143682116,180547587296.0
2023-11-17,6135.83,6199.23,6131.67,6199.23,145989658,178812142666.7
2023-11-20,6211.34,6254.14,6184.64,6253.28,160246271,200298798170.4
2023-11-21,6258.74,6267.22,6200.69,6212.13,176150665,211256978811.5
2023-11-22,6193.36,6221.87,6132.97,6132.97,171183163,191793674607.7
2023-11-23,6123.59,6199.88,6107.0,6197.53,152107183,169982693460.0
2023-11-24,6194.02,6194.02,6098.96,6115.41,149815992,166155059738.9
2023-11-27,6107.56,6130.4,6076.71,6111.36,154433077,169812162709.9
2023-11-28,6099.51,6143.3,6065.69,6143.3,128368133,147277411213.9
2023-11-29,6138.76,6154.9,6103.98,6113.37,135643952,150365714312.9
2023-11-30,6104.77,6110.41,6031.48,6080.55,131032999,148669808037.8
2023-12-01,6078.64,6142.74,6059.8,6130.05,145352744,166337102381.5
2023-12-04,6131.59,6147.05,6110.25,6114.39,153414365,177072943576.5
2023-12-05,6098.12,6098.12,5992.6,5992.6,142775427,162512340061.1
2023-12-06,5977.61,6066.42,5970.28,6023.8,144320624,153827863997.4
2023-12-07,6019.96,6044.86,5983.25,6020.83,148536627,166906747990.9
2023-12-08,6021.92,6056.06,6003.14,6003.14,167971282,194131627853.1
2023-12-11,5984.68,6080.8,5933.74,6075.08,159843436,181217092726.1
2023-12-12,6070.88,6084.28,6050.73,6078.99,129712088,152793036408.5
2023-12-13,6067.78,6076.36,6019.55,6019.55,122547150,143748119086.9
2023-12-14,6038.92,6072.61,5989.23,5991.86,120199382,138756005777.9
2023-12-15,6000.26,6016.4,5935.32,5951.6,123710100,138326703914.6
2023-12-18,5939.43,5941.9,5845.96,5857.01,125259423,130966305876.3
2023-12-19,5853.19,5887.77,5820.51,5863.54,111682675,116256467570.0
2023-12-20,5869.56,5873.76,5761.31,5761.31,111630053,120601845450.7
2023-12-21,5739.02,5814.04,5685.64,5798.91,124949100,134047868867.1
2023-12-22,5797.61,5819.65,5713.8,5733.91,141167085,147745244442.0
2023-12-25,5726.56,5753.43,5698.32,5735.73,109638963,116368993151.3
2023-12-26,5734.15,5734.56,5632.87,5651.59,104063276,112250605152.7
2023-12-27,5658.19,5703.17,5636.94,5696.16,108265354,115290789797.9
2023-12-28,5687.75,5824.4,5660.13,5805.53,144134383,155833384642.4
2023-12-29,5797.58,5891.63,5795.76,5887.24,134690778,152875806702.9
2024-01-02,5891.17,5891.23,5854.59,5854.75,128377670,141351641579.1
2024-01-03,5838.55,5861.41,5785.25,5824.04,119248925,131179260680.9
2024-01-04,5814.94,5814.94,5753.47,5783.02,102952534,112642946169.6
2024-01-05,5779.76,5796.76,5652.13,5675.81,119205197,126682946916.8
2024-01-08,5664.45,5664.45,5543.57,5543.57,110512726,112633892924.6
2024-01-09,5553.18,5607.22,5513.13,5553.3,110223223,114678407169.2
2024-01-10,5540.66,5580.42,5462.36,5512.07,106499446,108158125143.0
2024-01-11,5507.8,5634.02,5502.29,5611.11,124717749,123635425166.1
2024-01-12,5601.1,5646.27,5574.41,5574.49,121066881,118289969742.1
2024-01-15,5558.15,5607.13,5520.36,5559.38,108667184,107428092792.8
2024-01-16,5555.0,5566.21,5463.29,5539.47,116803108,113669505608.7
2024-01-17,5529.89,5529.89,5389.12,5389.12,104037354,104138700026.9
2024-01-18,5360.21,5375.23,5214.9,5373.42,148711036,142966452446.5
2024-01-19,5364.81,5395.14,5304.96,5306.99,106431086,109174686371.9
2024-01-22,5298.31,5298.31,4970.2,5000.83,144252512,139600818351.0
2024-01-23,4992.79,5102.44,4939.52,5079.63,130288241,124162903226.6
2024-01-24,5102.82,5151.42,4951.9,5143.41,143326441,135222048613.6
2024-01-25,5143.29,5316.26,5112.54,5316.2,163144917,158319218894.5
2024-01-26,5303.96,5352.85,5253.32,5269.76,155415661,150031258107.2
2024-01-29,5282.82,5301.87,5131.25,5131.25,150000892,141294666661.0
2024-01-30,5099.59,5144.29,4978.91,4984.66,125015069,117586947100.2
2024-01-31,4949.19,4986.1,4775.62,4785.03,158237155,139299752958.0
2024-02-01,4753.64,4858.72,4684.47,4750.44,147115516,129099528518.5
2024-02-02,4753.67,4802.62,4431.82,4574.67,176885435,150000797614.0
2024-02-05,4534.75,4534.75,4177.94,4293.07,211274330,166206907857.5
2024-02-06,4229.79,4641.45,4192.97,4592.44,210187410,169330958130.7
2024-02-07,4604.12,4848.24,4599.35,4797.85,216213317,188713236491.8
2024-02-08,4826.14,5067.23,4826.14,4993.1,217620059,192261800168.9
2024-02-19,5062.68,5071.2,4950.33,5029.59,203870996,185885021627.3
2024-02-20,5004.42,5058.22,4950.39,5046.01,154344285,151079011056.7
2024-02-21,5001.66,5208.65,4974.08,5073.48,193280527,178053450105.2
2024-02-22,5075.43,5152.02,5066.0,5151.53,153064295,146838694830.7
2024-02-23,5169.01,5225.67,5114.15,5225.67,171213693,167541135856.9
2024-02-26,5234.81,5325.77,5201.13,5255.4,184471643,180222595495.4
2024-02-27,5237.11,5394.03,5218.59,5394.03,182622372,183476438078.7
2024-02-28,5403.5,5478.09,5152.05,5152.05,260742382,251859520937.9
2024-02-29,5122.18,5344.61,5122.18,5344.61,188036238,185219961181.5
2024-03-01,5354.73,5411.32,5322.09,5401.94,184436487,196339349955.4
2024-03-04,5412.91,5429.8,5332.24,5428.34,179308205,199765408572.6
2024-03-05,5392.88,5417.82,5337.67,5375.13,174166911,196428311575.6
2024-03-06,5346.08,5434.4,5306.46,5381.46,154684371,164978930227.7
2024-03-07,5389.99,5430.39,5303.28,5303.28,161023860,167524667896.0
2024-03-08,5309.59,5386.18,5283.15,5370.37,139130895,147532325483.8
2024-03-11,5358.84,5466.65,5350.29,5466.65,164133442,175152725407.5
2024-03-12,5477.13,5524.5,5443.96,5496.36,183984140,198909272334.7
2024-03-13,5501.59,5561.08,5476.79,5521.78,181270807,200355388366.4
2024-03-14,5521.72,5546.1,5433.21,5486.65,168948172,184410019586.7
2024-03-15,5472.89,5555.64,5459.32,5555.64,161095841,171573287270.1
2024-03-18,5573.93,5648.01,5559.05,5648.01,193419517,212069710000.3
2024-03-19,5633.5,5660.5,5607.26,5607.48,181118096,202358294570.7
2024-03-20,5600.12,5663.74,5600.12,5659.15,179307654,199862431481.6
2024-03-21,5674.5,5690.45,5623.3,5658.28,194332946,215621373720.6
2024-03-22,5649.08,5660.15,5546.78,5595.88,210254327,226506007179.6
2024-03-25,5581.35,5611.69,5466.06,5466.06,204705382,224613418949.1
2024-03-26,5454.65,5495.63,5381.85,5447.75,183180684,197261354305.9
2024-03-27,5435.97,5436.65,5266.23,5266.23,179173504,183978555512.1
2024-03-28,5262.22,5430.77,5262.22,5382.24,178598735,187597295821.2
2024-03-29,5383.74,5441.26,5345.87,5441.26,168653431,177336825495.7
2024-04-01,5461.59,5559.87,5461.59,5559.06,191025707,202413394132.8
2024-04-02,5556.52,5556.52,5490.82,5531.05,196097459,201831299209.6
2024-04-03,5518.91,5525.03,5457.61,5500.93,186291066,191730116467.6
2024-04-08,5487.63,5492.4,5399.91,5399.91,186573359,186731192201.4
2024-04-09,5392.99,5468.91,5384.03,5468.91,159201159,160292707953.5
2024-04-10,5456.97,5456.97,5325.91,5367.05,167459493,164477827457.1
2024-04-11,5330.68,5441.5,5322.84,5379.92,165143700,162747758509.6
2024-04-12,5379.17,5408.52,5330.54,5338.77,157174522,155385863393.2
2024-04-15,5320.81,5364.59,5205.71,5287.51,201711028,188383366155.5
2024-04-16,5255.21,5283.83,5063.94,5066.66,207171940,188123371675.1
2024-04-17,5109.08,5287.46,5109.08,5287.46,190079395,181206086976.7
2024-04-18,5276.47,5345.44,5233.9,5286.72,188225058,187626267250.1
2024-04-19,5257.01,5312.15,5224.32,5264.39,178870211,176532930688.6
2024-04-22,5231.56,5300.79,5187.52,5246.08,167762229,165970259919.5
2024-04-23,5234.43,5260.29,5194.26,5218.43,156851394,154949436774.9
2024-04-24,5219.26,5305.61,5200.6,5305.61,162666749,165940790840.9
2024-04-25,5285.14,5357.44,5273.55,5313.99,157831248,164090144070.8
2024-04-26,5303.15,5420.37,5303.15,5415.94,210886927,219583789153.5
2024-04-29,5422.41,5550.21,5422.41,5545.23,241439744,247411968960.4
2024-04-30,5530.94,5542.19,5482.99,5497.43,204909743,205851328015.8
2024-05-06,5558.92,5611.27,5558.92,5606.84,205174028,213462084934.0
2024-05-07,5604.27,5631.95,5593.01,5625.34,185622540,197355483310.2
2024-05-08,5605.59,5605.59,5529.91,5536.66,175730988,186180909949.6
2024-05-09,5533.51,5638.64,5533.51,5626.83,172678261,186969311191.0
2024-05-10,5632.76,5641.92,5549.61,5574.23,188377044,190161522864.5
2024-05-13,5537.93,5556.71,5479.95,5520.8,180308639,183109444689.9
2024-05-14,5524.43,5574.25,5524.26,5551.68,169585067,171272800583.8
2024-05-15,5541.81,5551.26,5491.52,5497.23,163304598,157739697587.4
2024-05-16,5508.95,5539.92,5474.28,5488.95,169798002,163725528727.5
2024-05-17,5489.42,5564.06,5478.3,5563.23,182873081,174923884707.1
2024-05-20,5563.65,5612.35,5548.9,5596.78,197476441,194649563347.6
2024-05-21,5586.01,5586.01,5517.39,5536.74,172959880,164385097291.6
2024-05-22,5532.84,5553.7,5508.76,5539.66,168002993,159617620663.6
2024-05-23,5521.18,5521.18,5402.0,5412.82,175806710,165079443510.7
2024-05-24,5401.58,5436.81,5350.11,5350.11,151050114,144589510290.4
2024-05-27,5358.08,5404.62,5295.09,5404.62,151409114,145062270806.0
2024-05-28,5390.4,5414.98,5343.83,5348.03,148458050,142242447962.1
2024-05-29,5336.7,5386.78,5324.69,5351.25,142698663,131551463739.0
2024-05-30,5334.8,5371.81,5311.44,5334.3,141323171,133560052962.3
2024-05-31,5334.1,5381.72,5334.1,5355.21,136735137,133719611673.3
2024-06-03,5350.64,5351.25,5246.17,5284.62,163388152,156847760734.7
2024-06-04,5267.36,5319.71,5229.68,5313.71,145127777,138133314033.1
2024-06-05,5294.3,5330.8,5244.09,5244.09,132143504,129081217483.1
2024-06-06,5249.95,5275.89,5113.21,5130.87,169793255,159189463760.4
2024-06-07,5159.17,5190.0,5096.08,5153.59,130320202,127151511671.8
2024-06-11,5132.22,5208.18,5086.86,5198.92,128533904,130922333475.1
2024-06-12,5188.36,5231.47,5186.61,5216.46,121650752,125294312043.5
2024-06-13,5214.41,5219.71,5170.17,5180.24,131172507,138017519920.1
2024-06-14,5164.87,5190.71,5138.36,5180.65,139132978,147939037918.9
2024-06-17,5158.98,5211.39,5151.28,5183.97,124616372,140185484941.9
2024-06-18,5183.27,5237.82,5177.28,5227.25,135460663,139816865554.0
2024-06-19,5230.49,5241.97,5159.99,5159.99,125806229,137697257826.4
2024-06-20,5150.8,5174.87,5052.89,5056.14,141500845,145161795219.6
2024-06-21,5040.63,5090.57,5014.48,5055.33,111201689,113314006072.6
2024-06-24,5025.52,5029.73,4884.5,4887.78,128915163,133643136633.0
2024-06-25,4885.89,4907.96,4814.68,4847.61,112593300,116321034874.9
2024-06-26,4842.0,4988.31,4812.1,4986.38,138027529,125780748745.5
2024-06-27,4964.66,4969.09,4862.63,4864.09,121642911,114644913464.2
2024-06-28,4855.35,4968.27,4851.84,4895.99,134567796,129940344766.5
2024-07-01,4894.56,4954.18,4839.75,4940.25,129219325,123312519185.0
2024-07-02,4940.7,4951.2,4886.7,4905.65,118827986,116969050568.0
2024-07-03,4900.67,4906.51,4857.78,4867.13,102300301,103816042643.4
2024-07-04,4868.55,4883.74,4745.91,4761.87,121202257,107066707375.0
2024-07-05,4753.73,4828.84,4711.87,4810.79,110602467,100918951124.1
2024-07-08,4801.49,4801.49,4679.28,4693.96,123548775,109218205975.5
2024-07-09,4689.27,4810.32,4645.2,4797.06,148511187,139660896310.1
2024-07-10,4783.17,4829.21,4768.12,4777.68,138401543,133173779703.4
2024-07-11,4846.11,4896.15,4821.41,4893.59,153190469,152871133831.3
2024-07-12,4884.41,4897.17,4858.3,4878.02,130854179,126357791679.3
2024-07-15,4869.0,4869.0,4815.41,4827.6,126413017,116891290149.3
2024-07-16,4815.74,4845.35,4786.21,4836.72,120891502,119708973121.0
2024-07-17,4834.44,4842.72,4786.35,4795.62,120425116,121445754615.7
2024-07-18,4763.3,4822.62,4714.6,4812.43,121727781,126287644105.4
2024-07-19,4788.77,4854.71,4778.71,4821.42,112647955,120485073177.8
2024-07-22,4822.64,4848.31,4798.12,4826.87,110732121,117656274044.7
2024-07-23,4825.75,4825.75,4694.95,4694.95,120495201,121481765801.7
2024-07-24,4682.06,4713.07,4625.42,4631.01,121091980,118860085094.9
2024-07-25,4602.63,4678.66,4587.71,4632.57,108530458,105862951893.2
2024-07-26,4638.31,4710.57,4638.31,4702.08,110691033,108478164451.4
2024-07-29,4707.28,4707.28,4670.8,4685.65,109319605,108822855999.8
2024-07-30,4674.92,4716.21,4637.41,4702.49,112315594,112127735536.1
2024-07-31,4698.73,4889.77,4690.0,4889.08,173761942,168965970522.2
2024-08-01,4894.81,4933.06,4850.63,4878.29,146421421,150211396562.7
2024-08-02,4844.78,4902.94,4802.02,4809.89,137989767,141716564224.7
2024-08-05,4776.18,4854.59,4678.74,4678.78,152847485,147489789943.2
2024-08-06,4731.2,4766.27,4695.64,4749.95,127097641,119128621767.9
2024-08-07,4741.65,4772.21,4715.53,4743.41,112619284,108823999546.0
2024-08-08,4728.33,4776.49,4677.43,4739.49,126746572,118155007291.9
2024-08-09,4760.13,4789.17,4702.75,4702.75,115665338,101903629129.5
2024-08-12,4696.36,4707.22,4657.33,4674.1,107665245,93579528556.9
2024-08-13,4671.2,4698.34,4642.67,4697.59,100207248,89086385467.7
2024-08-14,4698.0,4698.15,4649.28,4649.28,99911373,88773228421.6
2024-08-15,4639.08,4743.73,4620.56,4691.85,129900650,111783008443.3
2024-08-16,4696.72,4703.03,4654.46,4655.65,122612541,108413620564.2
2024-08-19,4651.3,4714.06,4644.6,4663.61,119942244,104904645645.9
2024-08-20,4663.78,4665.63,4563.86,4579.3,129979655,107871967949.6
2024-08-21,4564.38,4590.2,4543.88,4548.26,108164315,92275965567.0
2024-08-22,4549.3,4562.98,4484.56,4491.84,113469330,97994054397.8
2024-08-23,4482.65,4510.6,4462.76,4495.34,110254720,94849186101.1
2024-08-26,4492.71,4531.17,4476.24,4512.89,112271843,97519324794.1
2024-08-27,4500.74,4501.08,4449.21,4459.68,113939520,100126840568.5
2024-08-28,4449.71,4506.31,4437.52,4470.55,107903177,92367714620.6
2024-08-29,4453.43,4558.95,4443.9,4542.46,129788753,118136327341.6
2024-08-30,4539.93,4691.01,4534.04,4629.32,177838616,163027974058.4
2024-09-02,4627.18,4635.77,4529.83,4532.51,155927274,139933704119.0
2024-09-03,4529.94,4598.63,4529.94,4572.4,128952462,116579546737.0
2024-09-04,4542.9,4594.44,4529.34,4550.77,122871657,113470304817.7
2024-09-05,4554.52,4614.75,4554.52,4586.78,121209194,108293303464.3
2024-09-06,4588.93,4595.7,4506.39,4508.23,127217733,115580272235.0
2024-09-09,4490.99,4523.37,4459.13,4475.53,113284927,100227926910.6
2024-09-10,4481.49,4507.15,4400.78,4487.58,132351585,114554770062.8
2024-09-11,4469.01,4500.68,4453.2,4486.01,113953972,101974619541.4
2024-09-12,4490.52,4542.28,4468.74,4468.74,118731187,106135757549.8
2024-09-13,4471.98,4478.22,4413.19,4413.19,116827287,102975444046.2
2024-09-18,4413.9,4425.79,4342.21,4399.13,113552078,94168113827.8
2024-09-19,4418.78,4527.61,4385.49,4482.27,145747160,122312275719.1
2024-09-20,4484.18,4487.08,4428.17,4463.36,127480177,110050423361.6
2024-09-23,4462.72,4513.97,4445.99,4469.13,124945066,113678187174.8
2024-09-24,4489.49,4642.56,4466.34,4642.56,215782531,186154173396.1
2024-09-25,4688.39,4799.86,4681.85,4686.26,264240731,228396448070.1
2024-09-26,4675.94,4874.13,4672.87,4874.13,253977829,222158651466.9
2024-09-27,4950.94,5164.54,4944.84,5136.44,290681694,277755801270.4
2024-09-30,5375.57,5732.57,5307.55,5708.83,471432852,484582504080.6
2024-10-08,6437.11,6437.11,5861.32,6201.99,550590792,637520550865.1
2024-10-09,6052.67,6105.03,5706.05,5727.38,458094212,561178624981.7
2024-10-10,5777.9,5881.33,5593.98,5654.53,349628012,422832925090.9
2024-10-11,5610.95,5616.81,5349.32,5416.76,279992646,325513950176.7
2024-10-14,5451.62,5620.42,5346.42,5615.76,281144405,332914366924.4
2024-10-15,5585.69,5704.56,5505.81,5507.18,297517095,380974458307.9
2024-10-16,5425.43,5598.84,5424.39,5524.25,248520319,306601622534.3
2024-10-17,5563.46,5624.79,5504.49,5505.61,276397486,351913540301.8
2024-10-18,5495.2,5880.9,5484.24,5749.43,359719039,468006517576.1
2024-10-21,5797.0,5954.44,5767.79,5860.57,355061095,496180057607.1
2024-10-22,5866.79,5940.37,5814.3,5888.81,347298628,466594853550.6
2024-10-23,5871.32,5991.59,5856.37,5903.58,333753772,435103067665.1
2024-10-24,5871.29,5887.45,5817.93,5861.63,264149476,352283289320.8
2024-10-25,5876.44,6014.11,5876.21,5974.91,306820665,394949027910.6
2024-10-28,5988.72,6082.09,5965.0,6082.09,326722938,408798512149.4
2024-10-29,6106.19,6113.64,5982.53,5983.84,369325299,475114148305.5
2024-10-30,5960.79,6043.59,5945.68,6019.35,324380186,416947148542.4
2024-10-31,6041.01,6161.56,6004.71,6116.66,386119485,507595177939.2
2024-11-01,6100.79,6125.41,5912.53,5930.23,409338276,511368123627.1
2024-11-04,5912.31,6053.11,5912.31,6053.11,295637147,378246863909.9
2024-11-05,6057.21,6279.92,6051.46,6266.54,390142531,511248826464.4
2024-11-06,6287.29,6368.87,6247.15,6293.19,424250101,551410098216.1
2024-11-07,6238.62,6403.92,6229.49,6403.92,408571652,498495772935.5
2024-11-08,6470.07,6526.65,6400.09,6423.12,451796308,570702092921.5
2024-11-11,6416.17,6580.57,6412.58,6579.01,402436255,551137709952.7
2024-11-12,6593.82,6616.16,6429.35,6491.97,400715244,547396142339.8
2024-11-13,6453.86,6512.6,6357.56,6474.39,317485928,420386937348.9
2024-11-14,6462.01,6472.95,6263.31,6272.19,294794718,387867737326.2
2024-11-15,6246.34,6331.87,6124.66,6125.51,295191634,383424106208.7
2024-11-18,6154.51,6180.88,5937.09,5974.56,322672608,374007994760.5
2024-11-19,5977.84,6130.5,5945.46,6130.28,273167526,327924260763.4
2024-11-20,6116.96,6262.08,6105.22,6250.8,299975821,367521344350.3
2024-11-21,6241.01,6292.86,6199.71,6262.16,299655111,380712417744.1
2024-11-22,6240.09,6280.6,6030.37,6030.49,342129117,415874882244.1
2024-11-25,6047.94,6076.19,5937.91,6052.13,277646776,336016461450.6
2024-11-26,6036.64,6093.37,5979.39,5981.57,244404112,293810759318.9
2024-11-27,5942.53,6119.01,5857.0,6118.66,290946267,337553542213.3
2024-11-28,6121.68,6170.13,6077.6,6086.09,301235560,352731886172.7
2024-11-29,6066.71,6246.2,6039.83,6189.13,324762691,387695670289.7
2024-12-02,6188.8,6325.86,6188.8,6313.61,354028066,408649278002.3
2024-12-03,6318.97,6342.36,6239.44,6303.28,326652363,377825590965.0
2024-12-04,6301.05,6303.5,6175.84,6204.94,299202098,351416845597.9
2024-12-05,6186.12,6302.36,6186.12,6285.6,288535617,340682850434.6
2024-12-06,6291.3,6384.66,6229.21,6349.62,349030963,392887681462.0
2024-12-09,6346.59,6371.1,6257.54,6303.27,293773287,336347274096.1
2024-12-10,6493.54,6497.89,6352.76,6362.02,374209206,453736859984.8
2024-12-11,6343.78,6454.97,6343.78,6447.37,331351956,392600350436.2
2024-12-12,6454.94,6493.71,6390.59,6490.15,342326053,407629783932.5
2024-12-13,6447.2,6460.94,6351.3,6354.99,361985513,430631043518.9
2024-12-16,6355.63,6367.81,6248.16,6277.52,310215173,379382275677.1
2024-12-17,6262.49,6269.14,6133.13,6143.94,274793959,325036282699.4
2024-12-18,6156.69,6242.52,6121.05,6195.87,248024122,310421477631.8
2024-12-19,6127.22,6223.8,6108.39,6207.19,251487924,320880949172.3
2024-12-20,6195.64,6320.96,6191.08,6271.75,243659085,344655611869.7
2024-12-23,6271.76,6276.97,6086.91,6096.38,258474975,333062018484.7
2024-12-24,6110.77,6165.2,6066.23,6164.36,216010918,281310588166.2
2024-12-25,6158.65,6159.6,6037.74,6094.69,219027032,274581369547.3
2024-12-26,6083.89,6185.81,6083.89,6160.45,206916739,280812700394.6
2024-12-27,6164.67,6250.2,6135.48,6171.57,237841554,313072970915.2
2024-12-30,6164.91,6192.58,6097.1,6145.93,207712448,273573030015.3
2024-12-31,6151.03,6160.73,5957.72,5957.72,237990032,296970407968.7
2025-01-02,5948.68,5982.55,5743.18,5797.09,244125606,293717954949.8
2025-01-03,5808.54,5826.08,5609.77,5625.21,237093211,272348061516.5
2025-01-06,5614.03,5688.92,5561.9,5608.03,203047676,234876628472.7
2025-01-07,5610.95,5694.0,5580.89,5692.04,193912450,234287089801.0
2025-01-08,5664.31,5706.66,5501.49,5661.78,225800830,272083991656.3
2025-01-09,5629.9,5714.46,5629.82,5672.78,193320421,248219962749.3
2025-01-10,5662.77,5718.21,5544.92,5544.92,198014877,242988533222.6
2025-01-13,5487.12,5599.33,5457.51,5559.47,169309190,201644040965.3
2025-01-14,5580.88,5814.71,5562.18,5811.05,235772869,291062201266.9
2025-01-15,5805.9,5815.15,5755.62,5775.57,204290325,258108817510.5
2025-01-16,5810.05,5906.47,5753.76,5801.31,216373239,268024992527.5
2025-01-17,5780.61,5885.42,5755.91,5841.57,196817967,252875263541.6
2025-01-20,5877.97,5925.07,5856.83,5879.15,198430783,250732032833.4
2025-01-21,5911.4,5917.13,5834.96,5908.02,199127834,273060411933.6
2025-01-22,5879.84,5886.74,5824.03,5855.74,180296760,245947705315.3
2025-01-23,5911.22,5991.85,5829.03,5829.03,222855753,296684961437.9
2025-01-24,5815.46,5943.11,5815.46,5938.13,208090445,279147952363.8
2025-01-27,5946.73,5964.15,5846.07,5846.07,188646200,253588513600.5
2025-02-05,5900.51,5928.88,5851.6,5881.44,212005310,286305599979.0
2025-02-06,5869.71,6042.02,5853.75,6041.83,255998511,361378399220.7
2025-02-07,6046.36,6198.75,6042.26,6134.05,323952835,447048589278.1
2025-02-10,6155.05,6218.07,6126.08,6210.55,297825932,407767222307.3
2025-02-11,6209.52,6220.96,6135.87,6190.17,288271576,393173431222.1
2025-02-12,6172.39,6284.92,6171.06,6284.61,281342765,392322251370.8
2025-02-13,6290.79,6290.79,6202.59,6212.5,312984935,437899818480.6
2025-02-14,6203.48,6257.31,6182.26,6248.83,298005849,411860060509.2
2025-02-17,6285.04,6308.48,6231.87,6281.57,323734337,458304251930.7
2025-02-18,6264.28,6282.4,6112.59,6142.14,300159330,417068621357.9
2025-02-19,6134.99,6290.01,6133.94,6288.53,272920114,405139537119.4
2025-02-20,6289.13,6349.47,6274.03,6334.41,288110198,424704883960.3
2025-02-21,6347.67,6456.92,6317.09,6449.23,327263771,503581232097.6
2025-02-24,6454.56,6504.4,6411.77,6464.02,318461161,492113846711.4
2025-02-25,6369.28,6503.01,6359.84,6435.43,295366372,464348021187.8
2025-02-26,6451.4,6527.85,6423.6,6524.41,303176413,463990773161.6
2025-02-27,6526.81,6550.1,6395.91,6499.53,311964101,475356399878.8
2025-02-28,6460.9,6468.8,6252.01,6270.42,295559675,433909057524.6
2025-03-03,6291.05,6382.05,6240.57,6273.67,266945412,388839572584.0
2025-03-04,6218.83,6364.12,6217.81,6357.63,229548486,347694980443.6
2025-03-05,6365.43,6401.83,6318.29,6398.24,238961847,359566648067.3
2025-03-06,6438.16,6548.85,6435.54,6534.97,300554770,464779819147.6
2025-03-07,6512.73,6577.95,6465.26,6507.76,308888807,463226928282.7
2025-03-10,6519.03,6541.59,6466.9,6520.97,256522113,374384335127.9
2025-03-11,6438.24,6551.73,6432.76,6551.73,252455216,366244090084.3
2025-03-12,6585.6,6632.39,6564.72,6566.97,281705576,416300253927.5
2025-03-13,6558.42,6570.89,6405.73,6466.85,266825677,384618292918.1
2025-03-14,6463.92,6575.82,6428.22,6571.17,276329994,384170674116.1
2025-03-17,6585.82,6609.89,6557.63,6589.57,252080841,353560411350.9
2025-03-18,6605.04,6642.86,6581.96,6611.93,234726563,344774184042.9
2025-03-19,6590.56,6598.51,6536.72,6564.68,219662999,319556371524.7
2025-03-20,6551.82,6596.27,6528.86,6535.06,231907477,316002108435.2
2025-03-21,6507.95,6531.76,6389.62,6405.61,256205335,330125305370.5
2025-03-24,6403.57,6412.52,6244.87,6360.34,257684583,320142693524.4
2025-03-25,6355.81,6382.19,6289.12,6310.76,231663781,281993855607.2
2025-03-26,6297.33,6371.1,6297.33,6334.91,206679513,248639805634.0
2025-03-27,6315.1,6394.21,6254.89,6328.77,198894704,256610200493.7
2025-03-28,6326.81,6356.8,6261.69,6268.32,196553528,246785917264.6
2025-03-31,6229.56,6259.36,6143.65,6226.65,207382027,267799428240.2
2025-04-01,6242.07,6300.67,6240.2,6259.48,182332217,241767488058.7
2025-04-02,6252.63,6316.64,6251.85,6277.25,159266425,208427533565.5
2025-04-03,6208.29,6299.16,6168.54,6203.26,183699630,238273426167.9
2025-04-07,5811.54,5905.57,5437.45,5496.44,277214829,311471174814.6
2025-04-08,5475.56,5632.64,5426.03,5530.02,309701516,342259642935.2
2025-04-09,5439.18,5688.48,5224.97,5652.33,305724039,342055474010.9
2025-04-10,5766.51,5883.46,5766.41,5784.59,274161849,329964030633.8
2025-04-11,5744.8,5923.14,5743.08,5862.19,222139162,288233391742.4
2025-04-14,5933.99,5979.9,5914.25,5938.53,216581141,272673485153.7
2025-04-15,5938.57,5949.86,5872.29,5914.03,183047848,225752074311.1
2025-04-16,5897.2,5903.12,5758.67,5835.35,190423901,229430157870.7
2025-04-17,5802.29,5898.18,5801.12,5839.56,173196708,212948447362.0
2025-04-18,5833.11,5855.69,5793.79,5831.69,164444603,190723835634.6
2025-04-21,5826.62,5952.72,5802.83,5952.64,192711500,228800249697.6
2025-04-22,5947.15,5974.32,5923.59,5949.31,206457074,246793931978.7
2025-04-23,5971.47,6013.28,5954.03,5984.58,218196156,274309975849.2
2025-04-24,5979.41,5984.37,5897.65,5920.48,199796564,237867471237.9
2025-04-25,5927.32,5982.71,5901.08,5939.5,198087660,234799469589.1
2025-04-28,5933.42,5939.96,5868.87,5877.06,194950891,221937583618.8
2025-04-29,5850.83,5921.56,5836.03,5903.38,186023394,219411784620.6
2025-04-30,5907.19,5972.66,5907.19,5950.12,195458998,241759324240.8
2025-05-06,5993.33,6102.92,5993.33,6102.92,220209623,283658443311.4
2025-05-07,6171.61,6195.14,6063.64,6111.49,233922951,296522333566.7
2025-05-08,6093.56,6167.15,6087.37,6158.08,203915826,262739570040.5
2025-05-09,6153.53,6153.53,6054.93,6082.08,189221287,242809574289.1
2025-05-12,6122.67,6167.46,6110.02,6167.46,196847210,264308289588.1
2025-05-13,6219.45,6220.44,6141.68,6151.01,203274217,263462633901.3
2025-05-14,6144.25,6199.3,6111.11,6160.37,211559083,252514241033.7
2025-05-15,6146.0,6146.0,6055.84,6057.04,190523814,224907797793.3
2025-05-16,6042.22,6098.88,6042.22,6068.12,176394759,206157492557.6
2025-05-19,6073.2,6100.8,6009.95,6095.34,184712990,214012637258.1
2025-05-20,6097.36,6154.95,6078.22,6146.02,192957294,232587241742.7
2025-05-21,6137.1,6141.73,6109.92,6132.18,196550842,234419144815.4
2025-05-22,6113.21,6146.2,6062.59,6066.1,186395737,220813672515.2
2025-05-23,6060.52,6099.23,5989.68,5989.68,184923774,224806210853.6
2025-05-26,5991.86,6038.81,5981.84,6028.79,155988794,191925536268.6
2025-05-27,6019.54,6023.14,5971.35,6008.46,157945758,193605916886.1
2025-05-28,6006.89,6023.82,5972.18,5984.46,159105494,191732662667.6
2025-05-29,5980.86,6091.96,5980.86,6089.58,189376466,232575959070.1
2025-05-30,6075.45,6075.45,6016.89,6026.56,186918671,228038836605.5
2025-06-03,6009.18,6086.62,6008.54,6070.04,191764672,234296502252.4
2025-06-04,6067.83,6124.7,6067.83,6123.17,186955850,232039996402.2
2025-06-05,6125.89,6174.85,6101.85,6167.01,206077919,273238606861.7
2025-06-06,6164.41,6169.57,6137.57,6152.84,178339582,240362538720.1
2025-06-09,6161.14,6226.38,6158.9,6218.96,193283632,255785048702.1
2025-06-10,6220.04,6220.04,6098.09,6161.69,220060485,277218151000.2
2025-06-11,6162.16,6221.2,6162.16,6186.51,197643580,243671184607.8
2025-06-12,6171.56,6202.73,6151.04,6192.22,197018749,250824401493.7
2025-06-13,6174.43,6183.71,6088.57,6106.01,236889547,298969326947.8
2025-06-16,6089.96,6151.51,6089.96,6147.46,197310933,253087825584.3
2025-06-17,6153.15,6171.17,6120.57,6141.47,208427280,260873532301.4
2025-06-18,6126.18,6143.21,6086.69,6135.39,204105755,256463608433.8
2025-06-19,6127.94,6146.64,6028.72,6048.22,212217336,270827079699.4
2025-06-20,6039.99,6061.84,5997.59,5999.59,180857342,226531986434.8
2025-06-23,5966.5,6083.53,5965.66,6078.22,193558490,239995084576.3
2025-06-24,6082.74,6194.67,6082.74,6194.67,233453403,303658275673.7
2025-06-25,6196.15,6282.11,6194.15,6276.16,247556325,334997601175.6
2025-06-26,6272.44,6310.54,6244.78,6247.79,254246495,343746329448.1
2025-06-27,6265.92,6319.16,6257.59,6276.94,248563352,330455014092.6
2025-06-30,6297.08,6358.03,6292.51,6356.18,237322973,336221160415.2
2025-07-01,6358.06,6373.77,6308.06,6373.77,243537330,334302458347.3
2025-07-02,6358.87,6358.87,6285.0,6309.48,238580903,296643998872.1
2025-07-03,6306.75,6349.14,6295.23,6342.64,213980765,270492479384.7
2025-07-04,6338.56,6375.07,6292.14,6312.2,238133210,304676921480.6
2025-07-07,6305.04,6333.51,6303.86,6327.14,210477361,264834579254.8
2025-07-08,6321.55,6408.11,6318.52,6407.7,235125583,306816858617.1
2025-07-09,6412.14,6431.09,6375.08,6390.47,236175589,303195813288.7
2025-07-10,6385.21,6427.74,6367.66,6406.57,240183380,296726316907.6
2025-07-11,6411.31,6487.44,6388.4,6461.1,282561283,352065982159.2
2025-07-14,6465.51,6474.93,6443.56,6462.31,242057801,302637448818.8
2025-07-15,6452.0,6472.53,6381.56,6442.83,269869411,347377816360.1
2025-07-16,6440.52,6487.83,6433.51,6462.06,220230024,306082808216.7
2025-07-17,6458.41,6535.67,6451.15,6535.67,227831646,325983691186.5
2025-07-18,6546.36,6563.82,6521.5,6552.07,234461713,330217284922.4
2025-07-21,6557.25,6614.61,6555.04,6612.26,276591552,359907688649.3
2025-07-22,6607.83,6642.24,6597.05,6637.1,301659994,395915308553.6
2025-07-23,6634.12,6667.86,6594.48,6607.22,294109275,378330158758.8
2025-07-24,6602.17,6701.12,6602.17,6701.12,285418219,374405610913.0
2025-07-25,6708.08,6716.7,6674.54,6706.61,264004798,363139664173.9
2025-07-28,6713.82,6736.08,6679.21,6729.98,252742904,359575849641.3
2025-07-29,6724.32,6773.88,6684.16,6773.88,259261236,383703631543.7
2025-07-30,6758.33,6770.88,6662.91,6718.48,268179559,392675091205.8
2025-07-31,6701.16,6750.08,6639.12,6661.19,270138677,401821827245.2
2025-08-01,6665.64,6702.68,6625.93,6670.47,232484670,349070970147.4
2025-08-04,6637.84,6739.73,6631.12,6739.69,213491525,329554815219.1
2025-08-05,6753.53,6787.48,6744.07,6787.48,223724677,348578384502.9
2025-08-06,6784.17,6865.02,6774.03,6861.31,258133888,399056054133.9
2025-08-07,6864.45,6876.5,6813.77,6862.15,261389600,411411186262.3
2025-08-08,6844.44,6865.84,6816.09,6838.13,251465671,381544614396.8
2025-08-11,6850.57,6957.4,6850.57,6943.94,260970241,401163366844.0
2025-08-12,6943.67,6963.8,6894.85,6963.61,260489869,409922645283.8
2025-08-13,6966.27,7070.5,6966.27,7064.33,294653874,471479346408.7
2025-08-14,7072.9,7077.81,6957.4,6976.49,317272936,513604373008.8
2025-08-15,6956.51,7117.51,6956.51,7117.5,304005226,492508504867.1
2025-08-18,7158.53,7267.98,7143.07,7237.6,379831263,606867233382.2
2025-08-19,7231.93,7289.03,7193.59,7242.85,340879045,558781044092.1
2025-08-20,7212.97,7305.46,7166.99,7305.46,324751503,517521411018.5
2025-08-21,7318.76,7343.17,7215.34,7253.34,326822891,516507411053.1
2025-08-22,7250.19,7362.94,7250.19,7362.94,326807492,527766039448.3
2025-08-25,7418.35,7504.01,7405.94,7477.73,408457655,660911467973.6
2025-08-26,7457.77,7526.17,7435.3,7476.47,363684661,573343123463.7
2025-08-27,7488.93,7565.35,7336.5,7336.5,416759265,672784131893.9
2025-08-28,7331.19,7447.11,7216.77,7447.11,381466435,631711691476.3
2025-08-29,7449.86,7477.2,7380.83,7438.68,327640881,565058625663.1
2025-09-01,7475.0,7502.59,7424.34,7501.15,324220712,564568450678.9
2025-09-02,7498.44,7499.6,7258.59,7313.88,350435853,598514462449.8
2025-09-03,7336.39,7361.03,7182.29,7206.88,290288568,486667166562.6
2025-09-04,7214.72,7255.0,6939.66,7041.15,297622754,488595037929.4
2025-09-05,7046.96,7248.58,7017.95,7245.67,282765931,458842754388.2
2025-09-08,7257.33,7321.16,7220.59,7311.03,307813289,495541349344.0
2025-09-09,7287.4,7315.97,7198.32,7226.03,282443061,431928802540.2
2025-09-10,7214.23,7296.0,7179.76,7230.17,252674158,396104754790.1
2025-09-11,7215.93,7399.89,7161.28,7399.89,293975142,486236595199.9
2025-09-12,7402.42,7472.87,7387.59,7422.88,315838793,508828451805.1
2025-09-15,7445.5,7454.3,7404.5,7415.57,301307761,475104705371.8
2025-09-16,7426.41,7487.07,7364.73,7483.63,309010590,474734476789.6
2025-09-17,7478.41,7564.82,7461.41,7554.81,301706485,493296275782.6
2025-09-18,7552.23,7665.97,7393.18,7476.4,398600102,654022739891.2
2025-09-19,7473.02,7520.92,7405.29,7438.19,295895870,483203148485.4
2025-09-22,7457.89,7489.48,7418.46,7489.48,270362602,440515484560.2
2025-09-23,7500.62,7504.23,7261.67,7408.07,313260280,503959593111.7
2025-09-24,7375.91,7534.22,7342.47,7534.22,278912761,494397619555.6
2025-09-25,7521.32,7563.08,7487.12,7506.51,264403712,464745025578.9
2025-09-26,7476.94,7516.11,7396.58,7397.59,258750259,436863300985.5
2025-09-29,7415.13,7517.12,7376.91,7497.83,258680184,419534690314.0
2025-09-30,7525.62,7592.91,7524.92,7574.96,255173785,442639611194.1
2025-10-09,7623.3,7671.17,7590.47,7648.05,303491380,530500291414.7
2025-10-10,7608.29,7621.98,7513.17,7533.82,290429922,485703734784.3
2025-10-13,7250.58,7535.21,7250.58,7519.76,288400411,470990827391.5
2025-10-14,7580.39,7611.83,7342.6,7373.15,304412013,506690155148.9
2025-10-15,7384.01,7484.05,7315.48,7483.45,244853965,403797525523.9
2025-10-16,7460.76,7472.75,7378.3,7401.84,234643070,374296521876.0
2025-10-17,7395.87,7426.21,7176.96,7185.48,254327325,383875372638.0
2025-10-20,7259.49,7301.99,7196.28,7239.18,218579676,328445222616.7
2025-10-21,7257.11,7350.92,7236.63,7344.05,237250165,348158794786.9
2025-10-22,7304.96,7349.8,7278.71,7312.21,227324503,332181328130.8
2025-10-23,7292.39,7319.55,7192.42,7308.1,231568976,328574781927.4
2025-10-24,7340.67,7419.41,7340.67,7419.24,245559953,397473067375.7
2025-10-27,7483.3,7511.41,7430.62,7495.38,265344749,458169856647.9
2025-10-28,7462.91,7534.05,7443.7,7479.22,251804249,431016068636.5
2025-10-29,7481.24,7569.12,7469.07,7569.12,265846129,439161754318.7
2025-10-30,7560.6,7569.16,7476.7,7485.08,297385269,478507155180.5
2025-10-31,7480.66,7583.03,7480.66,7506.67,299745206,475587998227.9
2025-11-03,7507.37,7539.33,7417.27,7538.12,278241705,432422773380.5
2025-11-04,7523.64,7523.64,7387.38,7435.73,251677413,381678891758.6
2025-11-05,7332.1,7490.9,7332.1,7464.86,258548178,373351692087.5
2025-11-06,7482.91,7551.83,7466.75,7551.83,263612959,405168970723.4
2025-11-07,7519.75,7581.56,7492.93,7541.88,267888664,419611056738.1
2025-11-10,7568.75,7592.76,7515.68,7563.25,274361317,433797531456.7
2025-11-11,7579.91,7598.99,7530.14,7540.79,265250731,404867228036.5
2025-11-12,7520.18,7537.76,7421.46,7486.38,266963363,390482493659.0
2025-11-13,7483.66,7604.89,7475.51,7590.58,275636073,420596449342.4
2025-11-14,7527.83,7591.32,7502.76,7502.76,271972783,406292990194.2
2025-11-17,7514.84,7544.72,7487.81,7523.08,261156118,391318349646.0
2025-11-18,7508.53,7521.66,7412.28,7448.1,277480409,418065487002.4
2025-11-19,7438.14,7471.73,7348.04,7387.21,238393820,367172563737.6
2025-11-20,7429.7,7439.04,7332.32,7340.41,227536090,356711968727.4
2025-11-21,7235.33,7274.33,7067.7,7067.7,284800690,408671897438.1
2025-11-24,7105.64,7190.72,7064.6,7156.41,240655062,368993404400.1
2025-11-25,7195.1,7311.73,7194.77,7249.95,245429429,404174105411.0
2025-11-26,7236.66,7307.2,7225.09,7248.45,231776824,376963938111.3
2025-11-27,7243.71,7330.6,7243.71,7257.45,211277412,365625943247.2
2025-11-28,7257.17,7334.21,7239.85,7334.21,200680508,342185224996.4
2025-12-01,7356.51,7388.62,7342.6,7386.68,234411583,392320297531.6
2025-12-02,7364.2,7364.2,7299.27,7313.18,200512477,320218841083.3
2025-12-03,7312.67,7324.21,7220.98,7248.27,214633400,335034477208.3
2025-12-04,7246.86,7269.9,7185.91,7248.66,194839254,311315804959.7
2025-12-05,7244.28,7347.0,7194.66,7342.49,215727663,352805657180.3
2025-12-08,7359.49,7446.19,7359.49,7423.05,240918995,418474779432.4
2025-12-09,7400.93,7439.55,7370.3,7380.58,228491428,392312852126.3
2025-12-10,7367.49,7421.42,7332.05,7408.24,215611134,360245249692.5
2025-12-11,7421.79,7425.44,7312.0,7312.0,234020873,381933822512.9
2025-12-12,7312.87,7384.85,7284.56,7370.94,243525183,422779414910.8
2025-12-15,7324.48,7375.61,7305.83,7309.08,220957697,372658890926.0
2025-12-16,7302.16,7302.16,7143.61,7181.62,230526007,361621759667.3
2025-12-17,7178.31,7303.38,7149.02,7288.74,220498775,366263786190.1
2025-12-18,7244.64,7336.73,7241.86,7272.4,200044662,348983557160.8
2025-12-19,7295.67,7357.04,7279.99,7329.81,219205547,362345403569.5
2025-12-22,7363.06,7433.43,7363.06,7408.35,221601886,381186010909.5
2025-12-23,7410.22,7441.41,7363.93,7392.42,224288566,397181525761.7
2025-12-24,7391.56,7513.25,7386.49,7506.38,217961455,406286039967.0
2025-12-25,7507.3,7591.78,7502.15,7579.38,228744917,434419255592.9
2025-12-26,7575.93,7644.84,7550.01,7605.53,266261611,473665628418.3
2025-12-29,7606.44,7637.91,7574.77,7594.16,264064796,466873470411.6
2025-12-30,7556.54,7636.15,7552.4,7597.3,263331874,468024130590.7
2025-12-31,7606.65,7619.22,7560.72,7595.28,244549231,440672066748.3
2026-01-05,7639.54,7753.96,7623.75,7753.88,305374726,542230841526.3
2026-01-06,7756.16,7864.9,7755.07,7864.9,331162034,580815076334.1
2026-01-07,7881.84,7939.75,7864.14,7906.42,318734367,617917011024.8
2026-01-08,7886.81,7993.63,7886.63,7971.59,325563908,605389117078.6
2026-01-09,7969.19,8131.49,7969.19,8129.18,381043869,705322959792.5
2026-01-12,8196.09,8371.75,8171.11,8357.01,447228954,827564717480.8
2026-01-13,8381.04,8381.04,8177.63,8203.13,454444503,824652003313.7
2026-01-14,8204.28,8415.1,8154.24,8257.17,489798359,884281078762.4
2026-01-15,8197.06,8267.81,8151.11,8240.78,353357708,638659733155.5
2026-01-16,8276.61,8304.4,8180.12,8232.73,352539405,633410677296.9
2026-01-19,8204.63,8298.48,8187.94,8265.65,326691149,581675794396.0
2026-01-20,8271.78,8300.05,8104.92,8182.75,336689134,579037016860.8
2026-01-21,8138.68,8289.13,8136.92,8247.68,325676368,564720693794.3
2026-01-22,8272.47,8314.22,8252.74,8309.35,328563281,571805715998.2
2026-01-23,8331.77,8478.56,8323.35,8470.74,393043020,681947636157.7
2026-01-26,8513.22,8530.42,8302.1,8365.43,403428375,703181530463.3
2026-01-27,8325.43,8406.1,8186.24,8382.15,365657328,630208311333.5
2026-01-28,8392.75,8432.62,8334.68,8399.79,349658293,627356672599.6
2026-01-29,8380.61,8463.12,8308.82,8332.21,401987982,677736377632.4
2026-01-30,8255.33,8313.23,8083.97,8254.86,364916451,596749295784.9
2026-02-02,8166.74,8221.58,7974.6,7975.43,308321467,498940799234.4
2026-02-03,8058.76,8210.05,8023.24,8209.1,299218458,525759546405.2
2026-02-04,8184.2,8216.2,8101.2,8207.12,316461150,516215155944.8
2026-02-05,8121.51,8154.56,8027.62,8068.08,275816823,440964669773.2
2026-02-06,7980.47,8152.32,7950.01,8051.57,281083563,444590291967.1
2026-02-09,8177.29,8235.15,8149.65,8233.78,282848169,482557298731.6
2026-02-10,8246.22,8274.14,8199.51,8250.3,291916250,475050653321.2
2026-02-11,8239.17,8304.13,8236.96,8239.51,273234312,438065440518.3
2026-02-12,8252.19,8337.37,8227.6,8314.83,277596736,467860009633.1
2026-02-13,8272.88,8323.72,8200.15,8204.83,261146312,438924354792.7
2026-02-24,8319.69,8356.91,8236.71,8299.77,279479620,469515616941.8
2026-02-25,8320.61,8449.76,8310.33,8426.33,333447346,533140591769.5
2026-02-26,8447.78,8496.75,8398.07,8490.62,333147608,571186057010.0
2026-02-27,8434.1,8561.3,8433.72,8560.84,313899563,549574087530.8
2026-03-02,8464.27,8535.81,8393.93,8476.97,378906281,659006885198.7
2026-03-03,8495.95,8510.85,8128.3,8142.45,390189579,664863752043.2
2026-03-04,8039.59,8228.9,8039.59,8094.52,320689561,502701509918.0
2026-03-05,8235.37,8243.83,8121.38,8171.12,315360181,508728534261.8
2026-03-06,8120.49,8273.68,8115.48,8248.86,294633269,474128426842.7
2026-03-09,8131.74,8230.66,7983.57,8203.87,356307887,568760663973.5
2026-03-10,8272.94,8351.67,8271.49,8350.09,311685273,533511444229.1
2026-03-11,8356.09,8394.12,8334.33,8363.53,321737332,549266931144.7
2026-03-12,8357.35,8388.63,8267.39,8335.91,328212747,531966072601.4
2026-03-13,8297.91,8350.92,8196.37,8214.29,333123020,523300349106.4
2026-03-16,8212.27,8226.03,8089.49,8211.35,311532458,489125149211.3
2026-03-17,8219.5,8223.99,8019.08,8019.86,299723380,452754327270.6
2026-03-18,8050.71,8105.81,7970.19,8096.59,270893554,419893070233.5
2026-03-19,7988.87,8008.39,7874.26,7909.23,284591099,443807163446.1
2026-03-20,7943.41,7996.16,7781.58,7783.43,299022963,486114330316.8
2026-03-23,7632.97,7712.04,7357.7,7409.11,349256210,505938395297.6
2026-03-24,7538.7,7601.88,7361.79,7600.86,293855085,432416549029.6
2026-03-25,7654.78,7781.2,7654.78,7751.18,303668817,471082962176.8
2026-03-26,7733.7,7775.89,7614.89,7639.38,273455133,404052687696.6
2026-03-27,7526.59,7784.55,7526.59,7746.31,258895274,403803691770.2
2026-03-30,7664.64,7774.85,7618.96,7767.93,261174129,411973881300.1
2026-03-31,7741.96,7789.24,7618.19,7619.85,255255790,404652134124.8
2026-04-01,7767.88,7786.76,7692.01,7764.15,255975644,420061154056.5
2026-04-02,7733.75,7764.03,7581.39,7623.42,246841161,388676703461.5
2026-04-03,7658.82,7664.76,7521.94,7536.6,223680349,354378845650.9
2026-04-07,7556.28,7640.51,7554.41,7606.02,210974357,343772200425.7
2026-04-08,7765.55,7955.77,7765.2,7955.77,297885172,520657875320.5
2026-04-09,7881.8,7959.07,7872.47,7921.45,260650171,466353987595.2
2026-04-10,7981.62,8059.76,7981.62,7998.23,262415285,494992306540.9
2026-04-13,7947.22,8040.03,7947.22,8025.57,249849773,452431894323.4
2026-04-14,8088.05,8144.76,8059.38,8144.76,266305825,509465034836.6
2026-04-15,8186.07,8193.3,8083.27,8106.16,273841846,520849253124.5
2026-04-16,8120.36,8239.01,8100.49,8232.98,279584433,504935058833.5
2026-04-17,8225.73,8333.22,8223.71,8307.44,285103443,530440512312.1
2026-04-20,8308.06,8374.81,8308.06,8357.81,292029604,559665065901.8
2026-04-21,8331.59,8358.12,8270.16,8351.16,278996210,521902188211.7
2026-04-22,8317.28,8482.15,8317.28,8481.24,281705539,558389615169.7
2026-04-23,8489.0,8500.44,8302.85,8362.74,319791492,623696526109.0
2026-04-24,8318.6,8360.79,8254.43,8304.14,293748118,566282031229.8
2026-04-27,8292.81,8366.31,8249.94,8338.73,277060124,544735960417.2
2026-04-28,8307.69,8316.27,8187.24,8226.69,284970446,549201647095.7
2026-04-29,8163.35,8361.49,8163.35,8343.07,289099456,557143418182.6
2026-04-30,8345.25,8402.36,8324.29,8381.95,299115110,595981862152.1
2026-05-06,8462.02,8610.88,8462.02,8574.56,330853371,690961217003.3
2026-05-07,8602.15,8716.86,8573.3,8714.51,332477190,687608424374.6
2026-05-08,8655.13,8760.19,8651.06,8741.15,321781545,656747057093.8
2026-05-11,8807.91,8888.87,8760.71,8866.78,344807972,742541492856.3
2026-05-12,8880.41,8881.9,8749.72,8821.89,320849278,683458191309.9
2026-05-13,8764.02,8958.46,8764.02,8955.45,319152706,677186620719.2
2026-05-14,8989.49,8991.85,8778.71,8778.71,356344177,730969710799.2
2026-05-15,8786.38,8846.52,8616.06,8682.65,355707317,730238194125.1
2026-05-18,8645.76,8766.31,8610.74,8720.21,300420672,628497008229.2
2026-05-19,8691.38,8812.03,8602.05,8808.64,299219845,628935613994.7
2026-05-20,8769.1,8823.68,8697.4,8808.91,306719188,653945996335.4
2026-05-21,8852.43,8896.6,8500.92,8510.5,350037951,744490227370.2
2026-05-22,8578.9,8719.39,8521.7,8692.67,286812407,613491387497.9
2026-05-25,8756.46,8802.95,8670.72,8799.31,302896006,668583970114.9
2026-05-26,8755.91,8756.46,8560.8,8687.25,314373551,681153504048.6
2026-05-27,8679.54,8737.05,8495.72,8546.51,313112354,668282707862.7
2026-05-28,8527.91,8659.61,8459.95,8637.74,300747650,636606110725.9
2026-05-29,8673.8,8680.27,8357.8,8408.74,332780217,705660466956.9
2026-06-01,8393.52,8504.98,8339.35,8345.13,305706423,607633321058.7
2026-06-02,8360.81,8440.23,8219.15,8384.78,292777853,589657282873.4
2026-06-03,8386.86,8549.25,8357.46,8432.68,318291166,688232619745.6
2026-06-04,8338.85,8456.02,8338.85,8420.09,286173609,599542777865.6
2026-06-05,8380.85,8500.1,8305.4,8340.96,314953576,664778756146.5
2026-06-08,8069.48,8260.19,7987.4,8081.26,303536985,603155103799.4
2026-06-09,8178.82,8322.11,8096.58,8318.7,293097597,602773097270.3
2026-06-10,8232.02,8285.29,8103.01,8198.72,286844566,582026561181.5
2026-06-11,8158.46,8223.53,8084.9,8159.45,271163953,577080601080.8
2026-06-12,8294.9,8348.79,8181.42,8202.8,328599085,717319013093.1
2026-06-15,8269.4,8521.23,8269.4,8521.23,296012067,640124261587.0
2026-06-16,8534.27,8684.65,8508.91,8646.4,298022607,683488867028.9
2026-06-17,8581.65,8705.4,8581.65,8704.47,282227937,658867267024.3
2026-06-18,8666.64,8796.48,8664.28,8771.02,290062435,680473865688.9
2026-06-22,8813.72,8865.81,8609.61,8865.68,335718210,786541007010.9
2026-06-23,8838.76,8862.72,8626.1,8680.04,303954878,707484276759.0
2026-06-24,8650.82,8803.5,8581.75,8793.49,286867145,680312177616.5
2026-06-25,8806.07,8872.12,8743.25,8825.92,305442638,729838211067.7
2026-06-26,8771.6,8797.28,8563.7,8601.41,321227656,755464112293.4
2026-06-29,8616.42,8677.63,8413.86,8597.89,309871021,750058629128.5
2026-06-30,8574.25,8815.11,8547.31,8809.79,279117364,685381605223.9
2026-07-01,8827.47,8944.19,8806.65,8876.63,325765871,782800133620.8
2026-07-02,8688.29,8865.97,8598.87,8625.33,310858902,717867291622.4
2026-07-03,8627.38,8740.67,8559.28,8620.79,290244508,674994834099.3
2026-07-06,8669.12,8694.8,8432.9,8472.6,281224208,655013068730.7
2026-07-07,8436.39,8489.48,8261.4,8301.8,244575082,544456254012.1
2026-07-08,8315.96,8328.96,8117.86,8117.86,238283926,527640623973.8
2026-07-09,8161.86,8312.62,7978.81,8300.08,254579344,580421702888.1
2026-07-10,8312.49,8438.19,8198.31,8198.31,308503609,691814043743.9
2026-07-13,8124.36,8171.5,7769.29,7787.85,285286344,573788494517.9
2026-07-14,7799.81,7934.1,7657.67,7925.12,255892015,519230856494.0
2026-07-15,7959.37,7979.08,7783.22,7817.83,258433271,504268472799.9
2026-07-16,7713.14,7836.39,7591.42,7631.76,248226871,473090736173.4
2026-07-17,7599.39,7605.61,7163.31,7168.0,296242245,510907297886.9
2026-07-20,7256.27,7298.12,6824.14,6965.38,308186914,518121843932.4
2026-07-21,6975.89,7264.34,6714.19,7259.86,334989399,572869030332.7
2026-07-22,7196.86,7302.45,7118.66,7158.76,291582470,518357580391.3
2026-07-23,7169.54,7247.14,7113.5,7195.5,250502727,422221092351.8
2026-07-24,7109.25,7174.55,6995.69,6995.69,229026635,379813289829.5
2026-07-27,6981.16,7228.78,6972.28,7228.78,225960825,390089645451.7
2026-07-28,7135.73,7189.18,6992.94,7026.28,225776735,393766907544.5
2026-07-29,7020.22,7132.35,6897.39,7095.19,271374083,458880097395.3
2026-07-30,7053.09,7121.52,6841.75,6900.66,259507814,436231656988.8
2026-07-31,7082.75,7218.06,7071.05,7075.51,283219421,498602137176.5
2026-08-03,7055.27,7118.1,7042.89,7079.78,233392381,391183027569.7
2026-08-04,7128.49,7307.17,7102.46,7279.19,250083613,434310206456.0
2026-08-05,7253.22,7523.5,7253.22,7493.05,272396847,511649034531.6
2026-08-06,7440.01,7564.69,7434.49,7530.43,280402295,528647305597.5
2026-08-07,7534.24,7685.57,7448.46,7679.53,282600105,568415439330.2
2026-08-10,7723.38,7736.1,7621.65,7733.9,256496918,529904419097.3
2026-08-11,7686.04,7789.21,7642.44,7698.05,253137973,515282077801.5
2026-08-12,7704.96,7805.27,7692.44,7793.72,241881894,479805234397.4
2026-08-13,7847.24,7880.22,7714.37,7715.89,281525686,564757582832.9
2026-08-14,7750.99,7784.38,7673.44,7769.82,250317817,482267627397.5
2026-08-17,7797.18,7968.38,7750.43,7968.38,248445471,523862481011.9
2026-08-18,7969.37,7995.5,7842.25,7945.96,251232903,539221917793.9
2026-08-19,7795.26,7821.18,7490.21,7517.77,265195094,534762702043.0
2026-08-20,7602.5,7656.61,7541.48,7589.78,241047990,468735987614.6
2026-08-21,7555.55,7634.08,7472.49,7601.8,219518440,415934986591.0
2026-08-24,7614.89,7633.34,7377.72,7491.49,233968378,433555364574.8
2026-08-25,7420.77,7556.07,7347.95,7527.5,227602366,401793848165.8
2026-08-26,7536.37,7601.84,7467.41,7544.67,220588931,378589808853.3
2026-08-27,7551.44,7734.31,7531.78,7732.95,239292418,460126867803.0
2026-08-28,7734.19,7802.55,7702.18,7705.03,239949486,465794589248.7
2026-08-31,7607.23,7771.55,7604.95,7770.42,254679865,460944662017.4
2026-09-01,7773.06,7773.06,7667.33,7691.37,256882641,434667493574.8
2026-09-02,7616.23,7624.71,7539.08,7583.76,217010010,368743619781.0
2026-09-03,7629.65,7657.75,7531.67,7600.1,214646642,377637753717.6
2026-09-04,7655.97,7717.93,7464.98,7508.09,256205250,445349377368.1
2026-09-07,7551.02,7669.84,7541.14,7639.36,218791415,413563761375.0
2026-09-08,7650.06,7724.94,7622.9,7659.61,243986090,432029487220.4
2026-09-09,7676.86,7715.08,7602.5,7648.8,234697585,407619786462.4
2026-09-10,7611.52,7641.86,7564.67,7587.75,217023030,363865601159.4
2026-09-11,7504.66,7506.24,7284.53,7427.24,249586300,421033233494.1
2026-09-14,7363.42,7501.14,7329.6,7468.3,197236775,358566176925.1
2026-09-15,7453.47,7524.61,7426.9,7437.7,193177200,348633440516.3
2026-09-16,7437.82,7607.89,7402.37,7587.43,206493796,398250645542.8
2026-09-17,7555.79,7632.53,7522.77,7548.82,201360062,388534084555.6
2026-09-18,7621.24,7706.9,7603.37,7687.59,212933634,430196994297.3
2026-09-21,7723.68,7777.91,7723.68,7766.33,223497032,427123902924.0
2026-09-22,7819.62,7852.23,7734.35,7759.03,225934972,443660215446.1
