date,open,high,low,close,volume,amount
2010-01-04,13766.1,13782.8,13533.54,13533.54,57570392.0,82353078272.0
2010-01-05,13539.83,13597.36,13324.55,13517.38,71781488.0,102549233664.0
2010-01-06,13509.39,13677.4,13456.29,13505.18,70311128.0,103106625536.0
2010-01-07,13514.64,13571.35,13148.25,13235.48,72938984.0,104326848512.0
2010-01-08,13180.89,13270.62,13040.34,13267.44,58439552.0,83251650560.0
2010-01-11,13559.28,13606.23,13089.88,13161.09,70225648.0,100368646144.0
2010-01-12,13187.39,13381.25,12993.23,13381.25,77314200.0,114609586176.0
2010-01-13,13031.55,13227.96,12936.32,13016.56,84422344.0,125645832192.0
2010-01-14,13037.8,13222.22,12965.79,13204.19,82196576.0,119077281792.0
2010-01-15,13247.65,13320.39,13118.25,13264.37,73688656.0,106151608320.0
2010-01-18,13234.11,13373.11,13175.93,13361.52,75248224.0,107197464576.0
2010-01-19,13389.59,13433.06,13318.35,13350.67,75297096.0,106902265856.0
2010-01-20,13375.53,13389.93,12871.58,12916.15,90533624.0,129185087488.0
2010-01-21,12928.52,12982.88,12732.96,12917.15,59927580.0,83615645696.0
2010-01-22,12756.92,12756.92,12394.07,12595.93,68625936.0,95367610368.0
2010-01-25,12506.14,12640.73,12458.56,12470.19,45018880.0,58690379776.0
2010-01-26,12496.11,12536.47,12091.09,12162.56,52205480.0,70793207808.0
2010-01-27,12157.14,12233.12,11946.49,12046.78,42695000.0,59072720896.0
2010-01-28,12008.96,12166.47,11903.99,12120.48,42039424.0,58900828160.0
2010-01-29,12058.7,12339.06,11998.66,12137.2,50309868.0,68433145856.0
2010-02-01,12125.51,12126.26,11841.96,11989.11,52897516.0,72854241280.0
2010-02-02,12035.93,12173.91,11912.93,11912.93,46374332.0,62832902144.0
2010-02-03,11961.12,12262.57,11714.16,12262.57,60457392.0,79677358080.0
2010-02-04,12177.15,12283.52,12112.93,12169.48,63588968.0,80934150144.0
2010-02-05,11892.31,12018.39,11823.07,11917.14,65192232.0,82496815104.0
2010-02-08,11900.1,11997.66,11847.02,11947.34,41573908.0,53205651456.0
2010-02-09,11935.8,12037.32,11900.28,11970.44,37138428.0,46760558592.0
2010-02-10,12083.0,12185.38,12051.16,12185.38,33833700.0,47655428096.0
2010-02-11,12178.95,12297.41,12152.35,12224.6,32963862.0,47020900352.0
2010-02-12,12259.47,12327.93,12241.61,12304.78,31611400.0,46492409856.0
2010-02-22,12299.11,12337.77,12213.54,12213.54,37537720.0,51876225024.0
2010-02-23,12185.93,12185.93,11922.73,12069.21,45644696.0,61432217600.0
2010-02-24,11994.95,12282.09,11936.95,12282.09,59689564.0,79840559104.0
2010-02-25,12324.94,12495.99,12324.94,12494.27,71480736.0,97890336768.0
2010-02-26,12473.0,12527.02,12417.24,12436.66,64418500.0,90156261376.0
2010-03-01,12480.81,12599.27,12454.03,12588.26,68953440.0,95365169152.0
2010-03-02,12595.32,12690.48,12517.28,12548.91,71436504.0,97542356992.0
2010-03-03,12544.02,12612.69,12444.2,12612.69,75186672.0,103057268736.0
2010-03-04,12647.99,12720.36,12292.28,12312.89,83625552.0,114339799040.0
2010-03-05,12312.74,12433.57,12268.55,12341.74,54891736.0,76740272128.0
2010-03-08,12376.33,12470.87,12327.72,12437.57,49968120.0,69813739520.0
2010-03-09,12440.21,12569.56,12289.96,12507.66,57236816.0,78286749696.0
2010-03-10,12496.78,12553.97,12363.41,12391.64,52009240.0,71968489472.0
2010-03-11,12399.77,12468.93,12277.19,12367.69,47041912.0,67710038016.0
2010-03-12,12364.57,12376.59,12167.34,12169.11,45629352.0,68938326016.0
2010-03-15,12154.53,12158.87,11866.99,11903.33,38061356.0,55626862592.0
2010-03-16,11931.32,11985.03,11835.62,11948.76,35413976.0,51655184384.0
2010-03-17,12007.79,12233.77,11975.58,12233.77,52613244.0,73558564864.0
2010-03-18,12257.85,12354.93,12198.08,12236.72,55724528.0,79466053632.0
2010-03-19,12265.3,12361.21,12185.45,12352.92,56199864.0,79102705664.0
2010-03-22,12358.03,12411.22,12304.5,12352.45,57500220.0,79609118720.0
2010-03-23,12362.39,12400.25,12280.02,12304.98,56108276.0,82523193344.0
2010-03-24,12315.61,12359.22,12260.48,12290.04,58947900.0,89157771264.0
2010-03-25,12266.59,12266.59,12078.26,12086.9,60628960.0,91152580608.0
2010-03-26,12081.11,12282.26,12030.43,12240.36,50653632.0,77435289600.0
2010-03-29,12301.6,12574.88,12301.6,12552.45,61088916.0,94307377152.0
2010-03-30,12574.8,12617.67,12527.58,12593.04,56299656.0,88673673216.0
2010-03-31,12603.75,12611.43,12469.45,12494.35,59050984.0,96028852224.0
2010-04-01,12512.41,12689.07,12512.41,12686.06,76986048.0,119973994496.0
2010-04-02,12717.98,12793.71,12707.04,12767.86,75312464.0,114263490560.0
2010-04-06,12824.15,12849.71,12651.11,12702.83,71810752.0,109350944768.0
2010-04-07,12696.33,12696.33,12561.41,12631.97,64786148.0,103609630720.0
2010-04-08,12603.25,12603.25,12381.38,12427.0,71421864.0,115210608640.0
2010-04-09,12452.34,12555.12,12393.52,12555.12,68395520.0,110624677888.0
2010-04-12,12605.95,12625.77,12338.86,12399.2,87420176.0,137242787840.0
2010-04-13,12387.39,12550.35,12261.27,12511.89,93877784.0,154707918848.0
2010-04-14,12514.81,12557.7,12447.91,12557.7,71659640.0,109379067904.0
2010-04-15,12561.53,12584.11,12422.32,12513.29,73512224.0,111259328512.0
2010-04-16,12503.46,12508.52,12363.79,12416.86,56200912.0,84333469696.0
2010-04-19,12248.02,12248.02,11641.6,11644.58,80720320.0,116717027328.0
2010-04-20,11627.41,11713.91,11395.74,11538.98,70658712.0,101979070464.0
2010-04-21,11557.6,11779.13,11501.96,11766.82,80087640.0,125400309760.0
2010-04-22,11745.24,11822.8,11573.62,11703.96,81188120.0,126495293440.0
2010-04-23,11681.96,11808.05,11638.03,11702.87,74274576.0,117508235264.0
2010-04-26,11701.42,11767.66,11594.24,11602.63,62619384.0,98960334848.0
2010-04-27,11565.99,11565.99,11179.5,11355.37,68432912.0,103503192064.0
2010-04-28,11250.53,11444.58,11174.17,11333.85,53194096.0,82228740096.0
2010-04-29,11403.0,11452.41,11195.22,11196.35,57831368.0,87352418304.0
2010-04-30,11135.84,11192.38,10974.15,11162.54,56438868.0,84026851328.0
2010-05-04,10959.16,11139.16,10911.86,10960.77,41107032.0,60044562432.0
2010-05-05,10853.13,11006.58,10671.89,11003.73,53779344.0,78854324224.0
2010-05-06,10936.96,10936.96,10421.71,10422.56,56947872.0,89276940288.0
2010-05-07,10184.79,10346.2,10091.32,10146.42,53207304.0,80317841408.0
2010-05-10,10156.9,10314.02,10042.12,10264.04,50267336.0,71570735104.0
2010-05-11,10486.27,10511.15,10083.79,10091.2,51418860.0,72817115136.0
2010-05-12,10006.94,10202.56,9905.48,10146.63,46329040.0,61578788864.0
2010-05-13,10161.18,10417.8,10114.68,10417.8,47323256.0,61854932992.0
2010-05-14,10354.78,10400.28,10257.75,10330.14,43472388.0,59620585472.0
2010-05-17,10168.15,10177.82,9728.67,9731.72,45689320.0,58629828608.0
2010-05-18,9719.07,10056.22,9627.42,10003.81,50251940.0,62641840128.0
2010-05-19,9904.75,10138.18,9818.9,9991.4,44714488.0,61255540736.0
2010-05-20,9917.53,10214.33,9903.11,9945.55,42289560.0,57651474432.0
2010-05-21,9698.07,10209.24,9666.47,10209.07,51856888.0,67620204544.0
2010-05-24,10296.19,10710.12,10296.19,10620.12,70376608.0,95862161408.0
2010-05-25,10539.41,10545.54,10304.84,10365.22,58014104.0,80107528192.0
2010-05-26,10353.4,10465.32,10286.38,10361.7,44589336.0,62935089152.0
2010-05-27,10342.18,10575.74,10199.11,10543.33,55841268.0,76679634944.0
2010-05-28,10636.86,10670.29,10447.16,10495.65,58784676.0,84534509568.0
2010-05-31,10455.34,10553.24,10204.17,10204.17,53394160.0,75074666496.0
2010-06-01,10123.67,10246.03,9970.05,10098.45,50605792.0,69124112384.0
2010-06-02,10062.75,10188.14,9950.53,10188.14,41551360.0,56502210560.0
2010-06-03,10249.28,10317.97,10118.04,10118.04,49714024.0,74121347072.0
2010-06-04,10086.05,10202.06,10055.32,10187.2,42165264.0,58940407808.0
2010-06-07,9977.23,10083.27,9922.78,9992.67,47443720.0,71674896384.0
2010-06-08,9981.74,10104.09,9944.47,10038.78,47285716.0,71091453952.0
2010-06-09,10086.77,10358.59,10039.76,10346.27,63812460.0,89523249152.0
2010-06-10,10271.3,10337.12,10217.3,10222.22,64776776.0,85803237376.0
2010-06-11,10286.05,10357.0,10222.69,10239.33,53777424.0,76705218560.0
2010-06-17,10300.5,10329.44,10162.37,10162.37,42715456.0,64675262464.0
2010-06-18,10156.96,10234.41,9934.82,9966.54,50546160.0,70497632256.0
2010-06-21,9957.37,10323.18,9874.43,10309.61,51166460.0,65121189888.0
2010-06-22,10268.73,10407.38,10242.14,10345.55,48128984.0,60929306624.0
2010-06-23,10282.46,10374.33,10157.66,10256.27,45915512.0,62098567168.0
2010-06-24,10244.01,10343.57,10173.38,10250.9,37223104.0,50508152832.0
2010-06-25,10195.9,10219.72,10037.94,10104.83,39659560.0,53947322368.0
2010-06-28,10101.27,10165.57,9980.67,10012.05,32398740.0,44095225856.0
2010-06-29,10022.8,10061.03,9508.59,9508.91,49053104.0,62061010944.0
2010-06-30,9428.16,9449.81,9335.57,9386.94,37887424.0,46404603904.0
2010-07-01,9376.08,9439.74,9203.91,9203.91,35650840.0,43760287744.0
2010-07-02,9192.1,9272.64,8945.2,9227.89,45019260.0,55122821120.0
2010-07-05,9122.43,9237.07,8982.8,9171.03,34078904.0,40331464704.0
2010-07-06,9128.18,9403.07,9122.02,9363.02,42633032.0,52214870016.0
2010-07-07,9392.99,9485.43,9359.35,9485.43,42109344.0,51404410880.0
2010-07-08,9528.26,9585.37,9436.4,9465.8,41093784.0,51883675648.0
2010-07-09,9480.29,9868.8,9399.51,9816.86,58339992.0,72611291136.0
2010-07-12,9829.58,9999.99,9795.47,9959.22,58680888.0,71402700800.0
2010-07-13,9850.35,9857.49,9733.7,9801.76,50832064.0,63843024896.0
2010-07-14,9813.31,9959.0,9759.33,9803.72,48984248.0,61736255488.0
2010-07-15,9793.97,9957.26,9709.04,9718.73,45195020.0,55109754880.0
2010-07-16,9677.78,9841.77,9599.97,9806.64,38483696.0,48923189248.0
2010-07-19,9727.01,10154.36,9700.56,10097.1,49170760.0,62224261120.0
2010-07-20,10095.2,10372.27,10095.2,10339.43,72913688.0,92279160832.0
2010-07-21,10345.97,10433.41,10294.51,10324.13,70208008.0,89927155712.0
2010-07-22,10302.34,10483.23,10284.5,10471.77,62005432.0,76968361984.0
2010-07-23,10510.67,10587.03,10429.1,10527.95,63037732.0,81878597632.0
2010-07-26,10555.69,10614.67,10449.52,10591.12,61490728.0,78833221632.0
2010-07-27,10574.17,10631.17,10510.45,10566.21,57378736.0,75943591936.0
2010-07-28,10567.15,10832.3,10526.95,10825.17,78709376.0,99705700352.0
2010-07-29,10847.51,10899.43,10751.03,10838.91,83867808.0,102474752000.0
2010-07-30,10801.26,10836.28,10693.13,10785.35,67462712.0,86155436032.0
2010-08-02,10789.07,11041.94,10786.56,11004.74,74987616.0,97531822080.0
2010-08-03,11039.37,11091.18,10830.7,10830.7,82023168.0,107471806464.0
2010-08-04,10781.45,10870.95,10625.88,10870.38,73075632.0,94723506176.0
2010-08-05,10862.05,10876.67,10701.68,10768.08,73221656.0,97607483392.0
2010-08-06,10762.6,10949.24,10627.58,10942.93,81025976.0,109674594304.0
2010-08-09,10923.89,11031.51,10906.88,11017.41,80403816.0,111882436608.0
2010-08-10,11028.15,11050.83,10715.39,10715.39,82243336.0,115665551360.0
2010-08-11,10658.91,10861.39,10654.49,10806.62,58910152.0,82989817856.0
2010-08-12,10684.0,10899.31,10645.21,10680.02,66427720.0,93312483328.0
2010-08-13,10684.19,10886.67,10613.28,10886.57,60059252.0,82567856128.0
2010-08-16,10870.74,11200.86,10827.6,11164.79,80711264.0,110522228736.0
2010-08-17,11180.75,11320.46,11171.32,11281.97,79241568.0,110677991424.0
2010-08-18,11304.12,11365.54,11218.91,11282.33,78897864.0,112252215296.0
2010-08-19,11283.36,11424.08,11218.63,11321.17,81917008.0,116622598144.0
2010-08-20,11280.49,11303.87,11060.06,11090.46,81777808.0,116301357056.0
2010-08-23,11098.27,11177.31,11049.49,11078.86,65103012.0,92438544384.0
2010-08-24,11067.21,11311.09,10986.07,11214.24,72530640.0,98085806080.0
2010-08-25,11143.29,11199.76,10953.47,10963.99,72189288.0,98330976256.0
2010-08-26,11001.38,11105.43,10958.62,11009.49,62709748.0,84986355712.0
2010-08-27,10992.76,11052.93,10926.17,11034.73,53235704.0,79388262400.0
2010-08-30,11114.71,11350.16,11098.74,11303.33,75963632.0,114365161472.0
2010-08-31,11273.86,11377.71,11237.1,11338.71,85268072.0,132332617728.0
2010-09-01,11369.39,11476.61,11169.9,11318.74,93726480.0,140439191552.0
2010-09-02,11482.35,11536.31,11392.9,11465.15,88107720.0,133040349184.0
2010-09-03,11497.48,11540.42,11360.34,11467.09,91566072.0,141780779008.0
2010-09-06,11550.13,11703.66,11550.13,11656.08,93240456.0,138546987008.0
2010-09-07,11674.25,11735.34,11591.92,11682.7,76237736.0,106620100608.0
2010-09-08,11631.58,11729.82,11579.63,11722.78,80212744.0,120371019776.0
2010-09-09,11750.89,11750.89,11445.08,11465.35,95756000.0,139575656448.0
2010-09-10,11465.92,11547.43,11302.73,11530.99,81854640.0,121529311232.0
2010-09-13,11541.92,11751.27,11492.71,11690.35,81051416.0,121697320960.0
2010-09-14,11719.83,11759.01,11630.9,11665.41,83619864.0,123704442880.0
2010-09-15,11653.41,11653.41,11377.45,11412.1,81388720.0,122080706560.0
2010-09-16,11391.23,11432.31,11060.66,11164.02,77898512.0,112007995392.0
2010-09-17,11180.32,11288.85,11113.22,11208.25,58830516.0,85586034688.0
2010-09-20,11221.94,11247.83,11072.53,11150.33,55270224.0,76369321984.0
2010-09-21,11189.58,11262.45,11152.96,11210.74,42587228.0,63719198720.0
2010-09-27,11262.87,11438.38,11232.51,11409.81,50506256.0,73166749696.0
2010-09-28,11380.85,11396.38,11255.9,11274.49,58356640.0,87298768896.0
2010-09-29,11264.67,11379.96,11192.22,11223.86,54428592.0,82407620608.0
2010-09-30,11154.84,11468.78,11125.49,11468.54,51265396.0,74735017984.0
2010-10-08,11594.92,11960.57,11578.12,11911.37,76241528.0,113582891008.0
2010-10-11,12037.99,12291.63,12037.99,12237.65,111212312.0,168772730880.0
2010-10-12,12221.53,12383.58,12168.47,12373.28,98650840.0,147483148288.0
2010-10-13,12376.59,12634.52,12348.73,12603.0,116928008.0,170155687936.0
2010-10-14,12690.57,12752.26,12474.02,12507.71,112562416.0,171221942272.0
2010-10-15,12421.28,12834.8,12392.94,12765.5,109965160.0,171160305664.0
2010-10-18,12803.47,12883.66,12532.11,12649.27,124797344.0,177331421184.0
2010-10-19,12643.3,12970.2,12567.13,12970.2,93133432.0,138181345280.0
2010-10-20,12616.45,13291.52,12602.74,13130.01,114115784.0,178044256256.0
2010-10-21,13175.52,13281.99,12998.29,13111.52,97762680.0,148994359296.0
2010-10-22,13089.35,13346.33,13036.14,13224.98,103534360.0,153193906176.0
2010-10-25,13292.53,13739.31,13288.17,13734.2,120610400.0,187426406400.0
2010-10-26,13779.78,13822.22,13592.3,13729.96,121605312.0,191828213760.0
2010-10-27,13681.87,13863.98,13449.36,13452.17,114549304.0,176714973184.0
2010-10-28,13394.77,13585.44,13344.36,13445.03,90721344.0,145505452032.0
2010-10-29,13433.32,13500.88,13261.04,13367.24,93751936.0,155061075968.0
2010-11-01,13385.25,13760.9,13385.25,13743.77,116998320.0,196446208000.0
2010-11-02,13762.06,13930.33,13646.45,13646.46,137604144.0,231756070912.0
2010-11-03,13649.75,13692.5,13388.37,13392.7,101938072.0,169032318976.0
2010-11-04,13402.81,13595.73,13364.4,13595.73,97516448.0,157873356800.0
2010-11-05,13821.93,13888.02,13656.41,13733.36,111285240.0,183028695040.0
2010-11-08,13785.79,13809.57,13630.51,13807.3,119603440.0,189044260864.0
2010-11-09,13783.67,13793.35,13622.79,13714.29,122716240.0,193750122496.0
2010-11-10,13657.43,13762.71,13542.52,13705.68,115527328.0,194195456000.0
2010-11-11,13670.85,13936.88,13636.8,13684.94,127430296.0,216304320512.0
2010-11-12,13594.88,13658.29,12702.95,12726.54,141467712.0,228922294272.0
2010-11-15,12772.85,12877.38,12558.21,12808.09,92640328.0,154553401344.0
2010-11-16,12822.51,12822.51,12146.66,12217.27,102640520.0,172414730240.0
2010-11-17,12040.66,12196.6,11849.89,11917.49,75291344.0,126609825792.0
2010-11-18,12056.84,12181.0,11926.15,12146.14,61441060.0,105183485952.0
2010-11-19,12240.58,12295.85,11868.7,12295.85,78989032.0,137424150528.0
2010-11-22,12190.34,12418.35,12141.64,12303.54,91330072.0,163267477504.0
2010-11-23,12255.18,12255.18,11864.36,12062.41,81455160.0,142195032064.0
2010-11-24,11999.78,12412.95,11999.78,12407.66,79577632.0,143791783936.0
2010-11-25,12512.33,12630.86,12416.15,12604.08,89914616.0,154163888128.0
2010-11-26,12574.64,12676.94,12442.57,12539.01,70689064.0,124960301056.0
2010-11-29,12527.53,12592.91,12363.22,12536.55,68698920.0,124979175424.0
2010-11-30,12515.09,12575.95,11979.29,12336.28,89184568.0,154904608768.0
2010-12-01,12301.24,12377.57,12211.63,12310.38,55701348.0,94907531264.0
2010-12-02,12543.26,12584.1,12310.38,12409.02,65545028.0,114774122496.0
2010-12-03,12458.0,12532.31,12347.56,12443.0,54862804.0,97496064000.0
2010-12-06,12486.32,12531.29,12365.59,12422.79,51898348.0,91294965760.0
2010-12-07,12387.78,12722.94,12250.39,12657.0,53699192.0,93627334656.0
2010-12-08,12671.81,12823.14,12586.45,12615.41,53295444.0,96629956608.0
2010-12-09,12563.55,12587.36,12353.02,12353.27,54857396.0,93793288192.0
2010-12-10,12274.57,12523.03,12241.76,12460.46,47740424.0,86202597376.0
2010-12-13,12546.05,12905.02,12545.57,12905.02,70369440.0,128287424512.0
2010-12-14,12953.99,12978.09,12860.86,12926.62,73859152.0,129948065792.0
2010-12-15,12934.72,12987.71,12813.06,12829.36,71071712.0,129522475008.0
2010-12-16,12837.17,12914.01,12776.95,12795.68,57570784.0,104100585472.0
2010-12-17,12794.01,12809.49,12717.32,12759.6,47110632.0,88275935232.0
2010-12-20,12815.05,12875.67,12330.99,12557.55,70865680.0,131187949568.0
2010-12-21,12586.14,12872.45,12524.78,12872.45,71387224.0,121450192896.0
2010-12-22,12898.69,12975.63,12712.06,12766.95,65176500.0,112323518464.0
2010-12-23,12760.76,12843.04,12628.71,12644.58,56522552.0,98689630208.0
2010-12-24,12592.15,12688.44,12471.73,12556.84,51232848.0,87189192704.0
2010-12-27,12575.43,12808.83,12272.24,12303.19,57638144.0,96623288320.0
2010-12-28,12235.68,12288.17,12017.56,12063.8,48011664.0,77964386304.0
2010-12-29,12080.09,12125.39,11963.72,12114.56,38683644.0,66992578560.0
2010-12-30,12111.88,12211.07,11971.75,12138.89,41527652.0,73226420224.0
2010-12-31,12171.49,12476.51,12159.13,12458.55,47886604.0,89380454400.0
2011-01-04,12578.45,12743.48,12536.66,12714.51,62415976.0,113215520768.0
2011-01-05,12634.71,12741.47,12567.05,12647.63,57231756.0,107210940416.0
2011-01-06,12683.75,12790.93,12567.67,12599.66,51223608.0,91211489280.0
2011-01-07,12587.49,12783.68,12502.17,12573.94,56040416.0,95717130240.0
2011-01-10,12577.09,12644.32,12292.11,12331.16,48645048.0,84708679680.0
2011-01-11,12275.89,12419.29,12212.6,12385.17,42673780.0,72374116352.0
2011-01-12,12435.72,12518.43,12251.41,12409.98,40731452.0,65325871104.0
2011-01-13,12457.77,12486.23,12358.45,12423.34,36494584.0,62763233280.0
2011-01-14,12390.66,12390.66,12212.5,12294.17,40916632.0,69198880768.0
2011-01-17,12159.95,12229.56,11712.68,11734.62,46060824.0,75434303488.0
2011-01-18,11699.51,11797.22,11624.34,11771.59,29668702.0,49241616384.0
2011-01-19,11785.5,12076.97,11730.74,12066.55,37606756.0,62695862272.0
2011-01-20,12034.62,12034.62,11566.07,11566.74,42732132.0,69904924672.0
2011-01-21,11534.2,11860.61,11491.93,11639.96,42741696.0,68309024768.0
2011-01-24,11661.76,11689.28,11419.36,11488.92,38517632.0,62568001536.0
2011-01-25,11465.53,11523.79,11377.34,11446.37,32110038.0,51796959232.0
2011-01-26,11459.02,11633.1,11459.02,11599.67,28840230.0,46399066112.0
2011-01-27,11481.78,11832.54,11392.94,11795.33,43378492.0,67112325120.0
2011-01-28,11789.64,11935.04,11768.81,11894.23,39219880.0,62489645056.0
2011-01-31,11884.34,12020.51,11820.2,11994.68,40078944.0,64671010816.0
2011-02-01,12044.41,12052.39,11928.01,11991.51,33708748.0,56785846272.0
2011-02-09,11903.65,12041.96,11774.29,11807.93,38839384.0,64091521024.0
2011-02-10,11775.1,12177.44,11764.23,12170.51,48978800.0,80309174272.0
2011-02-11,12162.32,12376.03,12127.74,12292.49,57949192.0,95492505600.0
2011-02-14,12318.31,12766.05,12318.31,12737.8,74591032.0,124032802816.0
2011-02-15,12767.79,12865.47,12707.21,12711.58,73472304.0,123630755840.0
2011-02-16,12675.87,12884.87,12617.1,12884.87,68100440.0,116627668992.0
2011-02-17,12907.69,12936.74,12664.85,12788.33,74639608.0,127391399936.0
2011-02-18,12750.26,12751.15,12586.38,12613.11,63884092.0,113306648576.0
2011-02-21,12526.25,12872.95,12518.61,12872.47,69078920.0,118038315008.0
2011-02-22,12917.36,12918.42,12465.42,12473.33,83760400.0,145964335104.0
2011-02-23,12436.63,12554.98,12396.05,12492.71,60176672.0,105498476544.0
2011-02-24,12476.04,12601.43,12387.76,12578.43,62973712.0,105791070208.0
2011-02-25,12585.82,12735.15,12464.4,12633.88,57996808.0,100014186496.0
2011-02-28,12658.19,12907.68,12562.95,12902.43,68262312.0,113685880832.0
2011-03-01,12911.07,13023.02,12866.82,12948.72,76792400.0,126042882048.0
2011-03-02,12878.43,12912.72,12683.98,12880.27,68192848.0,112594624512.0
2011-03-03,12889.23,12966.85,12698.16,12698.16,69726912.0,114803564544.0
2011-03-04,12714.24,12908.49,12669.52,12893.84,58646980.0,92206899200.0
2011-03-07,12961.42,13163.21,12961.42,13140.88,84613512.0,134796083200.0
2011-03-08,13146.68,13154.91,13041.21,13144.18,73255592.0,118986522624.0
2011-03-09,13171.05,13233.02,13102.19,13158.21,70130016.0,116275970048.0
2011-03-10,13115.17,13115.17,12994.26,13004.86,70904424.0,121892478976.0
2011-03-11,12928.25,13038.99,12821.07,12848.02,69182208.0,119571046400.0
2011-03-14,12814.1,12958.29,12776.91,12958.29,68192696.0,116585127936.0
2011-03-15,12905.99,12905.99,12447.71,12705.32,83565352.0,138117578752.0
2011-03-16,12699.4,12876.12,12668.24,12865.75,74873888.0,121973456896.0
2011-03-17,12741.81,12851.92,12612.77,12650.67,74046704.0,120093048832.0
2011-03-18,12796.41,12839.29,12675.49,12721.99,57742500.0,94201692160.0
2011-03-21,12745.38,12806.74,12594.12,12643.73,56770204.0,93699506176.0
2011-03-22,12679.81,12706.88,12471.39,12667.26,51863272.0,87482302464.0
2011-03-23,12670.26,12853.15,12648.73,12845.53,61241584.0,99530375168.0
2011-03-24,12878.07,12893.36,12768.94,12771.46,64141824.0,102987333632.0
2011-03-25,12797.97,12980.31,12780.53,12942.07,77473296.0,123433492480.0
2011-03-28,13020.21,13075.23,12858.45,12875.52,89907600.0,144756391936.0
2011-03-29,12848.74,12895.38,12670.69,12677.61,90725184.0,134552469504.0
2011-03-30,12677.99,12774.42,12565.14,12661.22,71037832.0,104705605632.0
2011-03-31,12665.86,12707.98,12501.24,12562.9,60295000.0,87188447232.0
2011-04-01,12559.78,12699.42,12498.83,12699.42,51999624.0,76431433728.0
2011-04-06,12648.91,12765.76,12568.84,12740.87,65572416.0,101348851712.0
2011-04-07,12749.53,12908.7,12715.79,12890.66,65076884.0,98362236928.0
2011-04-08,12881.25,13039.73,12839.71,13036.23,64231852.0,100151312384.0
2011-04-11,13075.69,13142.43,12918.93,12925.05,81924728.0,122086088704.0
2011-04-12,12906.61,13042.25,12839.53,12902.22,77984064.0,107108024320.0
2011-04-13,12848.16,13102.08,12772.32,13102.08,69364992.0,97533534208.0
2011-04-14,13119.48,13119.48,12964.28,12991.92,71799808.0,101590368256.0
2011-04-15,12948.82,13054.81,12825.46,12965.75,72080416.0,101493899264.0
2011-04-18,12912.98,13045.82,12881.59,13001.33,80023176.0,111052800000.0
2011-04-19,12876.2,12909.19,12727.31,12799.24,89256024.0,120453603328.0
2011-04-20,12779.02,12849.65,12720.52,12753.85,71192528.0,103519633408.0
2011-04-21,12795.79,12864.72,12760.74,12798.75,75048616.0,112504242176.0
2011-04-22,12796.33,12819.96,12687.62,12708.42,68430592.0,98890383360.0
2011-04-25,12664.45,12664.45,12487.53,12508.01,69901864.0,102151176192.0
2011-04-26,12486.82,12548.17,12361.86,12448.48,56482608.0,80821690368.0
2011-04-27,12502.96,12573.3,12280.08,12358.88,56820060.0,81171300352.0
2011-04-28,12398.68,12447.75,12148.17,12149.25,56469476.0,79087575040.0
2011-04-29,12148.93,12312.99,12138.85,12312.99,42649260.0,59850104832.0
2011-05-03,12314.7,12423.46,12199.58,12423.46,44750664.0,64027189248.0
2011-05-04,12365.24,12365.24,12014.42,12070.41,50369852.0,72729419776.0
2011-05-05,12017.28,12133.14,12005.44,12085.99,41501424.0,58916990976.0
2011-05-06,11958.04,12150.24,11896.98,12067.61,49067344.0,67800698880.0
2011-05-09,12074.14,12214.18,12074.14,12125.01,44259092.0,62426161152.0
2011-05-10,12146.33,12216.94,12102.79,12216.94,44308692.0,63362052096.0
2011-05-11,12229.31,12282.88,12117.67,12202.62,51880672.0,71851687936.0
2011-05-12,12114.45,12249.34,12072.21,12072.21,55870552.0,75869085696.0
2011-05-13,12092.16,12164.13,11958.58,12156.61,49947008.0,69591195648.0
2011-05-16,12110.97,12215.97,12046.54,12051.24,53157340.0,69463072768.0
2011-05-17,12031.83,12212.15,11983.88,12128.5,59984512.0,79659646976.0
2011-05-18,12100.89,12262.47,12091.58,12230.69,47939728.0,62689767424.0
2011-05-19,12270.25,12341.93,12153.41,12158.11,51062016.0,65273491456.0
2011-05-20,12167.8,12221.81,12130.15,12161.03,43300912.0,58398613504.0
2011-05-23,12148.59,12148.59,11742.19,11742.19,58076832.0,73666183168.0
2011-05-24,11703.64,11768.78,11640.22,11749.92,48942716.0,63704637440.0
2011-05-25,11716.15,11795.73,11600.21,11615.42,46604112.0,58871926784.0
2011-05-26,11695.49,11752.73,11530.7,11530.7,46290424.0,59010310144.0
2011-05-27,11537.04,11645.97,11483.56,11492.71,47756324.0,58569965568.0
2011-05-30,11456.31,11595.14,11405.06,11478.21,38580080.0,49147052032.0
2011-05-31,11485.75,11665.14,11420.94,11665.14,42173112.0,53110153216.0
2011-06-01,11648.86,11719.64,11593.83,11699.83,43741896.0,57221574656.0
2011-06-02,11566.43,11613.5,11366.12,11506.52,46554088.0,59725357056.0
2011-06-03,11492.33,11690.09,11487.3,11642.4,41096784.0,55982923776.0
2011-06-07,11614.0,11756.9,11599.31,11741.26,40264744.0,53428969472.0
2011-06-08,11726.33,11787.12,11581.64,11761.1,48454448.0,60392759296.0
2011-06-09,11725.21,11735.21,11508.39,11513.2,49035248.0,61327839232.0
2011-06-10,11508.58,11596.58,11454.04,11593.38,43625004.0,54637117440.0
2011-06-13,11518.06,11558.66,11427.15,11521.98,37235320.0,48074633216.0
2011-06-14,11501.22,11765.12,11495.11,11732.04,49195144.0,61848281088.0
2011-06-15,11703.19,11794.54,11614.38,11615.97,45083696.0,57573392384.0
2011-06-16,11516.65,11551.32,11417.58,11435.99,41692844.0,51796770816.0
2011-06-17,11451.76,11567.0,11409.16,11409.16,36381488.0,46208569344.0
2011-06-20,11408.36,11446.76,11288.62,11328.67,33344232.0,43283673088.0
2011-06-21,11360.93,11514.25,11360.93,11509.98,38680908.0,48709713920.0
2011-06-22,11524.63,11598.75,11484.73,11543.65,37594544.0,47896862720.0
2011-06-23,11511.91,11817.22,11474.98,11775.32,48223048.0,63986536448.0
2011-06-24,11749.93,12092.23,11732.21,11996.08,72653968.0,98913755136.0
2011-06-27,12005.06,12106.65,11947.49,12026.29,65487752.0,90034380800.0
2011-06-28,12056.53,12067.09,11929.0,12047.09,54269784.0,75255234560.0
2011-06-29,12048.86,12102.35,11911.83,11913.2,52496464.0,71469613056.0
2011-06-30,11935.83,12157.56,11930.35,12110.93,56651688.0,76508774400.0
2011-07-01,12148.97,12267.81,12087.92,12178.08,59501896.0,82029608960.0
2011-07-04,12241.66,12475.39,12241.66,12441.17,77083368.0,106034077696.0
2011-07-05,12432.97,12486.71,12382.82,12440.37,74141848.0,102594600960.0
2011-07-06,12420.63,12446.78,12311.15,12425.68,68771128.0,96621961216.0
2011-07-07,12440.86,12548.98,12375.23,12392.93,77566912.0,114838282240.0
2011-07-08,12390.34,12478.84,12343.66,12404.34,58078088.0,82975039488.0
2011-07-11,12357.58,12494.24,12302.24,12438.56,58273024.0,84232544256.0
2011-07-12,12344.06,12381.11,12232.22,12268.19,67908112.0,96387686400.0
2011-07-13,12285.88,12491.38,12285.88,12479.15,63158768.0,93972807680.0
2011-07-14,12515.69,12546.51,12355.22,12440.83,72791888.0,110297595904.0
2011-07-15,12390.1,12511.39,12355.58,12506.94,79569360.0,120247828480.0
2011-07-18,12511.68,12537.79,12461.06,12490.55,71197552.0,106722033664.0
2011-07-19,12429.23,12448.03,12358.55,12381.46,62200080.0,93008011264.0
2011-07-20,12445.69,12470.0,12277.39,12393.99,56302692.0,82913738752.0
2011-07-21,12390.0,12425.49,12296.25,12301.41,54822920.0,80742612992.0
2011-07-22,12331.14,12432.03,12307.75,12352.5,49412516.0,74141360128.0
2011-07-25,12258.12,12289.51,11919.85,11966.24,66662828.0,95445827584.0
2011-07-26,11951.93,12011.59,11909.7,12008.53,44383224.0,63199567872.0
2011-07-27,11922.66,12143.69,11885.9,12116.86,50725016.0,76023635968.0
2011-07-28,12014.36,12093.96,11952.34,12085.92,50667260.0,78521417728.0
2011-07-29,12069.96,12116.38,11915.22,11990.43,46418752.0,70539403264.0
2011-08-01,11975.28,12074.95,11940.89,12002.42,39819028.0,62567809024.0
2011-08-02,11927.46,11932.04,11752.6,11932.04,47597552.0,72521375744.0
2011-08-03,11813.38,12011.86,11809.98,11922.37,48276804.0,75985829888.0
2011-08-04,11954.45,12047.87,11901.46,11934.41,46188668.0,68393529344.0
2011-08-05,11585.94,11769.68,11547.15,11701.76,53151372.0,79074230272.0
2011-08-08,11576.57,11693.98,11107.11,11312.63,67863544.0,95217164288.0
2011-08-09,11007.55,11380.07,10926.47,11315.08,64196744.0,88905932800.0
2011-08-10,11519.31,11574.75,11441.91,11449.58,62209188.0,91576762368.0
2011-08-11,11260.42,11627.49,11260.42,11627.49,62691888.0,91766415360.0
2011-08-12,11683.62,11738.87,11630.29,11651.29,66457320.0,93086810112.0
2011-08-15,11686.43,11767.74,11611.23,11767.74,66284152.0,89590030336.0
2011-08-16,11782.13,11797.42,11628.34,11665.41,57912720.0,82985189376.0
2011-08-17,11648.0,11726.16,11577.8,11598.28,50252516.0,70157803520.0
2011-08-18,11597.12,11618.52,11399.67,11414.16,51287416.0,73243066368.0
2011-08-19,11218.66,11337.57,11191.55,11301.53,46155636.0,67356352512.0
2011-08-22,11315.3,11377.45,11083.4,11112.64,40496304.0,60794683392.0
2011-08-23,11146.64,11243.42,11120.59,11243.42,42657096.0,64466046976.0
2011-08-24,11313.98,11369.98,11225.52,11238.95,48488220.0,75624095744.0
2011-08-25,11268.8,11605.07,11229.4,11598.93,59236588.0,83842301952.0
2011-08-26,11547.55,11599.88,11472.28,11568.17,51733004.0,77919199232.0
2011-08-29,11464.88,11484.46,11356.57,11372.38,51090300.0,76215713792.0
2011-08-30,11457.93,11573.28,11328.99,11344.45,51194528.0,76011642880.0
2011-08-31,11371.25,11436.12,11306.28,11397.48,40913472.0,61495689216.0
2011-09-01,11425.11,11491.35,11308.95,11352.86,37830004.0,53755400192.0
2011-09-02,11324.01,11353.96,11176.04,11228.29,34376780.0,48408162304.0
2011-09-05,11129.37,11131.78,10954.9,10954.9,33965140.0,48444563456.0
2011-09-06,10887.59,10966.73,10736.33,10778.43,30465996.0,44719943680.0
2011-09-07,10852.08,11011.18,10810.91,11011.18,39140400.0,54048780288.0
2011-09-08,11063.01,11069.41,10933.31,10933.31,36724560.0,51931303936.0
2011-09-09,10990.5,11101.71,10850.5,10892.39,31443016.0,44482822144.0
2011-09-13,10738.6,10806.37,10669.47,10775.3,30604054.0,41793740800.0
2011-09-14,10807.62,10847.18,10604.64,10822.4,33110330.0,44930502656.0
2011-09-15,10839.58,10938.82,10813.2,10848.02,35693772.0,48593760256.0
2011-09-16,10905.59,10955.62,10860.05,10878.23,33727024.0,45396729856.0
2011-09-19,10815.8,10815.8,10646.49,10657.62,33401738.0,42029920256.0
2011-09-20,10635.47,10740.94,10569.19,10679.3,32129296.0,41170300928.0
2011-09-21,10683.29,11035.24,10639.42,10991.85,53768764.0,69917351936.0
2011-09-22,10896.61,10941.8,10660.46,10660.46,48823836.0,62047682560.0
2011-09-23,10466.04,10618.12,10392.91,10538.4,42311600.0,53778313216.0
2011-09-26,10433.11,10602.09,10299.35,10328.47,38335864.0,45844828160.0
2011-09-27,10416.9,10513.94,10314.53,10448.66,37114224.0,47820783616.0
2011-09-28,10522.36,10549.9,10327.53,10369.93,36684360.0,47026425856.0
2011-09-29,10296.69,10411.7,10224.72,10287.9,39088816.0,46955540480.0
2011-09-30,10340.04,10383.52,10249.78,10292.33,29458592.0,35368706048.0
2011-10-10,10315.96,10343.66,10158.41,10170.75,25853872.0,30793486336.0
2011-10-11,10416.61,10452.33,9953.13,10065.47,38691120.0,48271699968.0
2011-10-12,9997.56,10444.02,9949.14,10425.93,53249040.0,63685836800.0
2011-10-13,10399.39,10564.55,10362.35,10481.84,56556644.0,68777574400.0
2011-10-14,10457.75,10500.11,10352.26,10438.26,40670104.0,51142840320.0
2011-10-17,10455.51,10588.13,10450.51,10513.49,40608400.0,55809679360.0
2011-10-18,10442.57,10469.17,10215.94,10226.93,43792524.0,58280644608.0
2011-10-19,10255.6,10304.32,10094.33,10105.74,36206312.0,47037227008.0
2011-10-20,10049.37,10049.37,9721.11,9796.23,40961440.0,51331923968.0
2011-10-21,9799.96,9857.97,9691.6,9697.21,31280904.0,38481825792.0
2011-10-24,9735.34,9977.6,9653.51,9957.62,41896264.0,50256478208.0
2011-10-25,9954.23,10241.1,9916.35,10203.4,57706056.0,70631317504.0
2011-10-26,10146.75,10418.35,10144.43,10315.75,66976532.0,82963111936.0
2011-10-27,10341.41,10400.47,10293.2,10323.29,52400528.0,65872408576.0
2011-10-28,10476.64,10637.1,10474.55,10561.99,68579680.0,86307397632.0
2011-10-31,10546.41,10546.41,10415.55,10480.91,60166604.0,80414425088.0
2011-11-01,10389.02,10563.47,10364.71,10441.7,60343352.0,80588988416.0
2011-11-02,10291.62,10581.75,10233.63,10581.75,72340864.0,97400111104.0
2011-11-03,10618.46,10777.77,10618.46,10624.12,98220752.0,134091407360.0
2011-11-04,10721.48,10791.39,10642.5,10699.49,69914656.0,92660301824.0
2011-11-07,10660.15,10717.21,10579.42,10591.66,55810940.0,71888748544.0
2011-11-08,10619.41,10663.66,10519.26,10541.1,54597992.0,69263400960.0
2011-11-09,10575.18,10636.5,10455.69,10625.88,57208840.0,77886799872.0
2011-11-10,10508.72,10567.48,10464.37,10477.55,64347292.0,89260154880.0
2011-11-11,10500.57,10531.14,10375.38,10418.93,53201344.0,72028651520.0
2011-11-14,10501.73,10645.68,10495.7,10645.68,64735148.0,89430695936.0
2011-11-15,10631.05,10640.32,10545.01,10583.0,61348296.0,84838572032.0
2011-11-16,10593.55,10595.88,10282.25,10313.33,69156528.0,89019326464.0
2011-11-17,10317.32,10408.61,10296.52,10303.16,50177960.0,69739782144.0
2011-11-18,10236.99,10242.07,10002.77,10025.17,54002740.0,70797041664.0
2011-11-21,10032.46,10063.85,9953.57,10033.79,37793896.0,51201388544.0
2011-11-22,9971.68,10052.44,9922.3,10028.2,37943100.0,51054120960.0
2011-11-23,10043.02,10076.68,9933.21,9957.32,36252956.0,50304675840.0
2011-11-24,9889.55,10023.07,9837.85,9966.74,40008148.0,52500660224.0
2011-11-25,9943.66,9999.55,9866.28,9886.25,36750432.0,51057729536.0
2011-11-28,9908.12,9961.66,9833.44,9884.7,35044104.0,49232764928.0
2011-11-29,9970.92,10012.94,9903.18,10012.94,42279656.0,58776199168.0
2011-11-30,9991.95,9991.95,9626.76,9693.39,54149812.0,69784477696.0
2011-12-01,9976.52,10102.35,9902.82,9917.86,61706568.0,81180082176.0
2011-12-02,9868.41,9898.09,9757.95,9808.23,41016400.0,52908175360.0
2011-12-05,9805.45,9807.69,9572.02,9586.08,36523972.0,46957346816.0
2011-12-06,9568.87,9618.41,9505.23,9586.94,31189934.0,39946444800.0
2011-12-07,9582.38,9656.23,9551.21,9606.25,27439832.0,35922051072.0
2011-12-08,9603.15,9712.14,9477.13,9580.52,36325052.0,47145762816.0
2011-12-09,9516.25,9583.15,9439.84,9480.27,29532982.0,38305439744.0
2011-12-12,9457.83,9467.04,9365.38,9376.28,26740710.0,33114947584.0
2011-12-13,9343.24,9367.75,9175.17,9190.88,38317536.0,44425015296.0
2011-12-14,9164.21,9234.68,9064.63,9093.03,30003448.0,36272336896.0
2011-12-15,9041.06,9041.06,8850.47,8871.09,38967196.0,43461255168.0
2011-12-16,8864.95,9081.94,8849.8,9081.94,39671256.0,45866536960.0
2011-12-19,9002.68,9089.87,8808.66,9054.08,41055188.0,49006813184.0
2011-12-20,9020.97,9166.66,9013.35,9031.67,40182900.0,47802822656.0
2011-12-21,9111.32,9147.22,8884.25,8884.25,36251192.0,43769163776.0
2011-12-22,8828.62,8992.02,8710.57,8909.35,44180764.0,50101268480.0
2011-12-23,8899.22,9100.29,8866.64,8976.52,38258432.0,43892764672.0
2011-12-26,8931.58,9038.14,8875.1,8876.19,30597838.0,34853449728.0
2011-12-27,8876.62,8904.95,8692.38,8711.55,34733840.0,39635746816.0
2011-12-28,8667.33,8746.54,8555.12,8739.73,37004384.0,40055226368.0
2011-12-29,8693.14,8831.8,8682.61,8781.32,32672044.0,35220914176.0
2011-12-30,8805.41,8942.86,8805.41,8918.82,35111968.0,39957356544.0
2012-01-04,8980.76,9025.66,8695.2,8695.99,34334448.0,39175917568.0
2012-01-05,8653.1,8744.22,8566.06,8600.26,38885596.0,41829371904.0
2012-01-06,8597.37,8643.29,8486.58,8634.42,34044196.0,36229750784.0
2012-01-09,8638.53,8946.88,8532.67,8946.09,47812648.0,51626582016.0
2012-01-10,8930.56,9291.31,8909.25,9281.25,73862536.0,76211290112.0
2012-01-11,9278.05,9312.06,9186.16,9239.21,62948636.0,65603792896.0
2012-01-12,9191.54,9344.74,9177.59,9200.93,51626980.0,55680135168.0
2012-01-13,9216.96,9258.31,8951.72,9030.59,50363648.0,55663034368.0
2012-01-16,8951.18,9024.42,8823.8,8827.47,33604100.0,36908052480.0
2012-01-17,8835.88,9305.42,8762.57,9264.09,53914084.0,58240638976.0
2012-01-18,9326.44,9399.02,9085.04,9115.27,55233772.0,62422470656.0
2012-01-19,9119.88,9363.05,9078.98,9300.22,44553980.0,50002063360.0
2012-01-20,9348.45,9503.37,9259.02,9466.14,43248096.0,49560629248.0
2012-01-30,9482.21,9482.21,9274.85,9274.85,36119088.0,41570295808.0
2012-01-31,9278.09,9324.81,9213.14,9303.65,31739336.0,34463133696.0
2012-02-01,9277.79,9403.37,9173.07,9193.39,35221792.0,40039985152.0
2012-02-02,9222.24,9382.13,9174.72,9382.13,39621452.0,44780892160.0
2012-02-03,9349.28,9472.02,9292.78,9436.99,53875168.0,58966315008.0
2012-02-06,9451.17,9526.79,9404.49,9448.64,53652672.0,59911475200.0
2012-02-07,9393.76,9393.76,9206.86,9266.71,46551456.0,50740752384.0
2012-02-08,9259.64,9605.2,9236.16,9557.58,56991340.0,64431910912.0
2012-02-09,9548.22,9630.35,9493.93,9560.73,71838432.0,77861134336.0
2012-02-10,9539.7,9699.3,9539.7,9590.95,64097912.0,69559451648.0
2012-02-13,9463.95,9670.78,9420.4,9585.08,65569172.0,73851985920.0
2012-02-14,9574.87,9597.08,9478.59,9543.78,57497840.0,62602125312.0
2012-02-15,9523.65,9725.22,9515.79,9673.44,74306992.0,79841910784.0
2012-02-16,9647.15,9727.03,9557.94,9622.83,74484472.0,80416636928.0
2012-02-17,9681.45,9719.53,9553.59,9615.34,56325952.0,62368247808.0
2012-02-20,9741.15,9755.76,9616.65,9616.65,70208024.0,76457943040.0
2012-02-21,9632.44,9695.87,9539.83,9695.87,65651448.0,74179166208.0
2012-02-22,9709.93,9865.77,9701.56,9862.54,92465440.0,106061643776.0
2012-02-23,9859.43,9958.75,9840.05,9918.94,85064120.0,99420545024.0
2012-02-24,9922.16,10131.13,9907.03,10124.15,90503616.0,102042288128.0
2012-02-27,10157.18,10333.92,10157.18,10177.33,108120568.0,125453787136.0
2012-02-28,10155.04,10233.07,10087.06,10161.86,87713144.0,102223642624.0
2012-02-29,10126.68,10214.63,10048.79,10054.84,67073128.0,80349429760.0
2012-03-01,10011.12,10125.67,10011.12,10060.96,55810880.0,68220121088.0
2012-03-02,10078.82,10301.64,10078.82,10299.93,73426672.0,84813586432.0
2012-03-05,10338.0,10379.46,10217.53,10226.44,81279848.0,97852801024.0
2012-03-06,10193.23,10225.05,10070.49,10093.81,75709712.0,90050404352.0
2012-03-07,9997.89,10173.66,9991.33,10054.87,70884952.0,84007313408.0
2012-03-08,10092.13,10228.24,10084.52,10171.13,68459192.0,81483309056.0
2012-03-09,10202.95,10334.38,10161.72,10334.38,73678256.0,93124788224.0
2012-03-12,10322.95,10373.92,10228.39,10300.5,75432328.0,97779040256.0
2012-03-13,10308.64,10427.24,10292.04,10427.24,76612064.0,98007449600.0
2012-03-14,10487.29,10529.0,10063.79,10094.89,123190584.0,154285424640.0
2012-03-15,10101.28,10173.38,10013.43,10086.56,83177880.0,101403066368.0
2012-03-16,10115.31,10284.25,10071.58,10279.3,71781760.0,92380069888.0
2012-03-19,10256.51,10306.46,10186.08,10296.17,70166400.0,92013707264.0
2012-03-20,10255.25,10255.25,10110.38,10116.39,67812120.0,84786536448.0
2012-03-21,10152.3,10225.54,10006.92,10090.44,64702608.0,84423974912.0
2012-03-22,10082.25,10116.95,10008.88,10038.95,53726112.0,66897903616.0
2012-03-23,10002.9,10029.44,9858.37,9885.25,52465076.0,65001361408.0
2012-03-26,9871.89,9956.36,9871.89,9946.14,42128104.0,52591251456.0
2012-03-27,9959.44,10008.68,9830.51,9841.38,45763336.0,59188457472.0
2012-03-28,9800.29,9824.62,9515.98,9531.15,60848108.0,72169570304.0
2012-03-29,9478.12,9565.01,9352.17,9418.23,53249492.0,60013543424.0
2012-03-30,9426.64,9505.14,9365.53,9410.26,43354656.0,49767256064.0
2012-04-05,9410.97,9737.9,9388.78,9709.03,51154396.0,59898806272.0
2012-04-06,9704.88,9811.68,9684.37,9786.19,50033684.0,59395551232.0
2012-04-09,9739.07,9802.23,9650.57,9710.91,44614896.0,51254751232.0
2012-04-10,9682.83,9795.97,9516.89,9795.97,53561928.0,58762801152.0
2012-04-11,9683.11,9920.34,9666.54,9802.32,55815048.0,58957873152.0
2012-04-12,9817.78,10013.2,9779.68,10007.65,71509880.0,76548169728.0
2012-04-13,10043.26,10116.12,10008.67,10043.71,77337560.0,84839874560.0
2012-04-16,9975.63,10063.67,9954.89,10000.31,66675224.0,68577988608.0
2012-04-17,9999.2,10022.54,9837.78,9839.92,65498484.0,66909372416.0
2012-04-18,9888.05,10082.82,9842.07,10069.53,73459616.0,81284374528.0
2012-04-19,10049.77,10080.0,9971.62,10015.41,63631328.0,73166069760.0
2012-04-20,10004.28,10144.54,9996.72,10131.04,70004288.0,77845569536.0
2012-04-23,10142.0,10154.51,10034.25,10076.05,78497384.0,87022403584.0
2012-04-24,10010.35,10180.08,9841.44,10041.89,82217552.0,86116581376.0
2012-04-25,10012.85,10182.09,9993.69,10162.01,81483328.0,80915333120.0
2012-04-26,10182.46,10258.57,10152.05,10201.65,75356704.0,78361477120.0
2012-04-27,10191.09,10244.97,10172.52,10180.39,58066796.0,62047051776.0
2012-05-02,10319.48,10500.15,10253.04,10424.94,72376888.0,82099798016.0
2012-05-03,10415.29,10479.6,10400.32,10468.38,65922156.0,77350592512.0
2012-05-04,10464.59,10576.21,10410.94,10573.6,70541408.0,81756790784.0
2012-05-07,10512.69,10616.28,10509.75,10612.89,70131816.0,86490349568.0
2012-05-08,10604.96,10605.35,10413.45,10524.68,67976832.0,83445186560.0
2012-05-09,10410.84,10410.84,10282.82,10294.58,66158776.0,78060912640.0
2012-05-10,10287.76,10342.34,10255.25,10277.62,53579440.0,65813127168.0
2012-05-11,10261.55,10342.8,10210.73,10211.41,56573936.0,69015281664.0
2012-05-14,10278.95,10284.9,10091.0,10093.38,62402080.0,73921372160.0
2012-05-15,10027.4,10139.25,10009.52,10131.81,58073648.0,64812773376.0
2012-05-16,10099.81,10099.81,9916.47,9916.47,52468488.0,59303583744.0
2012-05-17,9942.18,10105.95,9915.81,10079.48,55935104.0,62837460992.0
2012-05-18,9995.91,10049.92,9880.04,9903.09,56457568.0,63960494080.0
2012-05-21,9893.77,10060.08,9870.35,9977.56,49836732.0,58008133632.0
2012-05-22,10030.54,10180.27,10022.73,10180.27,51400728.0,59260882944.0
2012-05-23,10142.91,10218.33,10055.93,10143.2,58659520.0,68177743872.0
2012-05-24,10122.57,10187.14,9951.27,9984.58,56753424.0,66713673728.0
2012-05-25,9980.18,10003.83,9848.92,9884.96,54182716.0,59696779264.0
2012-05-28,9816.78,10108.37,9755.59,10104.1,65293656.0,68554465280.0
2012-05-29,10101.4,10271.37,10087.48,10214.74,76708048.0,87842684928.0
2012-05-30,10196.53,10241.31,10135.38,10162.34,65397164.0,75454996480.0
2012-05-31,10089.95,10194.58,10050.08,10141.41,69983976.0,75970453504.0
2012-06-01,10142.12,10262.05,10095.33,10145.8,57473984.0,68387934208.0
2012-06-04,9988.53,10085.4,9871.04,9874.52,61191400.0,70831341568.0
2012-06-05,9899.65,9941.54,9816.76,9847.12,46562416.0,54138978304.0
2012-06-06,9863.7,9897.74,9772.47,9812.98,42433828.0,48554434560.0
2012-06-07,9921.31,9937.11,9730.58,9755.64,47231588.0,52601217024.0
2012-06-08,9839.68,9843.9,9685.34,9707.18,49795196.0,55538536448.0
2012-06-11,9731.8,9895.59,9704.44,9849.77,51628976.0,59582369792.0
2012-06-12,9800.87,9875.25,9773.66,9790.2,49943384.0,55601856512.0
2012-06-13,9835.41,9950.05,9795.06,9950.05,58029236.0,67446046720.0
2012-06-14,9937.35,10002.5,9881.15,9885.29,55849712.0,66727100416.0
2012-06-15,9906.58,9951.37,9760.05,9885.65,54461280.0,63666827264.0
2012-06-18,9921.23,10020.07,9916.3,9979.06,53783800.0,64364998656.0
2012-06-19,9954.0,9954.0,9829.66,9848.16,54726392.0,64847843328.0
2012-06-20,9877.19,9906.11,9800.57,9821.79,51596376.0,59203600384.0
2012-06-21,9787.58,9787.58,9621.77,9682.69,50085864.0,58333450240.0
2012-06-25,9635.7,9635.7,9402.23,9414.21,50461932.0,56509181952.0
2012-06-26,9373.14,9489.26,9351.8,9446.59,47024516.0,51856588800.0
2012-06-27,9444.27,9540.89,9406.39,9416.5,46781004.0,55315513344.0
2012-06-28,9449.71,9495.62,9383.27,9383.27,47767064.0,55160545280.0
2012-06-29,9374.36,9512.06,9363.97,9500.32,49147216.0,56413683712.0
2012-07-02,9575.09,9624.27,9510.68,9566.45,51857184.0,65500352512.0
2012-07-03,9566.57,9698.47,9533.29,9607.33,56926552.0,70838386688.0
2012-07-04,9637.11,9665.03,9543.28,9569.16,50589964.0,61863440384.0
2012-07-05,9511.0,9511.0,9366.89,9412.64,48926880.0,57839529984.0
2012-07-06,9463.07,9716.55,9431.13,9690.16,59334704.0,74190708736.0
2012-07-09,9636.22,9727.52,9491.45,9496.68,57871772.0,73109635072.0
2012-07-10,9467.75,9557.44,9445.95,9476.72,45863180.0,56337645568.0
2012-07-11,9455.46,9614.2,9453.63,9588.29,42827256.0,53606862848.0
2012-07-12,9575.53,9800.35,9541.09,9753.49,59498344.0,75751243776.0
2012-07-13,9720.46,9853.73,9708.62,9792.49,51268208.0,63528046592.0
2012-07-16,9768.6,9771.04,9540.89,9540.89,60108340.0,69801639936.0
2012-07-17,9503.45,9602.99,9476.9,9560.03,44714952.0,52302942208.0
2012-07-18,9545.37,9588.04,9328.9,9514.17,51702352.0,58097377280.0
2012-07-19,9488.89,9609.45,9432.96,9509.49,59706296.0,64605863936.0
2012-07-20,9471.96,9509.41,9325.26,9333.21,49905520.0,53626458112.0
2012-07-23,9255.94,9255.94,9152.98,9186.02,44308128.0,48479952896.0
2012-07-24,9133.92,9340.52,9130.18,9262.77,41465676.0,46222589952.0
2012-07-25,9225.55,9248.44,9146.13,9155.34,44224900.0,48734920704.0
2012-07-26,9148.78,9218.12,9069.97,9081.9,44808536.0,49661087744.0
2012-07-27,9099.42,9157.98,9054.87,9087.13,39613124.0,46240878592.0
2012-07-30,9087.3,9183.5,9055.59,9071.06,41487836.0,43287584768.0
2012-07-31,9080.8,9152.09,9033.92,9059.22,39634708.0,41656418304.0
2012-08-01,9047.59,9234.74,9045.43,9165.97,41152240.0,43188916224.0
2012-08-02,9150.95,9164.08,8959.17,8995.62,41696808.0,43797397504.0
2012-08-03,9016.53,9076.62,8957.28,9076.62,46468208.0,50576982016.0
2012-08-06,9055.12,9229.35,9036.76,9212.21,57819536.0,64348418048.0
2012-08-07,9217.79,9243.09,9175.67,9229.27,60287516.0,65896046592.0
2012-08-08,9231.89,9303.88,9191.3,9210.67,56380664.0,61586804736.0
2012-08-09,9203.41,9344.09,9176.78,9337.54,62408216.0,68995899392.0
2012-08-10,9335.56,9335.56,9224.3,9238.2,58176392.0,62396329984.0
2012-08-13,9226.46,9226.46,9035.41,9039.22,58306024.0,60897390592.0
2012-08-14,9039.45,9101.26,8929.0,9089.62,58336916.0,62172176384.0
2012-08-15,9052.79,9084.88,8994.38,9048.61,49176596.0,50872774656.0
2012-08-16,9018.36,9046.43,8963.87,8973.38,43233440.0,45308674048.0
2012-08-17,8963.4,8983.73,8801.97,8883.61,39274640.0,43303989248.0
2012-08-20,8805.35,8867.97,8737.63,8838.63,41910660.0,43764498432.0
2012-08-21,8831.52,8935.24,8799.24,8849.49,56081824.0,61944627200.0
2012-08-22,8859.46,8864.82,8690.13,8726.02,56194004.0,60699070464.0
2012-08-23,8739.2,8785.8,8655.61,8730.55,55730472.0,60522512384.0
2012-08-24,8697.24,8718.53,8578.56,8579.28,55806008.0,58613276672.0
2012-08-27,8562.34,8562.34,8401.09,8402.15,50501488.0,52320133120.0
2012-08-28,8389.17,8454.21,8358.64,8400.36,45195048.0,47182794752.0
2012-08-29,8364.66,8396.84,8270.02,8270.91,46226400.0,48842825728.0
2012-08-30,8218.72,8290.17,8132.36,8220.08,55749928.0,58669965312.0
2012-08-31,8218.9,8275.2,8210.99,8210.99,38499552.0,39054991360.0
2012-09-03,8220.31,8399.6,8215.34,8361.67,49307856.0,51857936384.0
2012-09-04,8374.24,8393.16,8223.35,8243.83,49382952.0,52311240704.0
2012-09-05,8223.1,8282.22,8182.05,8242.59,47957420.0,49968128000.0
2012-09-06,8255.68,8332.97,8230.35,8288.27,49029260.0,51028340736.0
2012-09-07,8363.81,8822.26,8363.81,8709.07,103417112.0,106166591488.0
2012-09-10,8738.45,8817.62,8716.58,8769.54,88752648.0,93850247168.0
2012-09-11,8728.09,8739.47,8638.76,8739.47,70949776.0,74966999040.0
2012-09-12,8788.01,8865.65,8695.15,8786.73,71149808.0,73687777280.0
2012-09-13,8778.61,8821.65,8691.0,8691.0,66551376.0,68670967808.0
2012-09-14,8801.58,8832.53,8670.55,8740.05,70078512.0,70292094976.0
2012-09-17,8717.32,8738.32,8483.52,8483.69,59659144.0,58756595712.0
2012-09-18,8456.32,8473.05,8367.0,8390.15,43090360.0,43783303168.0
2012-09-19,8407.49,8445.92,8351.6,8431.74,43455496.0,44107350016.0
2012-09-20,8393.01,8393.01,8200.91,8202.2,54873072.0,54299738112.0
2012-09-21,8186.74,8291.26,8156.63,8201.53,46720312.0,46933704704.0
2012-09-24,8148.37,8364.31,8095.52,8310.94,41522896.0,41614778368.0
2012-09-25,8296.95,8364.69,8256.62,8284.25,37411336.0,38128578560.0
2012-09-26,8289.85,8335.14,8178.67,8193.37,39287104.0,37887664128.0
2012-09-27,8198.56,8520.19,8198.56,8486.27,51932816.0,51407757312.0
2012-09-28,8422.29,8690.24,8415.04,8679.22,52651816.0,53829529600.0
2012-10-08,8677.99,8715.63,8495.35,8540.08,39758068.0,40260820992.0
2012-10-09,8583.58,8774.36,8583.58,8743.86,61683116.0,62332325888.0
2012-10-10,8727.75,8779.41,8684.12,8773.68,68034656.0,63953752064.0
2012-10-11,8741.94,8765.5,8658.94,8665.09,64880408.0,62941777920.0
2012-10-12,8695.29,8782.45,8579.59,8650.19,54382368.0,52082323456.0
2012-10-15,8660.72,8671.22,8551.1,8621.97,49251976.0,49207578624.0
2012-10-16,8618.43,8724.57,8597.33,8645.54,47540692.0,49123680256.0
2012-10-17,8684.86,8699.2,8563.55,8641.18,47736024.0,45305688064.0
2012-10-18,8673.73,8821.34,8663.43,8798.2,68300768.0,62393065472.0
2012-10-19,8817.42,8861.04,8779.45,8796.42,56482368.0,53366251520.0
2012-10-22,8749.03,8859.51,8725.8,8829.44,52343108.0,49869463552.0
2012-10-23,8824.96,8836.09,8680.96,8686.48,58715664.0,55403823104.0
2012-10-24,8662.74,8726.37,8640.09,8653.91,56806640.0,47917023232.0
2012-10-25,8653.99,8725.34,8587.77,8602.81,60919712.0,50210652160.0
2012-10-26,8597.07,8609.57,8369.05,8414.85,53594400.0,47730319360.0
2012-10-29,8394.46,8423.58,8339.66,8376.56,37880696.0,34398969856.0
2012-10-30,8384.36,8478.01,8366.34,8394.24,41293624.0,37706014720.0
2012-10-31,8412.31,8481.66,8386.9,8469.8,42093228.0,37381799936.0
2012-11-01,8473.03,8682.81,8473.03,8663.15,59752868.0,54402588672.0
2012-11-02,8668.72,8697.32,8616.92,8679.69,54307776.0,47984082944.0
2012-11-05,8674.26,8739.83,8607.14,8654.74,52166632.0,47731990528.0
2012-11-06,8649.8,8661.4,8483.7,8589.87,56544464.0,50333683712.0
2012-11-07,8581.53,8626.61,8534.67,8561.2,45585728.0,42354417664.0
2012-11-08,8489.29,8523.13,8399.38,8399.38,50444204.0,44954750976.0
2012-11-09,8384.07,8421.04,8339.55,8356.67,38913664.0,35124023296.0
2012-11-12,8371.24,8437.94,8313.0,8391.9,40903196.0,37342109696.0
2012-11-13,8382.91,8382.91,8222.5,8234.6,44820280.0,40001892352.0
2012-11-14,8241.12,8293.68,8205.74,8283.56,38251340.0,35312984064.0
2012-11-15,8231.11,8285.02,8173.77,8186.06,39194244.0,34725609472.0
2012-11-16,8169.67,8177.35,8043.75,8118.15,36711192.0,33303689216.0
2012-11-19,8109.78,8109.78,7954.07,8060.54,34296584.0,32407599104.0
2012-11-20,8074.66,8150.13,8043.88,8052.79,35063644.0,32587689984.0
2012-11-21,8055.64,8153.23,7988.85,8150.84,42894444.0,38307397632.0
2012-11-22,8079.94,8101.87,8027.76,8047.52,35956120.0,32718174208.0
2012-11-23,8074.0,8157.84,8054.09,8114.74,33586708.0,31633250304.0
2012-11-26,8096.71,8114.91,8003.34,8016.07,31944568.0,29930080256.0
2012-11-27,7986.7,8027.93,7931.74,7936.74,43118848.0,37101907968.0
2012-11-28,7914.32,7917.4,7844.49,7854.06,36690152.0,31377440768.0
2012-11-29,7853.92,7919.35,7808.96,7808.96,34599184.0,30435160064.0
2012-11-30,7808.54,7960.98,7786.84,7903.25,37233168.0,30878789632.0
2012-12-03,7903.25,7951.65,7698.86,7710.88,39133084.0,33968140288.0
2012-12-04,7684.49,7828.12,7660.45,7801.75,43018040.0,36421533696.0
2012-12-05,7783.03,8150.4,7782.68,8091.68,72617920.0,62037250048.0
2012-12-06,8081.82,8135.14,8010.21,8071.49,51743824.0,44363468800.0
2012-12-07,8046.48,8211.64,8007.4,8189.68,74477456.0,62723891200.0
2012-12-10,8199.18,8285.65,8150.03,8265.79,78326120.0,68168953856.0
2012-12-11,8230.03,8285.82,8201.25,8220.54,65266112.0,56041652224.0
2012-12-12,8221.38,8278.46,8168.64,8246.06,55050444.0,47969447936.0
2012-12-13,8222.57,8259.91,8171.35,8171.35,52405688.0,44307881984.0
2012-12-14,8183.72,8536.54,8183.72,8530.9,99324320.0,86319415296.0
2012-12-17,8545.03,8659.02,8545.03,8600.33,91504864.0,84221681664.0
2012-12-18,8576.27,8711.78,8511.4,8592.63,84299320.0,76952690688.0
2012-12-19,8579.68,8686.12,8558.25,8639.56,68430888.0,63420301312.0
2012-12-20,8604.2,8719.88,8532.72,8693.23,70899704.0,67975208960.0
2012-12-21,8702.74,8815.03,8630.67,8658.35,76940880.0,78230855680.0
2012-12-24,8647.42,8702.02,8605.95,8631.37,65791468.0,67954302976.0
2012-12-25,8613.28,8941.15,8571.7,8891.57,104958104.0,101406810112.0
2012-12-26,8887.39,8941.11,8872.5,8940.68,97393448.0,95627116544.0
2012-12-27,8976.63,9036.94,8910.75,8939.85,97232896.0,95885770752.0
2012-12-28,8953.34,9038.62,8926.97,9026.99,80609376.0,81525997568.0
2012-12-31,9042.98,9119.2,9007.11,9116.48,85085008.0,87851302912.0
2013-01-04,9204.11,9217.01,8991.74,9096.07,90904056.0,93979893760.0
2013-01-07,9073.97,9132.79,9033.95,9108.47,85454960.0,86810370048.0
2013-01-08,9102.03,9143.39,9010.16,9110.45,102823968.0,105019129856.0
2013-01-09,9077.5,9178.83,9066.82,9154.87,103363992.0,105632489472.0
2013-01-10,9151.81,9262.67,9121.59,9170.06,90842296.0,91196579840.0
2013-01-11,9185.17,9219.18,8988.3,9017.73,99940896.0,102498959360.0
2013-01-14,8981.74,9330.59,8976.02,9316.27,111936560.0,120278499328.0
2013-01-15,9332.9,9432.84,9312.87,9381.69,131761304.0,139670618112.0
2013-01-16,9359.34,9438.13,9232.33,9355.48,119816816.0,122913677312.0
2013-01-17,9335.05,9373.41,9258.58,9309.23,89836616.0,94263558144.0
2013-01-18,9358.4,9475.47,9286.05,9432.3,96135064.0,99053789184.0
2013-01-21,9543.24,9562.85,9465.89,9562.85,102048456.0,105344761856.0
2013-01-22,9591.82,9623.02,9456.21,9536.36,108997176.0,114422022144.0
2013-01-23,9495.73,9566.53,9434.02,9548.31,88479584.0,91021475840.0
2013-01-24,9540.63,9736.12,9385.46,9444.08,110355928.0,113957855232.0
2013-01-25,9432.61,9446.0,9353.39,9357.13,69130936.0,72443912192.0
2013-01-28,9361.31,9618.92,9361.31,9618.92,85655800.0,92213469184.0
2013-01-29,9636.33,9735.22,9627.66,9704.66,96638840.0,106531536896.0
2013-01-30,9695.41,9788.47,9667.68,9783.84,97972064.0,102689718272.0
2013-01-31,9788.26,9804.73,9637.58,9667.67,89861040.0,94218379264.0
2013-02-01,9648.92,9820.83,9609.84,9820.29,91760488.0,98056978432.0
2013-02-04,9830.9,9858.57,9693.62,9760.83,103148472.0,110802919424.0
2013-02-05,9717.56,9971.64,9709.6,9945.98,86950576.0,91073298432.0
2013-02-06,9942.04,9973.54,9884.13,9922.72,75460728.0,83322806272.0
2013-02-07,9896.23,9934.3,9782.5,9904.78,72347088.0,81604321280.0
2013-02-08,9880.26,10057.97,9880.26,9989.09,76411872.0,87088357376.0
2013-02-18,10036.38,10049.53,9765.91,9795.91,85940608.0,94774992896.0
2013-02-19,9787.04,9787.04,9519.74,9550.93,90705248.0,95786631168.0
2013-02-20,9548.18,9646.6,9510.76,9645.87,84382880.0,93192790016.0
2013-02-21,9553.76,9553.76,9290.19,9396.11,104078288.0,114093768704.0
2013-02-22,9386.47,9454.15,9353.87,9364.54,73784040.0,85064474624.0
2013-02-25,9399.45,9449.32,9305.06,9342.37,69760832.0,80072376320.0
2013-02-26,9291.88,9428.78,9193.93,9208.03,86331032.0,98603220992.0
2013-02-27,9241.66,9375.72,9232.88,9333.24,73862472.0,82377162752.0
2013-02-28,9393.33,9641.44,9350.65,9641.44,89937296.0,99464953856.0
2013-03-01,9630.87,9679.45,9497.71,9650.14,95968144.0,109118464000.0
2013-03-04,9393.73,9397.82,9081.44,9139.75,122711720.0,130686656512.0
2013-03-05,9138.5,9353.26,9085.36,9341.35,94331008.0,104577597440.0
2013-03-06,9396.75,9444.99,9342.38,9431.17,118759288.0,127055069184.0
2013-03-07,9409.21,9506.29,9268.48,9393.69,114656224.0,123437744128.0
2013-03-08,9396.85,9417.3,9282.53,9285.83,79061448.0,85959122944.0
2013-03-11,9256.96,9340.91,9155.94,9277.16,67090820.0,70143844352.0
2013-03-12,9268.17,9396.41,9082.58,9163.64,89634384.0,94599749632.0
2013-03-13,9150.95,9159.14,9028.76,9073.22,65699964.0,68661362688.0
2013-03-14,9029.84,9137.55,9009.01,9087.25,55152916.0,60732809216.0
2013-03-15,9087.37,9312.13,8937.07,9099.29,73013272.0,81271980032.0
2013-03-18,9048.36,9152.3,8975.63,8999.02,62077172.0,69944696832.0
2013-03-19,9013.29,9081.03,8930.06,9034.04,62118484.0,66764525568.0
2013-03-20,9035.65,9329.72,9027.82,9317.97,80200376.0,85857968128.0
2013-03-21,9315.86,9382.91,9263.52,9326.29,84755192.0,92382879744.0
2013-03-22,9319.22,9371.9,9285.85,9343.41,74224720.0,79104835584.0
2013-03-25,9368.89,9393.48,9279.95,9313.13,71401016.0,77321191424.0
2013-03-26,9290.05,9339.35,9149.14,9226.64,71820984.0,78170079232.0
2013-03-27,9220.35,9357.52,9168.63,9225.13,67410304.0,74388996096.0
2013-03-28,9099.48,9099.48,8946.17,8959.26,77154048.0,82832998400.0
2013-03-29,8976.08,8996.43,8879.29,8889.77,56547744.0,61351157760.0
2013-04-01,8901.64,9000.21,8884.18,8937.76,59435656.0,64442789888.0
2013-04-02,8974.02,9112.93,8928.32,8960.46,69551104.0,76407758848.0
2013-04-03,9007.65,9062.11,8930.99,8964.47,63143080.0,66297282560.0
2013-04-08,8828.07,8960.98,8748.74,8953.84,65199572.0,71332921344.0
2013-04-09,8965.62,9067.25,8961.88,8993.11,60927900.0,66231508992.0
2013-04-10,8994.44,9006.92,8891.14,8962.3,58645744.0,66373476352.0
2013-04-11,9017.61,9036.95,8915.71,8920.71,53574140.0,56567324672.0
2013-04-12,8911.38,8975.44,8823.83,8835.15,51397788.0,54757490688.0
2013-04-15,8792.91,8818.18,8694.17,8733.44,51304216.0,52784160768.0
2013-04-16,8656.23,8861.21,8645.19,8852.42,52688040.0,55338283008.0
2013-04-17,8852.78,8917.69,8819.96,8894.37,52179144.0,59374682112.0
2013-04-18,8837.25,8996.63,8813.05,8888.02,54849080.0,63385972736.0
2013-04-19,8910.43,9142.9,8903.7,9111.19,78352544.0,86504079360.0
2013-04-22,9095.73,9140.45,9012.72,9057.62,81580816.0,89893797888.0
2013-04-23,9055.23,9055.47,8783.77,8793.13,79539864.0,89640902656.0
2013-04-24,8786.42,8985.02,8742.19,8911.65,80643760.0,91908661248.0
2013-04-25,8870.69,8941.27,8758.28,8772.58,87958592.0,100140392448.0
2013-04-26,8809.19,8857.89,8667.58,8691.39,67193296.0,73941065728.0
2013-05-02,8643.9,8726.14,8597.71,8718.2,53635364.0,61822529536.0
2013-05-03,8736.48,8967.09,8736.48,8847.68,73632632.0,83257868288.0
2013-05-06,8887.22,9016.42,8868.53,8997.08,82261048.0,95039889408.0
2013-05-07,8974.17,9072.71,8940.71,9022.9,76258160.0,88010432512.0
2013-05-08,9081.13,9170.83,9039.07,9074.84,84106472.0,95094349824.0
2013-05-09,9071.11,9101.58,8959.81,9050.08,93141536.0,109394018304.0
2013-05-10,9014.57,9117.3,8994.44,9071.16,85194264.0,99090497536.0
2013-05-13,9080.1,9110.45,8975.7,9014.28,81604464.0,91072684032.0
2013-05-14,9003.47,9007.22,8773.8,8809.09,79547600.0,88799723520.0
2013-05-15,8823.84,8888.67,8808.35,8869.85,76449840.0,88782012416.0
2013-05-16,8838.95,9061.33,8791.35,9061.33,104954224.0,122293092352.0
2013-05-17,9060.53,9264.21,9059.25,9246.28,110832416.0,121834446848.0
2013-05-20,9274.13,9396.27,9255.69,9307.15,125334320.0,146641911808.0
2013-05-21,9314.76,9403.54,9292.42,9403.54,125626288.0,143198060544.0
2013-05-22,9400.79,9462.02,9347.93,9405.06,121514944.0,138235805696.0
2013-05-23,9362.73,9445.4,9242.46,9265.68,116652616.0,122185998336.0
2013-05-24,9288.05,9365.3,9206.83,9304.86,95971016.0,108738576384.0
2013-05-27,9278.22,9323.21,9223.72,9260.63,107385808.0,123539808256.0
2013-05-28,9263.83,9441.69,9199.41,9441.69,115031936.0,128006782976.0
2013-05-29,9456.21,9511.18,9398.67,9404.4,109578592.0,118267682816.0
2013-05-30,9388.82,9427.75,9340.12,9379.19,105069480.0,115184754688.0
2013-05-31,9397.31,9429.54,9256.95,9257.95,102788456.0,116337516544.0
2013-06-03,9259.48,9345.66,9227.22,9251.24,94937216.0,108256583680.0
2013-06-04,9254.63,9254.63,9091.62,9124.27,99874120.0,105428672512.0
2013-06-05,9133.17,9147.36,9066.28,9143.44,71306448.0,79471026176.0
2013-06-06,9105.43,9147.63,8995.71,9001.09,77932168.0,84261675008.0
2013-06-07,8992.27,9012.16,8728.49,8763.61,82712640.0,89472229376.0
2013-06-13,8642.32,8642.32,8362.02,8432.43,78645704.0,82005458944.0
2013-06-14,8459.05,8501.72,8433.28,8479.46,74162768.0,85555273728.0
2013-06-17,8500.04,8521.03,8357.62,8404.5,77126504.0,93431029760.0
2013-06-18,8433.51,8497.65,8369.2,8470.87,69803752.0,79540609024.0
2013-06-19,8428.65,8431.97,8257.42,8421.24,71972688.0,79627075584.0
2013-06-20,8369.04,8388.43,8138.57,8147.48,70360472.0,77823959040.0
2013-06-21,8012.92,8189.7,7969.96,8136.05,70928192.0,75107868672.0
2013-06-24,8115.84,8115.84,7558.03,7588.52,89907152.0,88949981184.0
2013-06-25,7486.83,7582.37,7045.6,7495.1,109586016.0,105402548224.0
2013-06-26,7544.89,7591.1,7409.25,7566.4,91797032.0,98668658688.0
2013-06-27,7598.93,7712.4,7544.33,7544.33,95516272.0,102295281664.0
2013-06-28,7508.35,7841.75,7479.9,7694.47,80151680.0,81352261632.0
2013-07-01,7649.3,7725.92,7544.78,7718.48,70860560.0,77685735424.0
2013-07-02,7720.77,7796.56,7652.66,7768.84,84218576.0,97166106624.0
2013-07-03,7748.59,7748.59,7591.58,7703.74,88497792.0,100768669696.0
2013-07-04,7641.45,7901.91,7597.26,7804.11,96539528.0,105160073216.0
2013-07-05,7852.63,7968.87,7852.63,7856.59,85896912.0,92799975424.0
2013-07-08,7741.41,7811.0,7634.29,7637.63,78611248.0,80758169600.0
2013-07-09,7624.13,7684.22,7570.54,7600.47,58237860.0,62965030912.0
2013-07-10,7609.4,7851.25,7584.12,7851.25,80591440.0,83949977600.0
2013-07-11,7858.07,8281.55,7849.49,8184.77,121347232.0,120636915712.0
2013-07-12,8171.01,8218.19,7999.44,8012.84,102780864.0,111810977792.0
2013-07-15,8072.75,8247.67,8003.99,8137.77,99405296.0,113171587072.0
2013-07-16,8109.85,8201.08,8050.15,8186.68,102102664.0,113167114240.0
2013-07-17,8161.65,8215.61,8055.99,8063.8,102056864.0,112407306240.0
2013-07-18,8026.61,8064.02,7887.36,7904.27,90641968.0,100423434240.0
2013-07-19,7914.27,7937.63,7663.99,7663.99,106887408.0,119422025728.0
2013-07-22,7608.68,7717.72,7566.75,7684.23,83466248.0,94884618240.0
2013-07-23,7737.03,7998.41,7726.06,7963.7,109634104.0,124511248384.0
2013-07-24,7945.29,7995.32,7817.91,7935.85,113659048.0,133508694016.0
2013-07-25,7948.95,7996.63,7849.13,7894.6,108690424.0,123751964672.0
2013-07-26,7845.22,7905.4,7787.39,7843.36,86047776.0,94063976448.0
2013-07-29,7772.16,7772.16,7639.16,7668.54,83437600.0,91442085888.0
2013-07-30,7690.45,7858.54,7619.36,7730.17,81461240.0,89166995456.0
2013-07-31,7849.55,7956.41,7748.3,7765.4,75919960.0,83003162624.0
2013-08-01,7819.45,7967.03,7789.93,7931.79,97145064.0,107446927360.0
2013-08-02,8023.73,8084.9,7957.17,7961.47,104761208.0,117982216192.0
2013-08-05,7955.38,8060.39,7930.46,8060.39,91680704.0,102452436992.0
2013-08-06,8033.67,8170.5,7980.4,8143.02,109725216.0,120710512640.0
2013-08-07,8167.11,8250.87,8084.05,8096.09,110270560.0,120290099200.0
2013-08-08,8090.66,8170.72,8065.63,8114.87,87785136.0,97947467776.0
2013-08-09,8158.38,8214.68,8061.61,8145.97,96203904.0,106795859968.0
2013-08-12,8181.95,8357.82,8173.76,8356.73,114180008.0,123129446400.0
2013-08-13,8353.26,8366.67,8290.22,8362.65,103017648.0,104695660544.0
2013-08-14,8375.03,8467.78,8303.41,8336.81,108161792.0,113287389184.0
2013-08-15,8342.63,8383.59,8225.79,8228.87,92861512.0,102711091200.0
2013-08-16,8204.12,8476.05,8152.69,8168.09,115951728.0,122194624512.0
2013-08-19,8110.8,8319.53,8104.41,8285.72,85925064.0,93609246720.0
2013-08-20,8269.82,8357.73,8192.85,8234.56,92680176.0,103832313856.0
2013-08-21,8264.72,8268.65,8174.22,8236.09,89385048.0,95876702208.0
2013-08-22,8223.3,8325.77,8202.05,8245.04,94799544.0,103922032640.0
2013-08-23,8281.19,8307.02,8045.8,8166.28,108535264.0,124085411840.0
2013-08-26,8200.16,8346.7,8180.28,8334.57,99301304.0,112525443072.0
2013-08-27,8325.97,8352.4,8280.72,8341.77,100078064.0,110775074816.0
2013-08-28,8286.89,8338.29,8197.4,8259.38,118028304.0,128912703488.0
2013-08-29,8287.24,8306.32,8177.29,8214.49,100007920.0,104265564160.0
2013-08-30,8197.19,8290.39,8163.11,8202.48,123056472.0,126082916352.0
2013-09-02,8214.95,8269.82,8148.17,8243.58,95657408.0,96146980864.0
2013-09-03,8257.46,8374.31,8245.01,8368.04,102296616.0,103892959232.0
2013-09-04,8354.49,8400.81,8330.52,8344.96,104961800.0,106378018816.0
2013-09-05,8352.0,8364.07,8274.19,8286.06,99141128.0,108406972416.0
2013-09-06,8277.14,8354.31,8256.12,8280.33,94885704.0,104489287680.0
2013-09-09,8334.42,8537.92,8319.1,8504.74,123759560.0,132484653056.0
2013-09-10,8535.54,8636.63,8498.38,8636.63,130476256.0,135522549760.0
2013-09-11,8636.71,8722.39,8622.26,8675.63,151541632.0,149016100864.0
2013-09-12,8648.66,8766.35,8627.81,8714.88,112666632.0,111755608064.0
2013-09-13,8709.05,8766.7,8676.59,8687.54,104216896.0,106744070144.0
2013-09-16,8706.38,8722.49,8627.32,8659.0,99670792.0,109379846144.0
2013-09-17,8652.5,8652.5,8493.66,8493.78,99733168.0,106638221312.0
2013-09-18,8463.02,8524.34,8405.23,8480.74,80009088.0,91160666112.0
2013-09-23,8503.92,8722.59,8503.92,8719.29,101665944.0,116221083648.0
2013-09-24,8718.16,8718.27,8564.83,8664.8,113629776.0,130607120384.0
2013-09-25,8642.49,8707.5,8587.37,8613.71,114619448.0,128988127232.0
2013-09-26,8578.14,8612.33,8415.44,8439.47,104211104.0,116540170240.0
2013-09-27,8442.14,8515.14,8425.62,8472.29,83715688.0,96917741568.0
2013-09-30,8485.65,8544.74,8461.66,8514.57,75205176.0,90464124928.0
2013-10-08,8505.11,8707.05,8461.57,8681.53,101451992.0,122486243328.0
2013-10-09,8645.63,8675.59,8601.97,8667.77,106585368.0,127985598464.0
2013-10-10,8684.64,8727.14,8605.42,8685.79,124215240.0,143435431936.0
2013-10-11,8722.43,8773.18,8661.4,8737.97,120516656.0,136822407168.0
2013-10-14,8736.76,8815.75,8707.32,8760.1,129726232.0,148494434304.0
2013-10-15,8756.82,8765.55,8627.09,8700.35,129658248.0,147068796928.0
2013-10-16,8664.75,8690.38,8499.59,8542.87,125471768.0,138386145280.0
2013-10-17,8583.93,8614.95,8503.85,8521.2,110875040.0,122878345216.0
2013-10-18,8529.56,8629.55,8493.94,8584.87,89803800.0,103236714496.0
2013-10-21,8608.93,8742.04,8571.79,8739.52,120838680.0,138633576448.0
2013-10-22,8727.67,8744.8,8596.02,8619.64,138596320.0,159664390144.0
2013-10-23,8640.8,8719.63,8492.69,8512.96,125500576.0,138196664320.0
2013-10-24,8486.11,8550.86,8423.95,8486.52,85515808.0,95423668224.0
2013-10-25,8488.34,8570.28,8325.87,8379.61,96795072.0,108754001920.0
2013-10-28,8398.25,8411.81,8297.66,8336.68,83843904.0,91004362752.0
2013-10-29,8352.17,8504.57,8214.54,8398.92,123205168.0,127319220224.0
2013-10-30,8402.65,8559.77,8377.96,8553.37,92264848.0,98669166592.0
2013-10-31,8516.15,8549.76,8428.36,8444.41,92455224.0,95416524800.0
2013-11-01,8433.76,8493.38,8370.87,8451.72,74330040.0,79639289856.0
2013-11-04,8493.31,8524.48,8395.3,8416.93,65971576.0,72477081600.0
2013-11-05,8357.57,8460.18,8269.73,8451.73,80979368.0,87294353408.0
2013-11-06,8409.87,8434.95,8285.85,8287.86,92322640.0,100075970560.0
2013-11-07,8277.89,8300.76,8187.05,8240.25,74249696.0,79829614592.0
2013-11-08,8185.61,8250.04,8126.8,8155.4,70373400.0,74654482432.0
2013-11-11,8142.39,8208.91,8082.24,8168.67,59923004.0,65880342528.0
2013-11-12,8179.04,8298.67,8167.47,8279.31,68522632.0,76434489344.0
2013-11-13,8221.13,8227.99,8103.49,8111.0,70468104.0,76134391808.0
2013-11-14,8131.64,8162.62,8054.96,8156.54,74383824.0,85697036288.0
2013-11-15,8163.95,8418.73,8162.78,8305.91,101445328.0,116549181440.0
2013-11-18,8356.91,8526.7,8328.86,8523.75,112301760.0,126360297472.0
2013-11-19,8517.12,8521.25,8430.73,8461.21,103699776.0,116326514688.0
2013-11-20,8546.4,8564.21,8435.78,8510.68,99989584.0,108651724800.0
2013-11-21,8469.53,8501.65,8353.67,8472.02,109758976.0,120308940800.0
2013-11-22,8496.48,8508.6,8405.46,8413.34,99414112.0,105521528832.0
2013-11-25,8351.83,8479.57,8340.33,8379.55,91624536.0,102843310080.0
2013-11-26,8364.53,8408.61,8337.19,8365.35,87016984.0,103100424192.0
2013-11-27,8353.08,8478.31,8347.81,8447.46,98334512.0,120397889536.0
2013-11-28,8471.27,8630.38,8463.89,8548.37,113943016.0,131250536448.0
2013-11-29,8552.18,8573.35,8520.11,8542.61,105030064.0,131288924160.0
2013-12-02,8461.49,8593.99,8355.99,8376.64,136621200.0,153281527808.0
2013-12-03,8353.79,8514.92,8340.21,8492.52,96806272.0,112627384320.0
2013-12-04,8482.4,8648.01,8460.06,8600.82,118305904.0,134549094400.0
2013-12-05,8598.42,8629.2,8545.04,8560.79,103095824.0,116473585664.0
2013-12-06,8555.39,8586.15,8491.62,8526.68,86694328.0,96328785920.0
2013-12-09,8562.34,8593.67,8487.89,8519.68,83797040.0,97984995328.0
2013-12-10,8534.35,8597.19,8510.0,8554.17,94184584.0,103135248384.0
2013-12-11,8496.44,8497.86,8365.63,8409.8,86407424.0,95008301056.0
2013-12-12,8391.76,8443.79,8360.78,8400.65,78146168.0,92821659648.0
2013-12-13,8323.4,8467.28,8317.34,8429.82,78315632.0,91999223808.0
2013-12-16,8441.11,8446.34,8271.86,8272.67,87781232.0,101865177088.0
2013-12-17,8282.26,8292.59,8207.32,8213.43,72165520.0,84042924032.0
2013-12-18,8220.33,8259.08,8194.0,8236.95,62994992.0,74025992192.0
2013-12-19,8263.69,8276.94,8143.78,8147.71,66519088.0,77997211648.0
2013-12-20,8169.22,8175.4,7966.72,7966.72,69416728.0,79017099264.0
2013-12-23,7991.34,8023.16,7903.08,7989.51,62241016.0,72994652160.0
2013-12-24,8017.25,8125.49,7958.37,8027.43,64804516.0,78500085760.0
2013-12-25,8038.21,8119.95,7997.36,8096.37,71356536.0,88050229248.0
2013-12-26,8067.29,8071.73,7887.37,7897.33,77880424.0,95279357952.0
2013-12-27,7911.23,8092.77,7893.76,8048.85,79775120.0,95052185600.0
2013-12-30,8074.69,8080.7,7988.9,7999.3,80561744.0,96971218944.0
2013-12-31,7968.45,8129.26,7959.28,8121.79,75884056.0,91044265984.0
2014-01-02,8083.77,8124.56,8048.27,8114.39,77112376.0,96795811840.0
2014-01-03,8077.48,8094.96,7995.59,8028.33,89324176.0,111615467520.0
2014-01-06,8013.37,8013.37,7790.9,7818.46,91005456.0,106634215424.0
2014-01-07,7760.96,7848.36,7752.56,7806.31,71634504.0,85689933824.0
2014-01-08,7816.98,7901.22,7770.38,7802.14,86802096.0,111810625536.0
2014-01-09,7774.65,7875.59,7740.85,7746.74,89318344.0,113116037120.0
2014-01-10,7723.74,7732.04,7644.92,7648.04,74877112.0,86402990080.0
2014-01-13,7646.46,7697.52,7521.19,7572.56,68205104.0,79897092096.0
2014-01-14,7568.6,7666.52,7543.37,7665.77,77926040.0,88779612160.0
2014-01-15,7660.66,7697.04,7614.52,7668.8,80090800.0,96905273344.0
2014-01-16,7677.98,7724.4,7647.28,7667.22,79560904.0,98669772800.0
2014-01-17,7637.68,7659.57,7541.27,7544.57,70020944.0,86969221120.0
2014-01-20,7526.7,7573.8,7477.79,7524.33,69242680.0,87273070592.0
2014-01-21,7528.79,7641.6,7528.79,7593.43,74737168.0,96208764928.0
2014-01-22,7612.19,7821.08,7597.44,7820.45,104251152.0,130282168320.0
2014-01-23,7818.76,7855.23,7764.48,7788.47,101509280.0,134641926144.0
2014-01-24,7771.58,7908.89,7760.2,7855.14,109781960.0,143325069312.0
2014-01-27,7810.23,7815.72,7723.6,7752.54,110863312.0,136984018944.0
2014-01-28,7773.55,7810.8,7679.81,7740.75,85674352.0,110191452160.0
2014-01-29,7754.18,7790.02,7695.27,7707.59,84088576.0,111635619840.0
2014-01-30,7704.49,7705.63,7560.54,7572.63,72031120.0,98536734720.0
2014-02-07,7515.09,7616.57,7479.56,7616.57,85165432.0,112784007168.0
2014-02-10,7655.57,7827.39,7651.49,7812.16,136149776.0,176509616128.0
2014-02-11,7814.2,7877.09,7781.25,7838.12,140301680.0,182530441216.0
2014-02-12,7835.06,7904.83,7809.94,7902.08,130429528.0,168917204992.0
2014-02-13,7895.23,7936.75,7846.99,7857.11,136424192.0,176786292736.0
2014-02-14,7840.96,7895.39,7821.63,7883.75,112747176.0,147356205056.0
2014-02-17,7922.74,7947.73,7866.3,7943.96,140017312.0,182882009088.0
2014-02-18,7947.42,7947.42,7808.15,7832.47,142928160.0,187248148480.0
2014-02-19,7837.41,7967.07,7816.06,7953.94,140841152.0,174990262272.0
2014-02-20,7956.92,7997.02,7836.27,7842.12,138204224.0,165235458048.0
2014-02-21,7825.54,7859.2,7718.53,7750.56,106448064.0,131633127424.0
2014-02-24,7697.21,7697.21,7465.91,7542.53,118813824.0,148396982272.0
2014-02-25,7551.0,7559.8,7272.34,7303.95,154796384.0,203392548864.0
2014-02-26,7271.19,7349.17,7226.18,7319.61,116402176.0,141571391488.0
2014-02-27,7352.59,7361.15,7179.17,7188.74,125535224.0,159519408128.0
2014-02-28,7181.43,7366.69,7174.33,7365.93,106077696.0,133096349696.0
2014-03-03,7349.95,7410.66,7335.43,7391.91,108452520.0,135451975680.0
2014-03-04,7390.67,7390.67,7272.64,7347.11,110682040.0,139167547392.0
2014-03-05,7352.72,7370.63,7279.3,7298.13,102263840.0,127696707584.0
2014-03-06,7282.74,7374.84,7186.7,7352.03,102661120.0,127836209152.0
2014-03-07,7338.75,7382.14,7306.05,7328.48,99797536.0,126105976832.0
2014-03-10,7269.49,7269.49,7114.8,7118.44,103971904.0,122678067200.0
2014-03-11,7103.3,7258.69,7091.3,7212.57,86383080.0,103439736832.0
2014-03-12,7187.88,7291.55,7139.35,7217.02,92225992.0,106232750080.0
2014-03-13,7226.83,7335.1,7217.84,7319.29,81407888.0,94243930112.0
2014-03-14,7287.34,7317.45,7205.18,7239.06,78971456.0,90182352896.0
2014-03-17,7266.95,7342.34,7257.02,7340.62,85033200.0,102489137152.0
2014-03-18,7347.04,7357.06,7266.58,7273.95,93755008.0,118486409216.0
2014-03-19,7246.06,7246.06,7098.7,7150.12,97482544.0,112287318016.0
2014-03-20,7135.41,7187.31,6997.63,6998.19,104319720.0,119293018112.0
2014-03-21,6973.09,7261.27,6959.25,7241.57,107927680.0,116589182976.0
2014-03-24,7237.26,7308.15,7180.12,7273.76,111643968.0,115275538432.0
2014-03-25,7247.11,7318.75,7220.72,7252.35,107017912.0,105737273344.0
2014-03-26,7270.02,7292.56,7228.91,7244.19,87932472.0,96618577920.0
2014-03-27,7230.63,7276.87,7154.65,7173.02,98077088.0,105973014528.0
2014-03-28,7165.47,7234.45,7144.07,7165.57,102647400.0,108892856320.0
2014-03-31,7219.21,7279.57,7146.15,7189.58,70977776.0,76893003776.0
2014-04-01,7184.07,7302.74,7177.85,7281.11,65889000.0,73836601344.0
2014-04-02,7291.73,7358.36,7284.12,7333.59,80971216.0,86139052032.0
2014-04-03,7355.21,7396.85,7280.44,7298.0,79896208.0,85705564160.0
2014-04-04,7281.34,7367.8,7260.13,7367.8,70722088.0,78402052096.0
2014-04-08,7334.18,7526.47,7323.41,7508.66,86122544.0,94587633664.0
2014-04-09,7510.32,7556.04,7479.62,7511.25,85879536.0,101094916096.0
2014-04-10,7534.02,7607.48,7467.19,7563.2,106144320.0,121170870272.0
2014-04-11,7543.71,7611.15,7528.66,7586.83,88311240.0,99877920768.0
2014-04-14,7588.61,7618.57,7553.5,7583.28,81467792.0,92223586304.0
2014-04-15,7568.17,7568.17,7438.96,7449.71,89673000.0,97520975872.0
2014-04-16,7430.61,7511.0,7430.24,7468.46,75500472.0,83443122176.0
2014-04-17,7484.16,7512.27,7441.08,7451.04,73967408.0,83963224064.0
2014-04-18,7425.84,7475.72,7380.73,7455.74,66285956.0,76442697728.0
2014-04-21,7412.34,7493.41,7351.19,7353.6,80274440.0,92516237312.0
2014-04-22,7355.63,7392.88,7276.72,7391.22,80792184.0,91795226624.0
2014-04-23,7388.26,7470.15,7379.89,7434.73,64229448.0,73778184192.0
2014-04-24,7426.28,7472.04,7392.16,7419.44,67768776.0,76992561152.0
2014-04-25,7423.9,7459.01,7323.65,7323.65,78183592.0,81488289792.0
2014-04-28,7324.87,7353.34,7233.71,7240.46,80736344.0,82675286016.0
2014-04-29,7234.65,7353.02,7215.12,7339.86,60024296.0,65099812864.0
2014-04-30,7320.79,7335.47,7279.34,7312.86,55119576.0,60512772096.0
2014-05-05,7289.24,7334.39,7214.06,7309.56,58068536.0,65007366144.0
2014-05-06,7282.92,7381.22,7282.92,7311.89,69025048.0,80016441344.0
2014-05-07,7292.01,7292.01,7232.48,7234.69,66066136.0,74432266240.0
2014-05-08,7185.2,7306.79,7157.26,7169.98,65560024.0,70315507712.0
2014-05-09,7175.24,7182.42,7093.22,7162.44,64245976.0,69163909120.0
2014-05-12,7208.04,7334.47,7175.22,7318.14,86283520.0,85732442112.0
2014-05-13,7321.66,7362.87,7290.73,7310.31,76516632.0,78510473216.0
2014-05-14,7320.36,7369.17,7303.63,7325.52,65506952.0,68069642240.0
2014-05-15,7309.88,7309.88,7205.71,7213.77,67136344.0,75559206912.0
2014-05-16,7203.82,7261.35,7187.8,7242.17,59542644.0,66806050816.0
2014-05-19,7210.85,7210.85,7105.02,7151.49,53750372.0,58455302144.0
2014-05-20,7180.32,7220.33,7130.06,7151.18,57893664.0,68592238592.0
2014-05-21,7121.36,7205.24,7075.32,7204.65,56262924.0,63470469120.0
2014-05-22,7201.72,7295.04,7181.04,7183.68,72241216.0,82337267712.0
2014-05-23,7188.56,7246.95,7161.75,7240.92,64365384.0,75429756928.0
2014-05-26,7289.63,7306.61,7233.17,7275.11,74473040.0,93377511424.0
2014-05-27,7265.24,7305.96,7253.9,7260.12,68598360.0,82657558528.0
2014-05-28,7263.31,7381.47,7246.09,7380.69,86127400.0,101929385984.0
2014-05-29,7395.58,7432.35,7340.98,7341.56,82972560.0,99547004928.0
2014-05-30,7344.83,7393.38,7309.02,7364.83,74040888.0,86738812928.0
2014-06-03,7365.61,7399.46,7319.78,7321.52,68886560.0,80361922560.0
2014-06-04,7314.97,7314.97,7177.66,7223.13,68698000.0,79476244480.0
2014-06-05,7215.95,7306.76,7205.1,7303.64,68814408.0,82563325952.0
2014-06-06,7272.23,7283.65,7195.13,7235.39,72134920.0,86510542848.0
2014-06-09,7217.54,7301.34,7205.34,7227.24,66773040.0,78788722688.0
2014-06-10,7229.97,7345.54,7229.62,7341.66,76463136.0,93013524480.0
2014-06-11,7323.04,7354.49,7307.36,7340.69,80486936.0,97814773760.0
2014-06-12,7313.83,7318.75,7280.01,7299.81,81324400.0,96028409856.0
2014-06-13,7293.5,7429.96,7290.14,7401.35,93931520.0,111775145984.0
2014-06-16,7397.05,7433.54,7372.93,7416.99,94870112.0,115055378432.0
2014-06-17,7400.08,7400.08,7320.72,7331.37,90059568.0,105924780032.0
2014-06-18,7329.94,7351.97,7291.74,7297.4,87583456.0,97175126016.0
2014-06-19,7301.39,7324.64,7148.02,7180.32,91647592.0,100185538560.0
2014-06-20,7181.15,7207.63,7134.54,7195.69,67626200.0,72645246976.0
2014-06-23,7205.89,7253.98,7184.16,7192.87,73677240.0,85848268800.0
2014-06-24,7200.66,7243.32,7185.41,7240.85,76396760.0,88114159616.0
2014-06-25,7238.82,7238.82,7174.6,7217.65,73090744.0,84928643072.0
2014-06-26,7219.17,7306.73,7219.17,7291.88,93087880.0,110726914048.0
2014-06-27,7291.18,7344.79,7270.52,7312.62,107321800.0,120097742848.0
2014-06-30,7312.68,7362.43,7312.68,7343.28,110419392.0,124152029184.0
2014-07-01,7340.59,7350.87,7277.41,7297.5,110619656.0,126092378112.0
2014-07-02,7298.02,7319.35,7258.31,7310.38,114908992.0,130888876032.0
2014-07-03,7300.25,7362.39,7286.18,7335.54,126898552.0,139643748352.0
2014-07-04,7346.69,7363.16,7318.57,7333.91,113706208.0,129182162944.0
2014-07-07,7336.63,7373.23,7301.57,7321.52,105693304.0,122121453568.0
2014-07-08,7319.29,7358.33,7277.46,7358.33,109020856.0,127761850368.0
2014-07-09,7341.17,7342.32,7192.71,7192.71,124840920.0,148000423936.0
2014-07-10,7193.22,7218.1,7149.38,7159.63,105137112.0,121660604416.0
2014-07-11,7158.58,7232.72,7146.45,7206.97,108297880.0,121227870208.0
2014-07-14,7206.13,7279.15,7180.21,7278.86,120393912.0,137945120768.0
2014-07-15,7278.96,7314.18,7270.12,7304.41,132087544.0,145469816832.0
2014-07-16,7289.19,7324.68,7251.57,7261.91,114813960.0,124054274048.0
2014-07-17,7251.15,7251.15,7151.43,7194.74,91885696.0,97758511104.0
2014-07-18,7166.65,7312.83,7159.84,7259.45,90983016.0,96094576640.0
2014-07-21,7264.54,7301.15,7251.35,7274.51,86376816.0,94743674880.0
2014-07-22,7261.37,7384.87,7258.58,7372.65,104399400.0,111348867072.0
2014-07-23,7362.74,7412.84,7341.56,7375.31,114333304.0,120272789504.0
2014-07-24,7384.92,7510.42,7384.92,7503.4,125476784.0,126786379776.0
2014-07-25,7528.34,7578.12,7503.62,7578.12,109311024.0,107540979712.0
2014-07-28,7630.36,7826.79,7630.36,7808.66,151530800.0,150076112896.0
2014-07-29,7828.35,7895.73,7799.14,7867.04,150922864.0,157822500864.0
2014-07-30,7867.93,7920.97,7820.8,7853.23,142900736.0,152956502016.0
2014-07-31,7845.8,7957.46,7821.71,7956.91,133759352.0,142715027456.0
2014-08-01,7919.78,8021.15,7880.42,7880.98,154593344.0,161377959936.0
2014-08-04,7896.97,8006.91,7892.55,8006.91,132202048.0,139213471744.0
2014-08-05,8007.47,8032.28,7950.52,8007.76,147052608.0,157762240512.0
2014-08-06,7962.56,8022.54,7883.08,7995.5,149689888.0,153150996480.0
2014-08-07,7990.0,8027.51,7869.88,7872.95,144574832.0,150324756480.0
2014-08-08,7890.88,7929.12,7845.26,7885.33,119019136.0,130318237696.0
2014-08-11,7902.24,8017.13,7902.24,8009.74,133496304.0,149733163008.0
2014-08-12,8000.92,8000.92,7933.51,7966.89,139151136.0,157536337920.0
2014-08-13,7967.91,8029.73,7897.8,7980.49,149238784.0,164115300352.0
2014-08-14,7977.33,7998.91,7887.95,7893.9,150320224.0,163384082432.0
2014-08-15,7901.19,8012.14,7891.06,7982.07,143527680.0,155912716288.0
2014-08-18,8018.18,8058.55,7985.89,8045.86,163200704.0,181096644608.0
2014-08-19,8064.62,8073.22,7994.5,8043.25,179505552.0,202924638208.0
2014-08-20,8029.51,8060.51,8000.21,8023.07,162564464.0,180475363328.0
2014-08-21,8021.15,8024.65,7904.07,8010.71,152407360.0,172289523712.0
2014-08-22,8003.53,8074.42,7997.59,8059.4,143779968.0,171607310336.0
2014-08-25,8054.88,8056.21,7925.22,7934.81,138162912.0,164346658816.0
2014-08-26,7915.33,7946.39,7786.23,7813.98,140715296.0,161180893184.0
2014-08-27,7809.52,7881.25,7809.52,7841.07,111630624.0,129304649728.0
2014-08-28,7840.39,7854.28,7735.68,7743.54,112609912.0,128018923520.0
2014-08-29,7758.36,7841.7,7755.47,7841.7,91724128.0,108254658560.0
2014-09-01,7852.91,7944.15,7852.87,7941.16,118722992.0,143786639360.0
2014-09-02,7958.85,8046.71,7923.98,8043.31,160572528.0,193816150016.0
2014-09-03,8051.09,8136.56,8051.09,8115.87,178840624.0,214000435200.0
2014-09-04,8141.39,8180.42,8103.2,8176.57,178983280.0,215644848128.0
2014-09-05,8202.66,8237.42,8158.83,8214.53,176109616.0,205630013440.0
2014-09-09,8220.96,8225.1,8155.83,8201.51,173481248.0,200182775808.0
2014-09-10,8164.41,8172.12,8109.45,8158.6,172139664.0,199157825536.0
2014-09-11,8153.52,8251.06,8095.86,8117.92,199450736.0,236003590144.0
2014-09-12,8104.42,8147.2,8069.68,8146.99,162039632.0,186434338816.0
2014-09-15,8124.73,8125.23,8051.53,8112.65,187663632.0,221198893056.0
2014-09-16,8130.22,8143.91,7918.6,7921.07,236756960.0,258439544832.0
2014-09-17,7951.42,7986.49,7893.1,7981.82,163892672.0,178244943872.0
2014-09-18,7964.47,8020.36,7942.85,8004.57,148114480.0,157842276352.0
2014-09-19,8006.06,8060.74,7971.22,8047.25,139380320.0,161179860992.0
2014-09-22,8036.87,8036.87,7886.88,7895.87,148771888.0,171978555392.0
2014-09-23,7906.47,7974.82,7906.47,7965.89,138204432.0,163929079808.0
2014-09-24,7944.32,8103.3,7925.38,8100.22,173413552.0,200878161920.0
2014-09-25,8137.33,8167.03,8058.7,8076.51,184506320.0,219110703104.0
2014-09-26,8050.64,8078.07,8021.27,8072.88,150396512.0,176173907968.0
2014-09-29,8084.27,8107.15,8045.89,8082.85,166357104.0,201982050304.0
2014-09-30,8095.27,8100.29,8060.35,8080.35,150114832.0,181597634560.0
2014-10-08,8134.37,8183.65,8073.72,8183.65,166616448.0,207662678016.0
2014-10-09,8199.68,8234.92,8131.17,8204.01,205407520.0,247541334016.0
2014-10-10,8186.33,8260.23,8158.34,8211.54,196812992.0,225311883264.0
2014-10-13,8179.49,8193.36,8092.49,8164.07,176278288.0,203119017984.0
2014-10-14,8150.86,8200.35,8105.54,8139.96,173649472.0,199189921792.0
2014-10-15,8141.14,8209.9,8086.63,8198.12,167377520.0,194002845696.0
2014-10-16,8156.79,8227.14,8110.69,8110.69,175915488.0,208453009408.0
2014-10-17,8116.82,8182.83,8015.62,8151.52,169842176.0,198626508800.0
2014-10-20,8175.68,8219.8,8153.1,8204.2,130724224.0,161426587648.0
2014-10-21,8197.17,8206.89,8101.6,8106.92,133715424.0,162221817856.0
2014-10-22,8114.89,8162.84,8059.56,8063.2,123235584.0,151895212032.0
2014-10-23,8044.71,8077.78,7957.03,7969.16,134196032.0,153411092480.0
2014-10-24,7982.31,8003.79,7899.54,7921.13,99986736.0,121670582272.0
2014-10-27,7881.01,7881.01,7803.46,7829.33,102102904.0,125810769920.0
2014-10-28,7846.87,7988.34,7846.87,7988.34,140408352.0,172840681472.0
2014-10-29,8010.41,8109.64,7962.03,8090.68,189326896.0,228241932288.0
2014-10-30,8088.98,8105.72,8034.08,8090.55,174979296.0,207800434688.0
2014-10-31,8109.55,8230.59,8088.26,8225.61,175512512.0,203715543040.0
2014-11-03,8245.03,8285.16,8202.53,8240.15,174610624.0,196310761472.0
2014-11-04,8231.5,8236.17,8179.34,8206.79,174736400.0,200646590464.0
2014-11-05,8221.95,8248.56,8189.84,8198.57,160771232.0,179510444032.0
2014-11-06,8206.55,8223.3,8137.42,8211.96,146144176.0,177258496000.0
2014-11-07,8226.31,8348.88,8183.06,8234.87,180524704.0,223870255104.0
2014-11-10,8299.42,8410.95,8251.74,8410.22,160353088.0,192360759296.0
2014-11-11,8443.25,8491.12,8243.9,8312.89,205719520.0,244123353088.0
2014-11-12,8287.57,8410.42,8271.84,8410.29,129804744.0,160415809536.0
2014-11-13,8416.68,8416.81,8288.06,8305.08,161702976.0,194120040448.0
2014-11-14,8263.97,8343.91,8242.49,8326.9,124537984.0,147944636416.0
2014-11-17,8358.13,8389.4,8278.12,8283.8,124974912.0,152059543552.0
2014-11-18,8264.4,8295.98,8173.44,8196.59,115222056.0,140892831744.0
2014-11-19,8206.78,8265.58,8202.78,8225.07,121399384.0,156227502080.0
2014-11-20,8210.82,8236.32,8190.4,8205.38,110448144.0,141946290176.0
2014-11-21,8209.98,8335.59,8194.52,8332.3,133861840.0,169298853888.0
2014-11-24,8498.06,8645.39,8464.61,8577.91,204871568.0,246147170304.0
2014-11-25,8600.31,8694.59,8578.46,8693.43,192364400.0,243915112448.0
2014-11-26,8712.29,8774.78,8680.86,8763.78,197444320.0,251554742272.0
2014-11-27,8798.41,8860.43,8743.93,8860.43,216232480.0,271933521920.0
2014-11-28,8837.47,9010.17,8767.12,9002.23,239302608.0,300099108864.0
2014-12-01,9029.64,9180.64,9028.83,9095.76,224839072.0,279965302784.0
2014-12-02,9058.32,9433.64,9027.3,9366.95,205523392.0,267444584448.0
2014-12-03,9448.37,9777.77,9441.83,9643.92,291208128.0,370038636544.0
2014-12-04,9679.59,10040.72,9659.95,10029.83,274676288.0,361133015040.0
2014-12-05,10164.37,10319.87,9749.14,10067.28,314418752.0,413179805696.0
2014-12-08,10047.12,10587.62,9919.65,10554.57,274433280.0,368237412352.0
2014-12-09,10496.63,11050.85,10042.01,10116.49,346237952.0,451419799552.0
2014-12-10,10154.53,10567.45,10048.46,10545.51,231667616.0,305664589824.0
2014-12-11,10443.66,10725.77,10387.59,10478.88,237050096.0,297410494464.0
2014-12-12,10451.61,10622.88,10390.02,10462.31,204780560.0,264699740160.0
2014-12-15,10477.45,10531.66,10298.38,10504.23,213950608.0,287672893440.0
2014-12-16,10486.69,10668.62,10429.56,10668.62,215090400.0,285656514560.0
2014-12-17,10728.74,10788.97,10533.12,10786.72,229876400.0,310665543680.0
2014-12-18,10744.27,10812.15,10656.35,10665.18,183919072.0,256893878272.0
2014-12-19,10646.66,10684.6,10382.29,10627.11,213942064.0,272063037440.0
2014-12-22,10607.58,10742.37,10474.92,10608.51,244645152.0,294555680768.0
2014-12-23,10549.98,10794.19,10490.14,10570.79,169693312.0,208273293312.0
2014-12-24,10614.12,10627.08,10179.26,10292.52,155466560.0,193698365440.0
2014-12-25,10350.94,10514.64,10296.0,10493.78,149952000.0,190358159360.0
2014-12-26,10505.71,10816.83,10487.91,10802.64,174122560.0,223208407040.0
2014-12-29,10918.96,10965.29,10665.26,10780.4,202810768.0,263381204992.0
2014-12-30,10756.58,10866.36,10660.2,10722.26,167743488.0,221340041216.0
2014-12-31,10723.09,11037.61,10711.33,11014.62,160285536.0,209456775168.0
2015-01-05,11150.98,11587.28,11150.98,11520.59,219070704.0,278914826240.0
2015-01-06,11424.92,11749.14,11374.5,11667.97,212155744.0,288323665920.0
2015-01-07,11612.73,11714.78,11505.03,11613.36,168866880.0,229556912128.0
2015-01-08,11624.59,11656.71,11371.92,11465.14,165212880.0,223004393472.0
2015-01-09,11424.53,11738.25,11313.25,11324.76,162238752.0,226394882048.0
2015-01-12,11279.73,11376.09,11116.06,11285.18,140752544.0,192733413376.0
2015-01-13,11250.88,11418.45,11244.42,11355.81,125765856.0,187885027328.0
2015-01-14,11366.95,11429.31,11153.17,11237.78,122510592.0,181169946624.0
2015-01-15,11240.84,11483.75,11161.52,11483.68,126651816.0,187278737408.0
2015-01-16,11496.76,11583.73,11436.28,11532.8,148050784.0,221170532352.0
2015-01-19,10939.04,11204.49,10634.62,10770.93,196080032.0,277089878016.0
2015-01-20,10761.28,11026.05,10750.85,10996.48,181833600.0,277313290240.0
2015-01-21,11051.95,11395.1,11000.74,11372.18,213212208.0,320221216768.0
2015-01-22,11358.44,11499.44,11342.08,11471.21,194407488.0,290692792320.0
2015-01-23,11507.44,11554.52,11379.96,11436.29,185668112.0,277748350976.0
2015-01-26,11564.22,11711.89,11512.01,11686.97,184692976.0,272299458560.0
2015-01-27,11670.24,11705.91,11368.99,11551.87,205426736.0,296524611584.0
2015-01-28,11484.99,11530.09,11309.21,11354.2,169103504.0,253585391616.0
2015-01-29,11187.3,11319.47,11161.43,11249.04,159251184.0,222092427264.0
2015-01-30,11290.45,11354.09,11132.8,11150.69,157033520.0,215511891968.0
2015-02-02,10952.14,11140.97,10921.44,10963.14,134466960.0,190729142272.0
2015-02-03,11077.48,11216.68,10993.55,11209.19,147368512.0,224410632192.0
2015-02-04,11241.98,11364.38,11111.53,11116.55,158301120.0,234697261056.0
2015-02-05,11367.14,11386.73,11065.58,11065.58,177820384.0,272972709888.0
2015-02-06,11022.49,11054.94,10715.43,10791.1,151425920.0,225922367488.0
2015-02-09,10792.0,10975.85,10760.05,10868.14,122420064.0,187418787840.0
2015-02-10,10887.68,11136.62,10875.29,11136.62,109038888.0,167217954816.0
2015-02-11,11174.31,11318.46,11167.12,11265.63,129919088.0,195730210816.0
2015-02-12,11268.59,11348.32,11185.0,11302.73,136658512.0,204097961984.0
2015-02-13,11362.0,11564.68,11338.01,11443.05,168623728.0,262212288512.0
2015-02-16,11474.88,11606.01,11437.74,11595.25,167329440.0,267923456000.0
2015-02-17,11658.05,11772.15,11644.54,11718.56,149753040.0,241479237632.0
2015-02-25,11755.18,11755.18,11500.69,11539.7,153589200.0,245165555712.0
2015-02-26,11526.51,11752.01,11470.43,11750.78,165904560.0,253773922304.0
2015-02-27,11736.29,11819.42,11719.66,11757.68,183047280.0,278829596672.0
2015-03-02,11869.96,11955.82,11781.61,11884.02,243671904.0,376201052160.0
2015-03-03,11800.99,11800.99,11515.55,11526.22,254475264.0,392989048832.0
2015-03-04,11530.93,11688.28,11521.7,11655.08,219367280.0,337643175936.0
2015-03-05,11597.49,11628.15,11484.8,11566.39,225214048.0,357241749504.0
2015-03-06,11600.66,11626.11,11381.91,11392.4,202648896.0,315510161408.0
2015-03-09,11280.02,11547.83,11169.05,11533.23,186067104.0,287940902912.0
2015-03-10,11501.98,11649.25,11479.28,11556.65,196431904.0,313718767616.0
2015-03-11,11554.66,11682.54,11491.69,11525.09,195466640.0,309149007872.0
2015-03-12,11593.69,11645.56,11516.25,11635.59,200386704.0,316797616128.0
2015-03-13,11680.47,11751.2,11654.19,11713.61,180821872.0,289367195648.0
2015-03-16,11791.42,12021.82,11748.08,12017.77,257323056.0,422579961856.0
2015-03-17,12083.44,12190.28,12046.8,12169.52,318895168.0,501526626304.0
2015-03-18,12206.72,12505.34,12190.25,12496.24,323777824.0,489115287552.0
2015-03-19,12549.55,12552.71,12337.67,12429.11,312999872.0,478377607168.0
2015-03-20,12427.41,12659.83,12387.89,12544.45,300403072.0,498135007232.0
2015-03-23,12644.19,12813.83,12644.19,12780.32,325460800.0,549493571584.0
2015-03-24,12841.14,12841.45,12495.92,12801.2,392860864.0,663922671616.0
2015-03-25,12776.0,12841.9,12656.52,12757.09,336806336.0,596183810048.0
2015-03-26,12703.35,12856.21,12601.75,12712.98,310254688.0,563569164288.0
2015-03-27,12779.33,12930.24,12717.43,12874.42,239315392.0,426090332160.0
2015-03-30,12917.14,13242.31,12894.49,13193.32,298807680.0,508362194944.0
2015-03-31,13420.92,13538.29,13106.97,13160.66,318974560.0,555628232704.0
2015-04-01,13187.42,13454.81,13142.4,13394.72,288819008.0,518578667520.0
2015-04-02,13486.89,13537.38,13235.28,13426.1,322379200.0,584112275456.0
2015-04-03,13336.87,13502.47,13296.95,13494.64,327878688.0,605134389248.0
2015-04-07,13626.62,13769.76,13625.26,13768.73,345236128.0,640980287488.0
2015-04-08,13814.98,13846.55,13513.14,13841.72,362023360.0,687546826752.0
2015-04-09,13898.49,13914.01,13505.85,13796.73,347202720.0,651324817408.0
2015-04-10,13718.92,14034.31,13650.32,14013.33,296357344.0,567018127360.0
2015-04-13,14100.35,14175.36,13972.41,14149.5,333419456.0,640209846272.0
2015-04-14,14132.61,14221.51,13920.06,14042.46,328462912.0,618102521856.0
2015-04-15,14023.4,14023.4,13646.61,13646.61,312592256.0,560661790720.0
2015-04-16,13549.87,14024.68,13492.77,13967.8,273974528.0,488401403904.0
2015-04-17,14120.77,14249.47,14039.04,14149.34,335539712.0,590148599808.0
2015-04-20,14132.83,14288.33,13814.96,13871.6,371118688.0,629255962624.0
2015-04-21,13882.44,14439.0,13882.44,14439.0,310578752.0,552191262720.0
2015-04-22,14529.24,14756.15,14510.93,14749.13,365187072.0,653682933760.0
2015-04-23,14842.21,14893.01,14647.14,14743.22,380609280.0,690767134720.0
2015-04-24,14615.54,14771.29,14422.54,14598.7,354123200.0,641251344384.0
2015-04-27,14749.02,14910.31,14644.01,14809.42,346983904.0,640242483200.0
2015-04-28,14946.95,14979.81,14580.42,14707.25,334430528.0,614853640192.0
2015-04-29,14669.22,14907.96,14542.32,14871.95,274366048.0,531111084032.0
2015-04-30,14909.06,15009.73,14818.64,14818.64,278190656.0,549220548608.0
2015-05-04,14846.48,14958.79,14714.91,14860.53,266454208.0,502559866880.0
2015-05-05,14831.91,14831.91,14145.5,14233.1,302435872.0,538375815168.0
2015-05-06,14347.55,14569.64,14032.02,14136.17,267956592.0,519238287360.0
2015-05-07,14080.36,14226.08,14027.6,14114.73,229133088.0,430374125568.0
2015-05-08,14271.46,14481.44,14165.07,14481.25,255263776.0,515139567616.0
2015-05-11,14572.82,14946.65,14447.78,14944.88,319255680.0,673108197376.0
2015-05-12,14975.23,15088.96,14879.6,15066.29,337856512.0,726888742912.0
2015-05-13,15075.02,15245.81,14962.38,15173.09,349168608.0,736394608640.0
2015-05-14,15210.75,15299.79,15003.72,15024.47,339723712.0,700947759104.0
2015-05-15,14955.41,14955.41,14590.76,14694.95,313330080.0,644428791808.0
2015-05-18,14612.88,14759.09,14564.73,14672.63,297066976.0,640170590208.0
2015-05-19,14723.21,15173.92,14704.33,15127.38,319246016.0,702481694720.0
2015-05-20,15206.56,15618.13,15206.56,15337.08,381309024.0,820477952000.0
2015-05-21,15402.95,15872.59,15402.95,15872.53,358062976.0,798003167232.0
2015-05-22,16084.04,16191.15,15731.01,16045.8,438888704.0,958349967360.0
2015-05-25,15894.14,16368.91,15810.15,16351.06,423056672.0,915110100992.0
2015-05-26,16456.23,16904.15,16397.5,16903.47,449251904.0,979691896832.0
2015-05-27,16988.9,17061.92,16610.78,16963.52,447261056.0,996573970432.0
2015-05-28,16953.6,17153.8,15909.1,15912.95,522617568.0,1115005779968.0
2015-05-29,15920.33,16386.05,15299.65,16100.45,413438624.0,903177764864.0
2015-06-01,16247.39,16921.07,16245.55,16917.52,366872960.0,836617109504.0
2015-06-02,17051.22,17485.58,16963.74,17485.58,398548768.0,935108280320.0
2015-06-03,17626.92,17696.48,17098.43,17538.5,409303552.0,971579850752.0
2015-06-04,17579.36,17608.72,16426.31,17501.05,403171712.0,936707686400.0
2015-06-05,17727.86,17901.86,17302.56,17649.09,446819584.0,1027061252096.0
2015-06-08,17648.72,17648.72,17145.7,17452.31,423120512.0,958571675648.0
2015-06-09,17410.64,17609.28,17184.32,17399.0,348650624.0,786413387776.0
2015-06-10,17297.04,17852.36,17165.9,17677.57,361162464.0,815535685632.0
2015-06-11,17692.9,17889.91,17606.43,17889.69,353354688.0,826854801408.0
2015-06-12,17978.05,18198.07,17921.91,18098.27,385071968.0,904844607488.0
2015-06-15,18182.64,18211.76,17668.67,17702.55,406178336.0,930031403008.0
2015-06-16,17502.37,17502.37,16911.91,17075.93,353020384.0,805377409024.0
2015-06-17,17073.08,17474.08,16564.37,17405.57,312419168.0,706310897664.0
2015-06-18,17367.13,17442.77,16709.6,16734.84,289059712.0,675366764544.0
2015-06-19,16386.98,16578.88,15700.49,15725.47,289646432.0,601166839808.0
2015-06-23,15720.32,16047.32,14938.82,16045.99,292927744.0,604701196288.0
2015-06-24,16178.55,16345.75,15867.91,16312.31,332173440.0,675215441920.0
2015-06-25,16370.0,16399.34,15499.22,15692.44,331715680.0,684557139968.0
2015-06-26,15196.56,15229.0,14321.05,14398.79,294665856.0,555137957888.0
2015-06-29,14703.97,14712.16,13250.35,13566.27,358946944.0,631193337856.0
2015-06-30,13274.65,14352.05,12723.16,14337.97,399540096.0,721379000320.0
2015-07-01,14185.1,14696.98,13578.38,13650.82,348742112.0,691162644480.0
2015-07-02,13655.73,13732.49,12727.23,12924.19,320735072.0,552266629120.0
2015-07-03,12475.61,13154.13,11953.08,12246.06,315536192.0,505096503296.0
2015-07-06,13140.14,13140.14,11584.47,12075.77,396337984.0,609083654144.0
2015-07-07,11660.56,11767.66,11282.62,11375.6,227324032.0,301441449984.0
2015-07-08,10870.14,11112.62,10850.38,11040.89,307328576.0,414188240896.0
2015-07-09,10953.33,11513.36,10933.0,11510.34,207454528.0,277580709888.0
2015-07-10,11733.45,12062.9,11696.77,12038.15,158915232.0,247329128448.0
2015-07-13,12367.62,12658.07,12261.25,12614.16,233849120.0,391782596608.0
2015-07-14,12796.49,13091.93,12635.2,12728.51,285635136.0,491957813248.0
2015-07-15,12783.08,12792.31,12093.9,12132.42,345295424.0,545533657088.0
2015-07-16,11963.35,12600.65,11637.47,12357.61,324294144.0,508193538048.0
2015-07-17,12460.51,13097.45,12435.6,13004.96,307007648.0,507932540928.0
2015-07-20,13115.48,13427.86,12942.95,13202.4,358165184.0,631752491008.0
2015-07-21,13038.15,13436.91,12928.13,13315.56,312415712.0,560591929344.0
2015-07-22,13307.93,13482.04,13098.81,13416.54,334908928.0,605120430080.0
2015-07-23,13432.61,13792.37,13356.06,13754.53,367043488.0,654514192384.0
2015-07-24,13789.31,13970.84,13424.18,13518.52,400855936.0,744183169024.0
2015-07-27,13242.69,13579.64,12488.37,12493.05,364439040.0,667694661632.0
2015-07-28,11986.25,12676.27,11719.0,12316.78,374311040.0,618841702400.0
2015-07-29,12472.28,12823.15,12078.32,12823.07,296488768.0,523082530816.0
2015-07-30,12766.34,12988.56,12382.3,12395.92,299458528.0,540745826304.0
2015-07-31,12228.41,12580.96,12213.46,12374.25,235191520.0,417611382784.0
2015-08-03,12178.57,12305.61,11909.01,12161.58,243737072.0,402308988928.0
2015-08-04,12163.12,12711.56,12105.94,12711.56,261600704.0,442429177856.0
2015-08-05,12694.57,12842.31,12447.04,12524.69,271150784.0,476252504064.0
2015-08-06,12274.72,12595.12,12231.89,12421.85,202229168.0,349617586176.0
2015-08-07,12543.66,12769.13,12522.47,12753.05,251888064.0,448819265536.0
2015-08-10,12877.31,13373.3,12821.89,13302.96,323080736.0,574797512704.0
2015-08-11,13316.89,13508.3,13240.09,13323.09,351829888.0,623124480000.0
2015-08-12,13201.54,13396.34,13117.1,13117.1,285113792.0,506701479936.0
2015-08-13,13069.98,13395.18,12962.0,13395.18,287062464.0,497721901056.0
2015-08-14,13497.16,13606.33,13378.59,13445.87,326795168.0,574008852480.0
2015-08-17,13417.33,13585.96,13309.54,13573.9,326809216.0,560387850240.0
2015-08-18,13608.52,13652.54,12634.95,12683.86,389034912.0,667274313728.0
2015-08-19,12328.6,13028.5,12049.92,12960.66,331748544.0,547112157184.0
2015-08-20,12864.84,13040.36,12582.24,12584.58,283755744.0,480880820224.0
2015-08-21,12355.27,12511.42,11891.84,11902.05,260160784.0,418791489536.0
2015-08-24,11399.66,11446.1,10964.09,10970.29,193829360.0,272871702528.0
2015-08-25,10212.47,10529.92,10168.42,10197.94,218746752.0,287967313920.0
2015-08-26,10199.9,10559.24,9776.21,9899.72,326727168.0,432234496000.0
2015-08-27,10076.09,10254.35,9713.99,10254.35,271961856.0,361016360960.0
2015-08-28,10397.97,10826.19,10311.37,10800.0,315988576.0,424998043648.0
2015-08-31,10706.23,10706.23,10398.33,10549.16,266702560.0,365361692672.0
2015-09-01,10388.5,10388.5,9954.58,10162.52,246291456.0,305204232192.0
2015-09-02,9694.48,10319.49,9682.71,10054.8,259173728.0,325500239872.0
2015-09-07,10121.83,10404.22,9933.54,9991.76,228540560.0,299945132032.0
2015-09-08,9898.64,10341.3,9763.95,10320.23,200427440.0,260251090944.0
2015-09-09,10367.35,10702.18,10335.02,10620.13,311925920.0,431875751936.0
2015-09-10,10449.93,10618.87,10406.02,10424.65,225314176.0,311068327936.0
2015-09-11,10408.41,10555.62,10332.41,10463.69,190465088.0,263289880576.0
2015-09-14,10517.68,10544.28,9739.42,9778.23,240882720.0,307476922368.0
2015-09-15,9533.45,9719.66,9259.65,9290.81,198214432.0,233709944832.0
2015-09-16,9330.76,9933.83,9297.2,9890.43,234801008.0,284792127488.0
2015-09-17,9872.04,10147.18,9739.89,9739.89,273715616.0,360653914112.0
2015-09-18,9806.72,9914.59,9691.06,9850.77,187680992.0,254176493568.0
2015-09-21,9732.12,10176.73,9701.33,10176.73,227167856.0,313439059968.0
2015-09-22,10200.55,10357.42,10121.74,10238.69,263897888.0,367474769920.0
2015-09-23,10071.33,10250.45,10040.95,10132.3,231844016.0,321531117568.0
2015-09-24,10178.1,10288.18,10124.13,10238.04,221491616.0,319239913472.0
2015-09-25,10184.88,10249.24,9835.84,9904.76,226740128.0,312784125952.0
2015-09-28,9919.56,10124.31,9796.93,10115.55,164021024.0,238011662336.0
2015-09-29,9962.58,10070.25,9873.78,9949.92,174480896.0,251208876032.0
2015-09-30,10004.8,10048.86,9890.71,9988.25,149803840.0,214629367808.0
2015-10-08,10332.24,10477.21,10265.0,10394.73,230687952.0,328789327872.0
2015-10-09,10386.81,10589.52,10363.98,10540.19,241885584.0,340152745984.0
2015-10-12,10599.88,11069.68,10593.54,10961.36,341342688.0,489704390656.0
2015-10-13,10885.11,11073.0,10850.72,11042.13,295156224.0,431555280896.0
2015-10-14,10997.08,11095.34,10880.11,10901.48,296102784.0,438863167488.0
2015-10-15,10862.11,11229.38,10862.11,11229.38,308490272.0,463294889984.0
2015-10-16,11301.94,11384.24,11172.04,11374.83,357297280.0,534961717248.0
2015-10-19,11426.52,11498.24,11245.01,11391.01,354363168.0,543478382592.0
2015-10-20,11372.18,11597.16,11335.78,11597.08,328949408.0,521468968960.0
2015-10-21,11592.2,11641.89,10872.57,10915.99,421745952.0,653577158656.0
2015-10-22,10921.18,11320.01,10910.88,11305.1,326831296.0,517713494016.0
2015-10-23,11397.2,11653.09,11345.53,11603.46,378978816.0,615621001216.0
2015-10-26,11765.65,11789.02,11534.83,11687.77,391547488.0,652830113792.0
2015-10-27,11588.94,11820.72,11229.1,11758.41,366332032.0,584103690240.0
2015-10-28,11689.29,11834.07,11446.43,11494.35,341529344.0,554785439744.0
2015-10-29,11565.71,11694.78,11406.1,11566.66,281809600.0,455150272512.0
2015-10-30,11542.01,11711.04,11369.4,11546.05,296335936.0,495291203584.0
2015-11-02,11306.2,11637.99,11266.04,11304.88,274690912.0,458115186688.0
2015-11-03,11341.3,11416.84,11200.6,11288.14,224051312.0,381608001536.0
2015-11-04,11351.25,11884.9,11351.25,11884.9,339438208.0,567976787968.0
2015-11-05,11908.69,12091.53,11853.46,11939.81,429137152.0,694859661312.0
2015-11-06,11952.51,12292.42,11952.51,12273.35,377370592.0,630848356352.0
2015-11-09,12227.41,12538.35,12145.06,12453.24,422232448.0,732033449984.0
2015-11-10,12390.53,12597.16,12349.03,12500.53,400913312.0,695089233920.0
2015-11-11,12509.53,12687.2,12445.29,12677.54,382124832.0,673476575232.0
2015-11-12,12735.5,12758.67,12483.34,12635.39,403545120.0,748758237184.0
2015-11-13,12492.94,12574.96,12272.38,12402.04,362993472.0,669337714688.0
2015-11-16,12180.99,12620.38,12171.66,12620.38,292408256.0,539273199616.0
2015-11-17,12744.79,12827.2,12478.97,12511.55,403496960.0,750831206400.0
2015-11-18,12516.14,12580.91,12257.04,12283.76,306149504.0,550775422976.0
2015-11-19,12326.16,12609.84,12309.79,12609.84,294467424.0,531375063040.0
2015-11-20,12650.25,12766.26,12565.8,12702.03,364726720.0,665595281408.0
2015-11-23,12699.15,12806.32,12539.98,12586.69,362385504.0,658859819008.0
2015-11-24,12580.72,12694.86,12438.92,12694.86,283930688.0,530807914496.0
2015-11-25,12696.13,12904.79,12666.19,12893.23,325415904.0,639101370368.0
2015-11-26,12952.0,12970.47,12747.89,12767.5,349661632.0,680145059840.0
2015-11-27,12697.51,12733.45,11880.32,11961.7,371475168.0,678451937280.0
2015-11-30,11991.7,12121.22,11455.5,12037.86,325215296.0,596628275200.0
2015-12-01,12022.84,12206.17,11938.63,12081.17,270222240.0,512563544064.0
2015-12-02,12068.98,12188.01,11830.99,12186.27,263999920.0,469257355264.0
2015-12-03,12205.44,12447.38,12205.44,12447.38,249532944.0,456594915328.0
2015-12-04,12384.5,12474.46,12268.5,12329.18,268070336.0,503159128064.0
2015-12-07,12351.41,12467.85,12262.13,12443.05,247670384.0,470486319104.0
2015-12-08,12371.11,12371.11,12151.15,12164.97,261043072.0,490750148608.0
2015-12-09,12112.2,12257.58,12091.77,12179.83,232964400.0,450382299136.0
2015-12-10,12180.77,12318.04,12158.65,12181.03,228638944.0,449240268800.0
2015-12-11,12120.6,12228.29,12051.45,12134.02,204665888.0,387813408768.0
2015-12-14,12023.81,12400.59,12004.49,12400.59,214942208.0,393037807616.0
2015-12-15,12412.47,12553.79,12412.47,12495.25,228293824.0,438285336576.0
2015-12-16,12533.11,12595.13,12471.1,12511.03,235451296.0,462743404544.0
2015-12-17,12602.67,12825.48,12602.67,12825.48,328537664.0,614923042816.0
2015-12-18,12825.02,12904.08,12763.43,12830.25,305752704.0,593472716800.0
2015-12-21,12824.43,13047.13,12816.72,13028.31,298490688.0,544467156992.0
2015-12-22,13064.69,13139.13,12980.38,13139.13,288396544.0,513492582400.0
2015-12-23,13142.53,13187.05,12974.63,13007.87,312253248.0,576756580352.0
2015-12-24,12977.25,13003.79,12770.36,12932.37,232550080.0,434137694208.0
2015-12-25,12960.26,13012.74,12898.47,12980.57,214331264.0,409651445760.0
2015-12-28,13025.66,13064.5,12686.34,12686.34,279782368.0,528278126592.0
2015-12-29,12676.61,12806.16,12598.11,12806.16,215009936.0,408793972736.0
2015-12-30,12826.48,12899.95,12768.17,12889.83,231731888.0,455547781120.0
2015-12-31,12893.12,12921.71,12664.53,12664.89,222261744.0,432566042624.0
2016-01-04,12650.72,12659.41,11625.41,11626.04,204855280.0,355284221952.0
2016-01-05,11116.9,11687.48,11063.64,11468.06,294290848.0,483124051968.0
2016-01-06,11520.77,11730.48,11413.98,11724.88,253497232.0,414256857088.0
2016-01-07,11504.9,11504.9,10745.47,10760.27,71661952.0,107974926336.0
2016-01-08,11008.89,11121.78,10376.29,10888.91,285149344.0,437422194688.0
2016-01-11,10656.87,10809.57,10212.46,10212.46,261299232.0,377830440960.0
2016-01-12,10243.57,10414.94,10065.09,10293.7,217637344.0,326613598208.0
2016-01-13,10347.08,10435.24,9978.82,9978.82,208940528.0,310559473664.0
2016-01-14,9678.22,10357.95,9668.9,10344.94,228512672.0,334237794304.0
2016-01-15,10268.95,10363.82,9940.89,9997.93,221160176.0,331743887360.0
2016-01-18,9807.25,10273.59,9807.25,10155.96,193371616.0,298935812096.0
2016-01-19,10137.38,10519.67,10105.55,10501.79,231434576.0,360603680768.0
2016-01-20,10434.36,10554.04,10297.82,10366.85,229661632.0,361463087104.0
2016-01-21,10207.42,10475.51,9975.97,9975.97,210049952.0,332579241984.0
2016-01-22,10095.43,10171.92,9837.75,10111.57,178117792.0,276383203328.0
2016-01-25,10194.75,10291.5,10103.65,10192.53,165141232.0,258879307776.0
2016-01-26,10079.22,10104.47,9463.31,9483.55,213988368.0,310466740224.0
2016-01-27,9525.61,9556.83,8986.52,9422.43,221352704.0,302842675200.0
2016-01-28,9309.87,9430.56,9045.5,9082.59,168852752.0,232012218368.0
2016-01-29,9077.11,9491.06,9056.04,9418.2,180895264.0,248740757504.0
2016-02-01,9389.62,9457.43,9196.15,9322.01,153653488.0,217579094016.0
2016-02-02,9332.69,9646.95,9332.69,9610.93,167598240.0,244316389376.0
2016-02-03,9509.5,9679.54,9453.16,9638.87,158729872.0,229311594496.0
2016-02-04,9667.91,9844.02,9667.91,9793.07,179719328.0,266596483072.0
2016-02-05,9802.25,9830.08,9670.02,9673.48,147328672.0,217884459008.0
2016-02-15,9385.52,9725.18,9385.52,9668.85,137361520.0,199665156096.0
2016-02-16,9727.76,10071.02,9727.76,10045.37,200401248.0,301370081280.0
2016-02-17,10043.69,10178.55,9982.17,10161.77,230764912.0,343715512320.0
2016-02-18,10231.26,10273.63,10099.1,10116.4,237235776.0,359833862144.0
2016-02-19,10091.68,10225.99,10066.04,10162.32,190410944.0,302956085248.0
2016-02-22,10290.05,10371.14,10239.58,10370.99,235950816.0,363399905280.0
2016-02-23,10374.36,10397.52,10171.68,10299.67,227973808.0,361317138432.0
2016-02-24,10256.39,10355.32,10100.5,10307.63,222308176.0,352716226560.0
2016-02-25,10290.96,10290.96,9510.1,9551.08,270406688.0,394765762560.0
2016-02-26,9625.37,9676.24,9392.67,9573.7,208500416.0,296329347072.0
2016-02-29,9528.72,9528.72,9000.89,9097.36,208654400.0,267130126336.0
2016-03-01,9116.56,9384.31,9011.51,9322.0,210109008.0,280386371584.0
2016-03-02,9308.49,9781.92,9308.49,9766.37,269773504.0,354164998144.0
2016-03-03,9770.74,9946.94,9749.0,9762.01,288666944.0,383542951936.0
2016-03-04,9721.23,9797.56,9447.11,9536.71,260496576.0,345664651264.0
2016-03-07,9642.25,9805.37,9614.69,9703.83,198685984.0,270057603072.0
2016-03-08,9690.57,9732.73,9348.76,9732.73,230994064.0,312203935744.0
2016-03-09,9525.26,9672.49,9466.49,9523.14,180320832.0,249502662656.0
2016-03-10,9526.19,9600.23,9382.16,9390.35,151024896.0,213230190592.0
2016-03-11,9286.53,9430.95,9254.24,9363.41,127013352.0,175661776896.0
2016-03-14,9466.42,9763.37,9466.42,9665.13,206576992.0,301200769024.0
2016-03-15,9636.63,9677.48,9536.27,9574.19,171548448.0,257719894016.0
2016-03-16,9629.82,9661.93,9418.55,9469.03,158569568.0,233192194048.0
2016-03-17,9515.63,9820.99,9511.72,9791.85,232923904.0,358220038144.0
2016-03-18,9841.04,10170.69,9833.11,10126.59,318038496.0,488942600192.0
2016-03-21,10255.9,10394.14,10234.65,10394.14,338114655.0,522811334656.0
2016-03-22,10308.91,10435.13,10254.69,10344.08,279156472.0,446072807424.0
2016-03-23,10317.93,10442.38,10277.25,10442.38,247866737.0,413919371264.0
2016-03-24,10346.56,10473.22,10263.56,10283.68,270355878.0,462982832128.0
2016-03-25,10256.41,10371.52,10223.16,10339.68,209957243.0,352616357888.0
2016-03-28,10399.17,10494.2,10248.27,10276.84,239851384.0,393732952064.0
2016-03-29,10259.71,10279.0,10024.06,10094.71,207050074.0,335925547008.0
2016-03-30,10187.64,10445.69,10187.64,10445.69,230625508.0,394017853440.0
2016-03-31,10494.52,10552.58,10426.45,10455.37,250739233.0,444707045376.0
2016-04-01,10410.68,10442.3,10224.37,10379.65,215708421.0,365472550912.0
2016-04-05,10393.65,10656.15,10373.54,10640.27,262935836.0,436963377152.0
2016-04-06,10604.23,10696.04,10570.14,10683.86,261054408.0,446499532800.0
2016-04-07,10719.27,10743.23,10504.88,10504.88,266086472.0,454602031104.0
2016-04-08,10425.01,10457.01,10288.8,10413.54,222155689.0,377726074880.0
2016-04-11,10513.87,10667.04,10513.87,10609.6,245676237.0,415014203392.0
2016-04-12,10600.8,10624.59,10430.31,10533.41,217142979.0,375336505344.0
2016-04-13,10599.22,10810.41,10599.22,10684.92,310650980.0,492216246272.0
2016-04-14,10741.65,10771.96,10651.92,10771.61,240663854.0,389559296000.0
2016-04-15,10774.49,10784.6,10680.74,10733.64,218468769.0,361317806080.0
2016-04-18,10665.44,10665.44,10508.98,10568.93,208783393.0,348468244480.0
2016-04-19,10618.84,10649.25,10531.54,10602.46,188697190.0,324917899264.0
2016-04-20,10632.07,10647.1,10011.57,10164.74,304527923.0,489424044032.0
2016-04-21,10120.12,10242.36,10049.35,10058.8,213752858.0,335555088384.0
2016-04-22,9995.13,10151.76,9976.05,10151.76,170672532.0,273544241152.0
2016-04-25,10122.13,10137.75,9986.39,10106.79,154085292.0,250353475584.0
2016-04-26,10095.96,10209.9,10076.74,10209.9,151350986.0,247611363328.0
2016-04-27,10221.83,10279.09,10159.5,10174.16,169442964.0,277593686016.0
2016-04-28,10178.24,10198.95,9990.67,10149.91,169807427.0,276801163264.0
2016-04-29,10111.61,10196.92,10100.18,10141.54,140358940.0,237945659392.0
2016-05-03,10144.15,10441.92,10105.8,10441.92,203638723.0,341714026496.0
2016-05-04,10401.68,10498.32,10389.77,10422.8,205626890.0,346375409664.0
2016-05-05,10403.55,10480.22,10372.22,10474.01,180871153.0,311085133824.0
2016-05-06,10473.3,10501.44,10100.54,10100.54,259249731.0,427588653056.0
2016-05-09,10018.51,10018.51,9747.87,9790.48,201947423.0,310886912000.0
2016-05-10,9770.3,9836.98,9738.52,9793.21,136891205.0,217953370112.0
2016-05-11,9848.32,9904.53,9743.08,9781.15,154095616.0,247060422656.0
2016-05-12,9664.28,9801.2,9544.12,9796.58,156009503.0,239419977728.0
2016-05-13,9769.13,9880.69,9710.17,9759.27,142455931.0,223737331712.0
2016-05-16,9729.79,9910.08,9690.33,9910.08,149063785.0,235093147648.0
2016-05-17,9918.44,10007.38,9839.86,9908.79,177572078.0,290898944000.0
2016-05-18,9835.58,9835.58,9591.18,9694.78,177671442.0,267266174976.0
2016-05-19,9684.12,9847.22,9684.12,9733.74,156519127.0,251626979328.0
2016-05-20,9657.75,9816.75,9628.98,9816.75,149982321.0,242144763904.0
2016-05-23,9839.78,9937.83,9839.76,9918.16,168995988.0,279258451968.0
2016-05-24,9903.17,9903.17,9765.66,9821.7,155743076.0,250343276544.0
2016-05-25,9883.94,9930.81,9756.53,9784.6,151806991.0,253751377920.0
2016-05-26,9766.08,9826.14,9605.45,9826.14,166070295.0,264346574848.0
2016-05-27,9798.34,9878.74,9775.22,9813.63,159719982.0,254549348352.0
2016-05-30,9756.88,9847.7,9681.24,9768.84,138615552.0,217888075776.0
2016-05-31,9786.0,10159.93,9786.0,10159.93,255837041.0,395044413440.0
2016-06-01,10184.23,10284.36,10177.22,10209.14,265378468.0,434118602752.0
2016-06-02,10192.51,10274.03,10181.18,10274.03,231725612.0,375464431616.0
2016-06-03,10275.94,10412.95,10258.02,10344.91,251444675.0,433350844416.0
2016-06-06,10383.45,10403.81,10296.18,10363.09,208363866.0,355498819584.0
2016-06-07,10365.82,10371.87,10297.42,10347.84,199520845.0,345431556096.0
2016-06-08,10330.18,10372.98,10232.13,10316.82,208133522.0,368553775104.0
2016-06-13,10190.78,10256.62,9862.59,9862.59,233249787.0,390597664768.0
2016-06-14,9830.55,9927.6,9795.94,9895.15,169160287.0,274144759808.0
2016-06-15,9790.88,10215.61,9779.11,10173.85,229617523.0,375866847232.0
2016-06-16,10154.18,10199.52,10090.23,10115.12,234661827.0,391909023744.0
2016-06-17,10135.38,10261.97,10113.95,10182.53,226520287.0,375084756992.0
2016-06-20,10183.77,10241.91,10101.63,10221.85,199578496.0,336267714560.0
2016-06-21,10285.04,10357.18,10093.15,10131.86,234898491.0,394594693120.0
2016-06-22,10108.96,10297.98,10104.88,10297.98,197126766.0,329670270976.0
2016-06-23,10288.47,10312.62,10183.01,10255.27,217227976.0,359997476864.0
2016-06-24,10235.05,10315.35,9901.9,10147.71,270946440.0,431963996160.0
2016-06-27,10090.05,10377.57,10090.05,10377.57,234958792.0,393174519808.0
2016-06-28,10330.12,10475.76,10309.23,10463.45,268308772.0,453912604672.0
2016-06-29,10499.91,10527.69,10434.24,10460.97,249559900.0,420868775936.0
2016-06-30,10474.94,10509.99,10435.53,10489.99,223147003.0,387686449152.0
2016-07-01,10506.22,10555.95,10436.6,10458.43,204800604.0,347329490944.0
2016-07-04,10369.69,10631.57,10362.85,10609.86,254107837.0,405530058752.0
2016-07-05,10598.42,10626.02,10546.7,10602.77,263764214.0,437431427072.0
2016-07-06,10567.67,10641.65,10538.1,10641.65,249830743.0,417052286976.0
2016-07-07,10612.23,10662.71,10526.81,10620.58,280981990.0,463295647744.0
2016-07-08,10613.71,10672.92,10560.31,10611.8,226836467.0,380501962752.0
2016-07-11,10633.63,10734.34,10587.96,10594.82,262658135.0,427969855488.0
2016-07-12,10583.17,10757.85,10487.55,10757.85,283692406.0,446222213120.0
2016-07-13,10794.5,10890.02,10772.83,10853.56,285320796.0,449765507072.0
2016-07-14,10834.9,10866.44,10786.5,10854.14,235098212.0,379008724992.0
2016-07-15,10854.5,10869.07,10774.54,10823.22,225067264.0,365286137856.0
2016-07-18,10793.18,10835.3,10708.74,10762.0,218879293.0,351020740608.0
2016-07-19,10753.87,10783.22,10661.39,10778.25,200363645.0,329467949056.0
2016-07-20,10775.56,10818.95,10740.6,10759.86,201056494.0,333861924864.0
2016-07-21,10758.34,10872.34,10746.88,10787.21,215917939.0,356590505984.0
2016-07-22,10782.24,10801.47,10700.11,10709.07,209978877.0,342320975872.0
2016-07-25,10684.55,10778.73,10668.64,10718.36,193466394.0,316345077760.0
2016-07-26,10714.75,10852.21,10713.7,10852.21,189431004.0,299654324224.0
2016-07-27,10858.7,10873.26,10289.96,10405.85,319061880.0,490086510592.0
2016-07-28,10386.83,10481.69,10262.3,10396.31,218537288.0,339613417472.0
2016-07-29,10384.4,10411.13,10294.5,10329.44,168147011.0,261373476864.0
2016-08-01,10289.89,10290.05,10086.65,10185.48,171711757.0,255091019776.0
2016-08-02,10173.34,10250.55,10157.85,10250.55,128236280.0,193269600256.0
2016-08-03,10229.47,10295.76,10205.98,10281.25,150021880.0,222811123712.0
2016-08-04,10272.72,10376.21,10235.7,10366.5,166288110.0,251510087680.0
2016-08-05,10368.8,10420.43,10333.32,10342.28,159042499.0,240475283456.0
2016-08-08,10315.0,10468.88,10259.3,10468.88,168014420.0,242181033984.0
2016-08-09,10466.04,10564.78,10457.82,10564.78,184955213.0,275599888384.0
2016-08-10,10558.49,10594.77,10510.91,10511.16,187720195.0,283975110656.0
2016-08-11,10496.44,10526.35,10390.96,10390.96,180178481.0,270488887296.0
2016-08-12,10373.05,10528.1,10364.47,10528.1,169956756.0,247366287360.0
2016-08-15,10556.4,10862.96,10552.95,10822.11,285306872.0,423148302336.0
2016-08-16,10845.62,10913.22,10845.07,10882.95,261239933.0,401054732288.0
2016-08-17,10879.99,10936.58,10832.78,10890.69,239624650.0,375148658688.0
2016-08-18,10873.65,10946.74,10834.01,10879.2,254258445.0,378349170688.0
2016-08-19,10865.38,10911.77,10819.8,10872.71,215165100.0,324525314048.0
2016-08-22,10869.06,10894.84,10731.2,10731.4,214013051.0,326663675904.0
2016-08-23,10720.5,10793.37,10680.1,10750.29,189050806.0,280939106304.0
2016-08-24,10751.35,10815.26,10732.92,10760.44,183005005.0,280660914176.0
2016-08-25,10694.34,10699.25,10564.36,10679.15,200663096.0,310230683648.0
2016-08-26,10703.32,10785.01,10675.6,10693.75,187552256.0,298939666432.0
2016-08-29,10690.95,10757.26,10682.26,10724.4,167850184.0,265472581632.0
2016-08-30,10732.77,10787.32,10713.75,10729.12,165372534.0,258557833216.0
2016-08-31,10730.55,10776.32,10679.65,10757.88,173134787.0,272164528128.0
2016-09-01,10759.76,10765.51,10669.51,10669.51,179543237.0,277785669632.0
2016-09-02,10666.1,10727.88,10592.08,10640.42,164618268.0,260324352000.0
2016-09-05,10682.71,10756.43,10674.96,10695.45,163252498.0,248834600960.0
2016-09-06,10714.54,10861.5,10623.99,10861.5,216823933.0,339423559680.0
2016-09-07,10860.12,10903.64,10827.25,10838.72,232756175.0,353532088320.0
2016-09-08,10830.05,10863.96,10795.87,10851.19,183177098.0,283129843712.0
2016-09-09,10855.29,10877.09,10762.79,10762.79,195540111.0,299127234560.0
2016-09-12,10578.78,10619.89,10460.51,10461.58,219043244.0,318301220864.0
2016-09-13,10519.02,10545.2,10460.13,10514.58,163278436.0,244173914112.0
2016-09-14,10466.83,10519.96,10425.69,10454.24,152682921.0,226780856320.0
2016-09-19,10476.63,10570.58,10476.63,10557.25,142375089.0,212442034176.0
2016-09-20,10563.04,10563.73,10520.08,10544.53,146374595.0,216454598656.0
2016-09-21,10543.39,10600.69,10538.94,10583.4,144124352.0,217569918976.0
2016-09-22,10644.71,10697.39,10634.46,10662.21,171457114.0,258321584128.0
2016-09-23,10670.59,10679.82,10607.86,10609.7,165681597.0,248554471424.0
2016-09-26,10588.35,10588.51,10392.7,10392.7,179917734.0,262945280000.0
2016-09-27,10375.35,10476.97,10352.02,10476.97,148382851.0,217012277248.0
2016-09-28,10490.05,10492.93,10436.12,10467.16,128838323.0,188843302912.0
2016-09-29,10477.04,10553.02,10477.04,10512.25,137601784.0,200694517760.0
2016-09-30,10504.29,10590.37,10499.47,10567.58,128139197.0,185922437120.0
2016-10-10,10612.21,10741.69,10584.7,10741.69,185281398.0,278866886656.0
2016-10-11,10743.41,10782.31,10727.45,10782.31,194247880.0,279847657472.0
2016-10-12,10751.43,10792.12,10733.31,10788.59,182306703.0,265440886784.0
2016-10-13,10784.74,10818.04,10757.49,10787.49,188185774.0,265886965760.0
2016-10-14,10774.37,10774.37,10692.07,10759.68,178955420.0,259794817024.0
2016-10-17,10770.34,10783.67,10624.82,10651.5,191944732.0,284275961856.0
2016-10-18,10637.69,10797.02,10637.69,10797.02,191065157.0,287387090944.0
2016-10-19,10811.27,10824.41,10733.69,10757.92,201237048.0,297956483072.0
2016-10-20,10763.46,10802.66,10752.92,10784.33,195500611.0,297291837440.0
2016-10-21,10783.56,10802.54,10678.12,10748.9,200917345.0,304099332096.0
2016-10-24,10755.49,10871.16,10740.18,10842.64,210372713.0,313520705536.0
2016-10-25,10846.76,10871.66,10841.2,10871.51,206162614.0,317890428928.0
2016-10-26,10871.24,10871.24,10793.63,10817.51,218186117.0,331487453184.0
2016-10-27,10805.8,10808.14,10745.28,10788.97,178155812.0,271680782336.0
2016-10-28,10783.28,10836.77,10710.93,10711.04,192463071.0,298573086720.0
2016-10-31,10685.36,10719.04,10630.3,10704.3,164562202.0,256789110784.0
2016-11-01,10714.82,10797.06,10706.87,10796.14,177627272.0,287954489344.0
2016-11-02,10771.35,10785.11,10686.94,10692.65,208026616.0,326705065984.0
2016-11-03,10662.16,10804.26,10655.14,10743.96,233632512.0,374684188672.0
2016-11-04,10737.91,10784.84,10684.47,10702.57,204276928.0,327377117184.0
2016-11-07,10704.26,10729.99,10663.56,10695.18,205824952.0,300836974592.0
2016-11-08,10734.07,10785.88,10722.36,10763.13,200168038.0,304407019520.0
2016-11-09,10768.86,10785.09,10575.16,10697.11,246924731.0,376387215360.0
2016-11-10,10777.1,10848.98,10777.1,10821.66,242295173.0,369276502016.0
2016-11-11,10823.93,10878.14,10792.83,10878.14,281999654.0,416711593984.0
2016-11-14,10855.98,10952.61,10847.82,10907.53,285351578.0,421036003328.0
2016-11-15,10910.15,10958.1,10877.4,10958.1,240766643.0,363694768128.0
2016-11-16,10970.7,10998.92,10956.87,10968.08,250475999.0,382682857472.0
2016-11-17,10942.1,10961.8,10887.52,10945.42,212322312.0,318896173056.0
2016-11-18,10946.88,10963.66,10876.91,10889.11,198971205.0,308946096128.0
2016-11-21,10877.08,10955.44,10861.81,10899.92,201748813.0,330073952256.0
2016-11-22,10910.42,10985.6,10910.42,10985.6,224188413.0,371295387648.0
2016-11-23,11011.0,11041.52,10952.0,10973.8,244814756.0,401968635904.0
2016-11-24,10960.65,11030.12,10947.27,10967.47,227850066.0,366541762560.0
2016-11-25,10966.36,11036.53,10830.4,11036.53,220609306.0,353335541760.0
2016-11-28,11078.77,11108.87,11045.68,11068.87,219691308.0,341602242560.0
2016-11-29,11039.62,11124.81,11026.3,11034.7,227891909.0,341765345280.0
2016-11-30,11023.66,11072.06,10983.18,11012.19,194226944.0,300698636288.0
2016-12-01,11037.11,11090.93,11036.61,11088.16,188491901.0,297979518976.0
2016-12-02,11074.54,11078.29,10905.39,10912.63,206628260.0,315706789888.0
2016-12-05,10776.12,10894.08,10762.85,10784.33,182669356.0,272382709760.0
2016-12-06,10798.8,10833.81,10774.36,10779.77,153386455.0,242762129408.0
2016-12-07,10780.21,10855.72,10751.2,10855.72,165389030.0,248168988672.0
2016-12-08,10865.22,10865.22,10804.74,10812.3,168931223.0,256773128192.0
2016-12-09,10802.18,10835.91,10766.56,10789.62,165299254.0,260334419968.0
2016-12-12,10774.59,10775.57,10292.54,10302.85,243139858.0,357545578496.0
2016-12-13,10280.44,10364.06,10192.13,10332.28,176990956.0,254805319680.0
2016-12-14,10318.07,10333.66,10213.95,10232.82,172728072.0,249731571712.0
2016-12-15,10202.24,10331.98,10195.0,10256.11,168623828.0,245621624832.0
2016-12-16,10258.64,10346.53,10239.21,10334.76,166599293.0,243929374720.0
2016-12-19,10330.61,10330.61,10262.69,10283.16,158432013.0,225112788992.0
2016-12-20,10275.44,10276.63,10204.02,10245.33,151266616.0,212769824768.0
2016-12-21,10266.19,10320.34,10266.19,10313.57,154183583.0,225349619712.0
2016-12-22,10310.72,10323.07,10257.32,10306.92,145831035.0,211136020480.0
2016-12-23,10304.64,10311.39,10196.72,10199.86,147891049.0,215430561792.0
2016-12-26,10163.51,10233.42,10062.37,10233.42,142659195.0,207698571264.0
2016-12-27,10229.91,10270.98,10221.67,10230.57,135860513.0,200747696128.0
2016-12-28,10229.01,10246.77,10169.8,10187.16,138421445.0,197190561792.0
2016-12-29,10177.03,10222.52,10151.28,10159.45,129922632.0,192481185792.0
2016-12-30,10175.5,10204.09,10145.11,10177.14,131023309.0,191486918656.0
2017-01-03,10205.14,10275.13,10205.14,10262.85,142799565.0,199509684224.0
2017-01-04,10264.43,10384.87,10255.75,10384.87,176261632.0,254837583872.0
2017-01-05,10382.6,10396.9,10365.44,10371.47,172154778.0,250316464128.0
2017-01-06,10362.85,10363.12,10286.52,10289.36,167935201.0,247407968256.0
2017-01-09,10281.31,10337.7,10258.37,10331.79,154048486.0,223251410944.0
2017-01-10,10327.01,10357.14,10301.69,10306.34,158569769.0,222473015296.0
2017-01-11,10294.3,10331.37,10213.86,10215.48,151352791.0,215376052224.0
2017-01-12,10207.43,10236.09,10127.42,10131.23,146913492.0,201802440704.0
2017-01-13,10135.68,10155.22,9997.4,10008.3,145844255.0,209305264128.0
2017-01-16,9993.56,9993.56,9482.84,9712.8,193278313.0,259160760320.0
2017-01-17,9684.53,9827.91,9611.19,9826.79,141204618.0,200821563392.0
2017-01-18,9801.08,9858.79,9774.76,9804.76,119205325.0,172147183616.0
2017-01-19,9781.64,9821.22,9746.3,9768.57,114572017.0,158610415616.0
2017-01-20,9763.04,9925.17,9762.78,9906.14,126388534.0,181462306816.0
2017-01-23,9919.41,10010.08,9919.41,9976.19,133303954.0,183623884800.0
2017-01-24,9972.61,9978.27,9928.08,9941.55,124810348.0,171520434176.0
2017-01-25,9931.62,9991.5,9922.49,9977.96,110843863.0,156613664768.0
2017-01-26,9989.85,10053.36,9989.35,10052.05,103735009.0,144879628288.0
2017-02-03,10061.29,10066.7,9985.3,10004.84,98785052.0,132125442048.0
2017-02-06,10004.22,10080.58,9984.64,10078.73,125749176.0,179131523072.0
2017-02-07,10072.51,10093.67,10011.77,10055.57,140322345.0,198583296000.0
2017-02-08,10043.61,10130.12,10003.91,10130.12,151350136.0,215605108736.0
2017-02-09,10124.45,10194.42,10116.45,10182.73,174402074.0,248940179456.0
2017-02-10,10184.57,10212.48,10155.36,10186.38,188956974.0,252756832256.0
2017-02-13,10188.71,10279.12,10187.09,10270.83,181903478.0,248392273920.0
2017-02-14,10273.09,10286.37,10234.37,10264.92,161967542.0,226960633856.0
2017-02-15,10259.95,10294.77,10160.11,10177.25,184658834.0,261788745728.0
2017-02-16,10175.12,10253.96,10163.24,10253.96,164691735.0,224871833600.0
2017-02-17,10261.09,10296.14,10183.37,10197.92,180830328.0,250771755008.0
2017-02-20,10203.02,10334.59,10203.02,10329.0,179115372.0,248559288320.0
2017-02-21,10338.87,10407.14,10330.28,10405.75,189263542.0,265438666752.0
2017-02-22,10403.92,10444.38,10385.1,10444.38,193841710.0,267384217600.0
2017-02-23,10439.83,10454.16,10379.05,10432.64,199633231.0,281301630976.0
2017-02-24,10423.64,10446.5,10396.75,10443.73,175696704.0,262613458944.0
2017-02-27,10443.3,10447.68,10345.47,10353.55,172898967.0,255879778304.0
2017-02-28,10354.87,10402.28,10340.09,10391.34,155309885.0,233185423360.0
2017-03-01,10387.63,10446.38,10378.12,10418.62,180173215.0,270477000704.0
2017-03-02,10429.98,10443.87,10362.0,10367.31,176616284.0,263687929856.0
2017-03-03,10339.89,10404.87,10308.22,10397.05,164749827.0,256853176320.0
2017-03-06,10406.23,10522.28,10406.23,10522.28,177216438.0,285152555008.0
2017-03-07,10527.83,10552.14,10495.5,10552.14,177394883.0,285574914048.0
2017-03-08,10549.99,10549.99,10473.88,10498.31,160875187.0,257512173568.0
2017-03-09,10484.28,10484.68,10402.36,10421.06,160817700.0,251301179392.0
2017-03-10,10415.38,10476.59,10415.38,10451.01,147274867.0,244237541376.0
2017-03-13,10450.65,10559.88,10402.72,10559.88,165493243.0,267664338944.0
2017-03-14,10561.5,10577.48,10515.52,10531.73,161398252.0,268495622144.0
2017-03-15,10515.59,10551.71,10499.85,10543.01,156591444.0,256902639616.0
2017-03-16,10573.77,10628.18,10573.77,10624.42,186118484.0,306000900096.0
2017-03-17,10632.05,10650.46,10514.67,10515.41,203748861.0,338193367040.0
2017-03-20,10512.89,10534.11,10459.74,10532.33,169294751.0,281785221120.0
2017-03-21,10527.41,10586.62,10513.63,10586.62,159544451.0,277309915136.0
2017-03-22,10535.67,10586.48,10488.63,10553.53,182058908.0,301398429696.0
2017-03-23,10558.34,10607.73,10477.57,10583.04,187160451.0,321251913728.0
2017-03-24,10584.09,10666.12,10580.11,10646.72,184858716.0,295505100800.0
2017-03-27,10643.45,10660.23,10578.75,10581.92,179075535.0,288129589248.0
2017-03-28,10580.16,10606.09,10538.02,10563.29,158398984.0,262409662464.0
2017-03-29,10573.12,10585.88,10497.01,10520.82,184996191.0,294686502912.0
2017-03-30,10505.39,10513.89,10328.95,10348.27,209544968.0,316558225408.0
2017-03-31,10351.33,10428.72,10351.33,10428.72,159483668.0,249632079872.0
2017-04-05,10496.78,10628.6,10496.78,10627.13,201581476.0,303065935872.0
2017-04-06,10649.84,10661.77,10608.13,10656.17,191080340.0,290791030784.0
2017-04-07,10652.4,10702.88,10635.08,10669.48,205033818.0,299593990144.0
2017-04-10,10663.86,10664.1,10593.76,10603.28,239514798.0,346168619008.0
2017-04-11,10601.0,10662.5,10476.66,10655.79,267357220.0,383536517120.0
2017-04-12,10643.48,10667.6,10584.69,10587.31,256381432.0,341754945536.0
2017-04-13,10578.58,10678.78,10571.7,10654.09,204943493.0,269821206528.0
2017-04-14,10662.26,10662.53,10515.37,10519.86,218503360.0,286942703616.0
2017-04-17,10483.96,10505.63,10406.52,10450.86,194167311.0,273072394240.0
2017-04-18,10449.01,10522.85,10405.35,10411.44,184273715.0,255918301184.0
2017-04-19,10377.28,10393.73,10235.0,10348.41,198709924.0,267767709696.0
2017-04-20,10346.99,10411.75,10306.39,10359.09,173467315.0,244818636800.0
2017-04-21,10357.86,10407.77,10300.4,10314.35,144536330.0,198368464896.0
2017-04-24,10285.04,10285.04,10060.11,10091.89,160107274.0,214069137408.0
2017-04-25,10106.9,10213.49,10104.55,10165.22,154064364.0,212763271168.0
2017-04-26,10162.72,10251.7,10161.42,10204.84,165358359.0,233631207424.0
2017-04-27,10174.25,10244.08,10015.89,10229.19,204587983.0,285223378944.0
2017-04-28,10208.13,10235.23,10176.08,10234.65,164498839.0,233285853184.0
2017-05-02,10205.66,10228.7,10166.39,10223.97,157896046.0,225218129920.0
2017-05-03,10208.6,10244.35,10146.26,10184.14,168065055.0,241062572032.0
2017-05-04,10164.81,10241.55,10116.01,10147.44,176138250.0,252948234240.0
2017-05-05,10119.54,10132.92,10024.44,10024.44,166209869.0,236391043072.0
2017-05-08,10000.95,10018.57,9833.17,9833.17,164437304.0,221130559488.0
2017-05-09,9794.81,9887.15,9736.14,9885.34,138953190.0,195473682432.0
2017-05-10,9875.74,9945.61,9756.81,9756.81,156193418.0,220827676672.0
2017-05-11,9704.88,9776.51,9566.42,9776.45,173360794.0,229391581184.0
2017-05-12,9755.87,9794.99,9703.1,9787.99,140962775.0,198511984640.0
2017-05-15,9812.38,9866.07,9812.38,9845.6,133036247.0,191251394560.0
2017-05-16,9819.71,10046.66,9761.35,10046.66,187821148.0,267431903232.0
2017-05-17,10030.36,10091.47,10019.36,10030.11,192083348.0,278897156096.0
2017-05-18,9955.86,10045.68,9936.31,9974.35,160236017.0,231895093248.0
2017-05-19,9978.5,10005.71,9922.76,9970.96,143486595.0,203673735168.0
2017-05-22,9958.29,10014.94,9864.95,9899.65,157600499.0,216732131328.0
2017-05-23,9878.38,9914.5,9761.31,9763.78,169709217.0,225679040512.0
2017-05-24,9722.04,9812.46,9609.41,9812.46,144760750.0,189672046592.0
2017-05-25,9792.1,9917.81,9727.51,9893.78,174125965.0,226802225152.0
2017-05-26,9871.68,9913.48,9838.7,9859.23,155697185.0,208159584256.0
2017-05-31,9944.12,9976.65,9855.3,9864.85,156911396.0,211223736320.0
2017-06-01,9833.82,9854.55,9730.06,9730.33,155204567.0,201220763648.0
2017-06-02,9708.72,9811.58,9637.54,9794.89,148352079.0,186780975104.0
2017-06-05,9799.81,9866.34,9799.65,9842.6,134634360.0,178532884480.0
2017-06-06,9834.54,9915.92,9821.13,9915.92,128153134.0,170016751616.0
2017-06-07,9915.18,10117.06,9910.53,10109.88,195082068.0,261528801280.0
2017-06-08,10104.59,10162.48,10097.66,10148.72,181596708.0,247606116352.0
2017-06-09,10147.02,10182.61,10124.94,10177.45,163670705.0,223862345728.0
2017-06-12,10144.12,10197.1,10108.98,10119.99,157413210.0,217054535680.0
2017-06-13,10104.71,10237.4,10102.5,10224.82,154656015.0,208613539840.0
2017-06-14,10208.84,10226.15,10138.82,10151.53,161617462.0,221848969216.0
2017-06-15,10140.08,10225.05,10134.41,10221.69,178556145.0,241969840128.0
2017-06-16,10212.98,10233.8,10176.86,10191.24,157574459.0,214026121216.0
2017-06-19,10191.98,10262.8,10191.87,10262.8,147929636.0,199247523840.0
2017-06-20,10281.57,10323.0,10273.06,10288.53,175270385.0,235952898048.0
2017-06-21,10327.13,10367.17,10269.32,10367.17,165754583.0,225249198080.0
2017-06-22,10361.34,10418.61,10265.2,10265.2,189981089.0,257681018880.0
2017-06-23,10249.79,10366.78,10196.39,10366.78,171427904.0,229887578112.0
2017-06-26,10377.22,10537.59,10377.22,10537.59,177473690.0,238874546176.0
2017-06-27,10532.57,10548.8,10479.35,10535.36,160663985.0,215431561216.0
2017-06-28,10507.05,10517.94,10436.08,10451.57,153992676.0,209622683648.0
2017-06-29,10460.38,10523.52,10459.94,10511.86,149659873.0,204283592704.0
2017-06-30,10475.22,10537.5,10454.88,10529.61,144279406.0,194735149056.0
2017-07-03,10531.73,10541.86,10464.68,10535.05,156582897.0,213159813120.0
2017-07-04,10527.77,10527.77,10437.4,10474.83,160936899.0,222601621504.0
2017-07-05,10443.03,10561.09,10434.68,10561.09,169619779.0,236419112960.0
2017-07-06,10547.51,10574.11,10467.91,10562.06,201400955.0,274243645440.0
2017-07-07,10526.78,10564.31,10504.1,10563.72,194723548.0,264378564608.0
2017-07-10,10542.55,10574.21,10497.39,10505.6,212700250.0,277946912768.0
2017-07-11,10488.89,10568.37,10467.13,10467.71,187942449.0,251898425344.0
2017-07-12,10465.87,10494.25,10360.1,10453.19,188731005.0,246745587712.0
2017-07-13,10444.78,10491.39,10431.5,10466.1,172243648.0,227211448320.0
2017-07-14,10445.57,10452.94,10382.37,10427.79,160920968.0,211172888576.0
2017-07-17,10383.22,10384.05,10006.38,10055.8,244581783.0,294985543680.0
2017-07-18,10012.91,10103.76,9960.56,10103.76,176033050.0,215900127232.0
2017-07-19,10079.68,10296.29,10064.31,10295.57,214224778.0,254826639360.0
2017-07-20,10288.89,10392.06,10282.28,10366.98,204422292.0,257386897408.0
2017-07-21,10354.54,10406.25,10342.72,10364.82,178594120.0,222144819200.0
2017-07-24,10352.85,10414.07,10341.24,10404.22,197192991.0,242282139648.0
2017-07-25,10398.25,10421.21,10317.92,10353.21,179887862.0,220868300800.0
2017-07-26,10365.61,10380.7,10247.54,10297.34,193448451.0,232236650496.0
2017-07-27,10284.92,10416.55,10216.02,10395.19,250647357.0,309921165312.0
2017-07-28,10381.31,10456.41,10371.39,10437.94,206554895.0,260555624448.0
2017-07-31,10438.23,10517.33,10418.83,10505.04,236571039.0,286976909312.0
2017-08-01,10496.71,10529.9,10472.71,10525.35,233048202.0,285559025664.0
2017-08-02,10526.0,10557.47,10461.95,10469.34,248511557.0,305190289408.0
2017-08-03,10454.01,10507.23,10403.59,10436.17,225245507.0,278582796288.0
2017-08-04,10426.53,10450.69,10360.83,10361.23,237545789.0,281301499904.0
2017-08-07,10353.15,10451.08,10347.5,10451.08,193394148.0,227688513536.0
2017-08-08,10448.87,10516.61,10437.85,10496.25,229036920.0,271240138752.0
2017-08-09,10487.77,10548.06,10455.27,10544.59,213365852.0,259494764544.0
2017-08-10,10525.15,10582.16,10417.09,10480.64,218998236.0,272103510016.0
2017-08-11,10407.33,10459.91,10281.63,10291.35,223544896.0,269057683456.0
2017-08-14,10308.97,10519.8,10308.97,10519.8,202644516.0,263033724928.0
2017-08-15,10527.54,10559.78,10502.52,10559.78,190212431.0,250599473152.0
2017-08-16,10550.42,10625.34,10504.07,10600.78,217140490.0,290286510080.0
2017-08-17,10601.65,10658.16,10583.4,10653.73,223729091.0,296959979520.0
2017-08-18,10586.35,10636.15,10563.26,10614.08,198035364.0,261469184000.0
2017-08-21,10624.81,10689.77,10624.81,10689.77,186806502.0,245891993600.0
2017-08-22,10689.65,10699.05,10631.25,10653.98,191573985.0,261714800640.0
2017-08-23,10642.22,10662.83,10583.18,10619.34,171019085.0,226590076928.0
2017-08-24,10617.74,10627.34,10537.78,10552.96,162216660.0,221445754880.0
2017-08-25,10556.54,10671.71,10556.54,10659.01,174584891.0,239085158400.0
2017-08-28,10678.35,10866.36,10678.35,10809.74,233005683.0,335524839424.0
2017-08-29,10796.54,10818.22,10742.13,10762.37,209014712.0,296378449920.0
2017-08-30,10762.24,10825.89,10762.24,10813.93,205631844.0,281623293952.0
2017-08-31,10823.31,10837.39,10759.79,10816.64,193759153.0,276777025536.0
2017-09-01,10822.49,10880.56,10807.77,10880.56,236753577.0,327197884416.0
2017-09-04,10882.13,10969.57,10859.36,10962.85,253945574.0,350087266304.0
2017-09-05,10958.2,10995.53,10928.86,10986.95,226193446.0,317008535552.0
2017-09-06,10959.31,11036.89,10939.26,11024.59,236870139.0,339150934016.0
2017-09-07,11030.6,11059.47,10966.54,10969.13,251504934.0,364673069056.0
2017-09-08,10961.7,11011.11,10911.82,10970.77,219333801.0,318072176640.0
2017-09-11,10979.72,11053.73,10963.62,11053.73,228236918.0,332920561664.0
2017-09-12,11063.85,11131.95,11019.87,11043.61,297519757.0,432036577280.0
2017-09-13,11040.1,11091.49,11015.74,11091.49,217492360.0,308933148672.0
2017-09-14,11091.98,11124.54,11033.82,11070.49,237594678.0,329628766208.0
2017-09-15,11058.1,11105.02,11022.25,11063.1,227737866.0,312600625152.0
2017-09-18,11062.43,11154.75,11062.43,11153.53,206122109.0,288320450560.0
2017-09-19,11160.42,11181.18,11055.24,11083.9,213063880.0,303074570240.0
2017-09-20,11083.85,11191.13,11083.21,11191.13,220593841.0,315861458944.0
2017-09-21,11187.88,11199.19,11098.34,11098.34,221588626.0,320703025152.0
2017-09-22,11067.11,11085.43,11025.89,11069.82,194211958.0,280679870464.0
2017-09-25,11054.26,11056.66,10911.03,10930.67,183699679.0,266077097984.0
2017-09-26,10915.66,10951.14,10890.92,10950.77,167782382.0,242413129728.0
2017-09-27,10951.96,11063.13,10951.89,11036.78,170431974.0,249211723776.0
2017-09-28,11029.47,11072.56,11015.48,11031.42,182851295.0,259539447808.0
2017-09-29,11042.72,11121.44,11042.72,11087.19,181068378.0,258476728320.0
2017-10-09,11248.35,11305.46,11214.9,11264.27,216678336.0,310931816448.0
2017-10-10,11260.77,11329.51,11229.02,11329.51,214431770.0,311109799936.0
2017-10-11,11319.46,11344.59,11285.92,11312.5,229886298.0,337328742400.0
2017-10-12,11309.36,11337.12,11240.66,11307.32,198752461.0,279868801024.0
2017-10-13,11312.27,11400.05,11308.04,11399.09,195039498.0,277549953024.0
2017-10-16,11401.87,11422.94,11267.27,11271.2,236289541.0,324237193216.0
2017-10-17,11254.41,11318.0,11214.82,11275.34,157441910.0,226721103872.0
2017-10-18,11277.54,11323.26,11240.63,11282.75,178797230.0,247819390976.0
2017-10-19,11275.31,11290.72,11179.19,11189.55,182603707.0,245567090688.0
2017-10-20,11154.93,11238.88,11140.34,11238.88,144399785.0,207707893760.0
2017-10-23,11239.69,11306.31,11228.68,11306.31,154500823.0,219436453888.0
2017-10-24,11289.02,11339.13,11260.68,11339.13,156281938.0,228600217600.0
2017-10-25,11330.75,11437.21,11324.17,11437.21,160022019.0,229386510336.0
2017-10-26,11430.0,11509.02,11413.93,11461.28,183886111.0,273748275200.0
2017-10-27,11456.57,11484.91,11415.37,11444.52,176979282.0,250850783232.0
2017-10-30,11446.79,11472.28,11192.18,11312.61,223352110.0,304701030400.0
2017-10-31,11293.34,11368.19,11274.17,11367.62,155987092.0,232025473024.0
2017-11-01,11370.52,11424.48,11341.07,11350.32,162985101.0,249866031104.0
2017-11-02,11336.48,11337.01,11251.81,11292.42,181190254.0,260086575104.0
2017-11-03,11287.55,11334.68,11165.06,11215.19,179760266.0,258055720960.0
2017-11-06,11218.04,11373.74,11181.29,11373.74,178683569.0,260701569024.0
2017-11-07,11374.09,11467.97,11370.99,11467.97,193616573.0,283165790208.0
2017-11-08,11460.15,11563.82,11441.8,11447.4,210038868.0,316286877696.0
2017-11-09,11443.54,11553.24,11414.2,11553.24,186042368.0,276689997824.0
2017-11-10,11540.55,11659.65,11531.59,11645.05,204295219.0,312154628096.0
2017-11-13,11657.63,11714.98,11631.19,11695.0,212922501.0,329756803072.0
2017-11-14,11689.94,11700.73,11538.34,11582.92,218041044.0,336302284800.0
2017-11-15,11548.0,11583.97,11390.3,11462.11,179370222.0,284620869632.0
2017-11-16,11442.85,11549.08,11415.76,11537.96,180035277.0,269910650880.0
2017-11-17,11519.92,11555.87,11292.93,11292.93,236670400.0,332399476736.0
2017-11-20,11229.58,11437.55,11087.53,11437.55,183784980.0,261100675072.0
2017-11-21,11419.09,11602.1,11407.4,11602.1,201203937.0,297227669504.0
2017-11-22,11598.04,11666.13,11454.26,11560.8,196786360.0,292300357632.0
2017-11-23,11520.04,11520.04,11162.53,11175.47,196371021.0,283999215616.0
2017-11-24,11135.07,11225.2,11058.99,11168.39,159697129.0,232550096896.0
2017-11-27,11126.78,11126.78,10936.14,10954.18,164559025.0,225632735232.0
2017-11-28,10938.4,11091.14,10936.4,11091.14,146029309.0,204374409216.0
2017-11-29,11095.91,11108.45,10936.99,11082.13,173222707.0,239304130560.0
2017-11-30,11036.75,11079.93,10908.7,10944.1,150778317.0,210947907584.0
2017-12-01,10941.87,11077.43,10926.77,11013.15,148449124.0,210220548096.0
2017-12-04,11007.19,11099.83,10993.51,11014.55,157333821.0,222268329984.0
2017-12-05,10988.07,11044.18,10801.4,10854.76,177587758.0,239177539584.0
2017-12-06,10838.04,10911.33,10716.29,10911.33,158824714.0,214239723520.0
2017-12-07,10886.26,10925.2,10795.84,10801.25,135430810.0,188161626112.0
2017-12-08,10789.17,10964.79,10789.17,10935.06,146228436.0,207108399104.0
2017-12-11,10962.18,11143.26,10962.18,11143.26,158546560.0,229020266496.0
2017-12-12,11145.75,11176.58,11043.21,11043.21,150996403.0,217618190336.0
2017-12-13,11030.02,11143.89,11019.59,11143.89,133789343.0,190815559680.0
2017-12-14,11138.46,11165.61,11070.98,11110.18,145975598.0,206726905856.0
2017-12-15,11092.15,11104.82,10970.73,10998.12,157212224.0,214781825024.0
2017-12-18,10991.11,11046.1,10916.19,10960.12,136016791.0,192787259392.0
2017-12-19,10964.14,11077.18,10963.79,11074.99,130291597.0,182068367360.0
2017-12-20,11072.41,11079.13,10988.89,11003.33,140075896.0,194559320064.0
2017-12-21,10988.77,11149.04,10935.22,11118.25,150891802.0,211339366400.0
2017-12-22,11112.73,11154.75,11078.26,11094.16,129119660.0,185155923968.0
2017-12-25,11102.16,11132.59,10967.37,11005.5,147971069.0,203950137344.0
2017-12-26,11002.34,11025.1,10900.64,11021.83,139956797.0,189812051968.0
2017-12-27,11007.44,11026.73,10911.21,10911.21,154718700.0,211776770048.0
2017-12-28,10907.83,11029.09,10891.75,10974.01,159818719.0,216291074048.0
2017-12-29,10984.86,11040.62,10971.64,11040.45,139772319.0,195470663680.0
2018-01-02,11079.64,11178.05,11072.87,11178.05,163737774.0,217735639040.0
2018-01-03,11181.18,11316.46,11171.12,11280.3,198404751.0,273339736064.0
2018-01-04,11270.91,11341.35,11259.46,11341.35,180376492.0,253306941440.0
2018-01-05,11339.57,11372.29,11310.29,11342.85,187950134.0,250848747520.0
2018-01-08,11343.82,11386.04,11287.6,11382.72,203604073.0,272404639744.0
2018-01-09,11371.93,11449.6,11358.13,11447.09,184081836.0,244210917376.0
2018-01-10,11439.22,11446.41,11345.1,11437.08,196342710.0,261838815232.0
2018-01-11,11411.58,11482.81,11372.36,11464.2,189897902.0,258817335296.0
2018-01-12,11459.46,11496.53,11420.26,11461.99,186021471.0,245278031872.0
2018-01-15,11453.33,11476.58,11277.31,11307.46,224433733.0,299369472000.0
2018-01-16,11283.6,11402.46,11283.29,11386.91,192863411.0,268707487744.0
2018-01-17,11366.6,11367.16,11185.92,11303.97,213515922.0,293435146240.0
2018-01-18,11287.64,11375.11,11279.42,11319.91,155610117.0,217136832512.0
2018-01-19,11314.46,11393.04,11276.57,11296.27,183429289.0,247227121664.0
2018-01-22,11289.86,11513.08,11273.69,11513.08,181074819.0,255935148032.0
2018-01-23,11514.56,11564.95,11493.74,11555.25,174188769.0,239369551872.0
2018-01-24,11548.21,11613.96,11456.26,11607.57,210735224.0,293122019328.0
2018-01-25,11588.38,11633.46,11548.68,11552.56,213762240.0,293426671616.0
2018-01-26,11524.7,11605.13,11512.94,11557.82,175611738.0,243775700992.0
2018-01-29,11547.68,11556.65,11323.69,11352.72,199666079.0,269941911552.0
2018-01-30,11319.97,11370.0,11260.31,11278.78,157973243.0,213013516288.0
2018-01-31,11210.06,11244.18,11119.32,11159.68,194794972.0,251412201472.0
2018-02-01,11145.41,11171.36,10836.35,10864.34,224818678.0,274270212096.0
2018-02-02,10794.13,10933.15,10663.54,10925.16,184626570.0,226552963072.0
2018-02-05,10761.08,10873.24,10741.85,10836.25,148705224.0,195241345024.0
2018-02-06,10603.54,10685.16,10377.61,10377.61,196877409.0,240826765312.0
2018-02-07,10563.31,10599.54,10173.66,10246.97,185364908.0,231266197504.0
2018-02-08,10219.39,10411.2,10219.21,10372.59,154429804.0,189574402048.0
2018-02-09,10096.47,10172.78,9868.83,10001.23,193571354.0,222130733056.0
2018-02-12,10059.86,10325.68,10059.86,10291.88,144996155.0,178698485760.0
2018-02-13,10367.68,10486.81,10350.17,10362.43,142167334.0,175103180800.0
2018-02-14,10381.16,10433.09,10319.15,10431.91,100082440.0,122306760704.0
2018-02-22,10547.81,10667.8,10526.98,10658.94,136170478.0,167971336192.0
2018-02-23,10667.81,10700.11,10578.79,10662.79,140530854.0,173133275136.0
2018-02-26,10731.31,10920.21,10670.17,10895.56,200183491.0,253878816768.0
2018-02-27,10898.29,10915.36,10791.95,10807.53,195932780.0,256634728448.0
2018-02-28,10705.81,10875.71,10656.36,10828.73,186638953.0,244640047104.0
2018-03-01,10754.62,10943.13,10732.93,10943.13,190070305.0,247235624960.0
2018-03-02,10857.87,10947.39,10840.01,10856.25,184646817.0,238212894720.0
2018-03-05,10882.87,10913.03,10813.47,10875.68,159549540.0,212230844416.0
2018-03-06,10909.28,11007.95,10873.85,11007.95,206525499.0,274044809216.0
2018-03-07,10993.95,11031.48,10897.58,10904.99,179148337.0,234993971200.0
2018-03-08,10902.35,11019.08,10892.18,11019.08,165203174.0,227085881344.0
2018-03-09,11040.37,11203.72,11030.55,11194.91,234555469.0,309671669760.0
2018-03-12,11266.32,11328.77,11260.46,11326.27,261773245.0,359256596480.0
2018-03-13,11311.04,11335.3,11236.38,11241.41,227848425.0,299984150528.0
2018-03-14,11198.77,11242.3,11138.39,11139.63,196067738.0,262331629568.0
2018-03-15,11100.53,11195.94,11051.62,11163.65,187573555.0,255699177472.0
2018-03-16,11166.43,11192.36,11051.12,11051.12,169598356.0,228384555008.0
2018-03-19,11046.03,11120.75,10994.68,11068.49,165819448.0,227130683392.0
2018-03-20,10982.73,11082.03,10951.99,11077.8,177360077.0,235235336192.0
2018-03-21,11100.91,11170.56,10973.58,10980.55,202472474.0,272918093824.0
2018-03-22,10988.83,11035.58,10858.44,10877.25,175778163.0,239318507520.0
2018-03-23,10511.16,10664.93,10256.5,10439.99,282412823.0,341906997248.0
2018-03-26,10303.75,10564.38,10217.22,10564.38,195798889.0,255008915456.0
2018-03-27,10683.16,10799.37,10675.5,10775.71,222882762.0,313318191104.0
2018-03-28,10633.7,10768.48,10613.06,10630.69,204801306.0,291195711488.0
2018-03-29,10676.56,10778.8,10564.29,10755.92,192574641.0,267997585408.0
2018-03-30,10776.71,10883.05,10766.53,10868.65,209103163.0,300756303872.0
2018-04-02,10887.47,10950.22,10835.71,10852.95,238742940.0,348243222528.0
2018-04-03,10718.43,10783.93,10667.33,10754.29,208204045.0,293300056064.0
2018-04-04,10778.86,10829.82,10678.94,10684.56,193163743.0,278469992448.0
2018-04-09,10655.07,10725.11,10571.16,10653.38,185794685.0,259579502592.0
2018-04-10,10671.69,10765.62,10628.24,10765.62,199741596.0,279166451712.0
2018-04-11,10796.5,10856.44,10786.84,10808.37,191004362.0,270248587264.0
2018-04-12,10797.35,10825.66,10720.83,10726.95,171686889.0,243642064896.0
2018-04-13,10789.77,10825.67,10670.65,10687.02,161837312.0,232703926272.0
2018-04-16,10660.69,10704.39,10540.69,10621.79,188159462.0,258479169536.0
2018-04-17,10636.88,10669.15,10390.05,10395.16,202286400.0,280932024320.0
2018-04-18,10477.52,10514.74,10249.87,10491.15,215834944.0,292286611456.0
2018-04-19,10502.36,10646.7,10485.41,10598.35,203988577.0,286889140224.0
2018-04-20,10571.99,10619.17,10392.69,10408.91,196805693.0,262162358272.0
2018-04-23,10416.78,10471.21,10228.09,10330.63,179579807.0,235947175936.0
2018-04-24,10325.51,10556.82,10325.51,10556.82,190970007.0,256845971456.0
2018-04-25,10503.94,10579.18,10488.87,10547.1,183348347.0,258197684224.0
2018-04-26,10495.03,10508.01,10290.37,10292.12,186332439.0,261166243840.0
2018-04-27,10353.02,10382.77,10239.97,10324.47,164776512.0,232558977024.0
2018-05-02,10356.19,10433.28,10283.52,10342.85,160567096.0,216936706048.0
2018-05-03,10329.16,10459.39,10228.26,10458.62,177743322.0,234010632192.0
2018-05-04,10428.85,10490.06,10411.83,10426.19,150582423.0,211943198720.0
2018-05-07,10456.43,10626.51,10450.49,10626.51,174177180.0,243704274944.0
2018-05-08,10632.11,10721.98,10630.58,10707.8,182770939.0,254773010432.0
2018-05-09,10693.22,10705.15,10639.92,10689.07,169498644.0,229130518528.0
2018-05-10,10706.73,10742.64,10651.87,10729.77,180925302.0,247278039040.0
2018-05-11,10748.89,10752.82,10634.23,10634.3,180171412.0,246766583808.0
2018-05-14,10649.11,10723.79,10641.29,10671.46,169570273.0,234726449152.0
2018-05-15,10692.82,10747.99,10632.55,10747.99,157932634.0,215123554304.0
2018-05-16,10713.59,10776.43,10691.14,10701.32,165521884.0,227295354880.0
2018-05-17,10702.07,10713.71,10615.92,10635.5,150682885.0,206557216768.0
2018-05-18,10623.91,10679.51,10557.75,10672.52,154568054.0,208174227456.0
2018-05-21,10741.19,10789.76,10731.61,10765.35,191005737.0,258556055552.0
2018-05-22,10754.7,10765.81,10689.51,10765.81,179543852.0,252476329984.0
2018-05-23,10746.82,10746.82,10631.12,10631.12,186496581.0,261399498752.0
2018-05-24,10632.5,10657.45,10552.35,10564.13,158449318.0,221567397888.0
2018-05-25,10550.63,10576.81,10435.95,10448.22,172760873.0,232126099456.0
2018-05-28,10439.65,10536.57,10382.72,10465.54,169664090.0,229962072064.0
2018-05-29,10446.99,10517.14,10347.94,10349.07,168436145.0,229850988544.0
2018-05-30,10203.66,10252.15,10097.48,10105.79,197606894.0,246263304192.0
2018-05-31,10178.96,10295.73,10115.66,10295.73,174687657.0,223329173504.0
2018-06-01,10247.16,10280.74,10122.99,10169.35,162718881.0,208986406912.0
2018-06-04,10192.04,10237.6,10148.69,10204.32,145772250.0,191048310784.0
2018-06-05,10216.63,10385.61,10216.02,10385.61,152789688.0,205931790336.0
2018-06-06,10375.26,10403.93,10337.71,10365.13,145456742.0,197067362304.0
2018-06-07,10397.65,10411.56,10308.06,10313.85,147571535.0,192944922624.0
2018-06-08,10290.63,10291.9,10136.58,10205.52,151727260.0,192911912960.0
2018-06-11,10191.31,10242.76,10141.27,10175.35,131225357.0,177860886528.0
2018-06-12,10187.31,10323.0,10124.98,10315.28,142568236.0,196641570816.0
2018-06-13,10280.08,10288.0,10161.39,10161.65,142851645.0,186972516352.0
2018-06-14,10124.76,10213.79,10054.37,10084.18,130720950.0,169792253952.0
2018-06-15,10077.43,10108.53,9902.63,9943.13,159964588.0,193958928384.0
2018-06-19,9775.97,9815.01,9336.7,9414.76,214212677.0,232494997504.0
2018-06-20,9367.74,9549.53,9310.19,9501.34,169974646.0,194874638336.0
2018-06-21,9493.5,9573.49,9313.09,9316.68,173337702.0,196624871424.0
2018-06-22,9247.02,9416.09,9172.3,9409.95,152509804.0,172146270208.0
2018-06-25,9472.91,9494.44,9320.66,9324.83,150021719.0,175553634304.0
2018-06-26,9201.0,9364.51,9175.39,9339.37,163376771.0,187376873472.0
2018-06-27,9338.01,9378.08,9139.82,9168.66,158976179.0,183778402304.0
2018-06-28,9130.52,9230.89,9065.2,9071.73,153744118.0,176409821184.0
2018-06-29,9100.6,9381.03,9078.24,9379.47,181591780.0,207509245952.0
2018-07-02,9369.24,9393.1,9107.55,9179.8,181357824.0,210083213312.0
2018-07-03,9184.31,9233.02,8945.42,9221.54,193568837.0,232231325696.0
2018-07-04,9182.96,9200.27,9008.09,9035.49,171450253.0,198661632000.0
2018-07-05,9036.12,9096.54,8844.67,8862.18,163732093.0,182502993920.0
2018-07-06,8873.9,9035.45,8736.36,8911.34,186418550.0,208241496064.0
2018-07-09,8954.31,9160.62,8954.31,9160.62,162002035.0,190302388224.0
2018-07-10,9176.29,9213.87,9123.22,9205.43,163883576.0,193394020352.0
2018-07-11,9024.72,9092.88,8916.98,9023.82,179130627.0,202816249856.0
2018-07-12,9019.96,9312.37,9019.96,9273.61,211612334.0,245504839680.0
2018-07-13,9288.47,9344.65,9270.2,9326.97,187063852.0,219761971200.0
2018-07-16,9322.97,9366.21,9278.07,9317.36,167471232.0,196056637440.0
2018-07-17,9307.66,9307.66,9175.66,9285.16,160044941.0,184644603904.0
2018-07-18,9293.2,9335.1,9195.24,9195.24,175256581.0,198838579200.0
2018-07-19,9214.9,9266.93,9116.45,9148.78,161620344.0,181552590848.0
2018-07-20,9141.51,9277.95,9055.86,9251.48,169930481.0,192701386752.0
2018-07-23,9188.47,9314.3,9160.05,9314.3,199809121.0,224042745856.0
2018-07-24,9316.65,9491.24,9313.17,9465.8,244672640.0,264149639168.0
2018-07-25,9475.72,9514.94,9436.99,9463.76,213146959.0,230878642176.0
2018-07-26,9467.56,9488.39,9331.45,9352.25,229138685.0,222740398080.0
2018-07-27,9344.75,9363.17,9270.35,9295.93,188934764.0,178252636160.0
2018-07-30,9289.36,9309.44,9139.74,9181.94,178357087.0,180699889664.0
2018-07-31,9168.83,9216.73,9132.08,9178.78,147991099.0,153584226304.0
2018-08-01,9205.75,9235.74,9005.37,9005.37,173264530.0,176825901056.0
2018-08-02,8971.71,8971.71,8613.84,8780.56,211111168.0,209522339840.0
2018-08-03,8767.56,8807.95,8602.12,8602.12,152843384.0,155634176000.0
2018-08-06,8582.43,8638.37,8374.4,8422.84,159152335.0,158118490112.0
2018-08-07,8453.55,8674.03,8379.7,8674.03,171924081.0,169408413696.0
2018-08-08,8654.55,8665.39,8498.21,8499.22,171693501.0,165379268608.0
2018-08-09,8475.79,8797.59,8460.43,8752.2,199857185.0,195979182080.0
2018-08-10,8752.94,8839.29,8742.4,8813.49,159645041.0,165058973696.0
2018-08-13,8712.12,8855.62,8676.21,8844.86,160953764.0,171116199936.0
2018-08-14,8832.27,8843.57,8752.76,8784.9,152129692.0,155968626688.0
2018-08-15,8786.35,8786.35,8567.23,8581.18,163462259.0,159326670848.0
2018-08-16,8470.91,8628.91,8408.0,8500.42,157105421.0,153176633344.0
2018-08-17,8573.57,8597.79,8341.1,8357.04,152746929.0,150008295424.0
2018-08-20,8355.0,8414.15,8241.14,8414.15,149839734.0,150695165952.0
2018-08-21,8419.79,8561.79,8396.58,8549.06,148513882.0,158587359232.0
2018-08-22,8533.43,8533.43,8440.58,8454.75,133426220.0,130788556800.0
2018-08-23,8446.98,8543.42,8411.74,8501.39,140125087.0,144363835392.0
2018-08-24,8480.22,8544.25,8438.08,8484.74,140519862.0,136518180864.0
2018-08-27,8511.37,8728.56,8511.37,8728.56,178436152.0,181849825280.0
2018-08-28,8731.64,8758.71,8693.52,8733.75,162576031.0,166333927424.0
2018-08-29,8716.82,8724.81,8649.73,8678.26,154352067.0,145148293120.0
2018-08-30,8666.9,8701.04,8543.79,8552.8,157376476.0,147057340416.0
2018-08-31,8509.27,8536.06,8425.35,8465.47,138909481.0,133742272512.0
2018-09-03,8440.95,8459.95,8344.93,8455.55,145309020.0,138221080576.0
2018-09-04,8454.14,8573.2,8420.88,8554.44,161407196.0,154187890688.0
2018-09-05,8519.57,8536.84,8402.51,8402.51,166313902.0,151426736128.0
2018-09-06,8369.3,8450.89,8295.48,8324.16,144449452.0,143254241280.0
2018-09-07,8344.57,8462.39,8270.4,8322.36,160347052.0,158206480384.0
2018-09-10,8310.46,8311.91,8155.35,8158.49,155414177.0,144973774848.0
2018-09-11,8155.95,8216.62,8112.0,8168.1,135954583.0,124255604736.0
2018-09-12,8162.17,8196.86,8095.01,8111.16,128076091.0,124329406464.0
2018-09-13,8196.21,8227.2,8038.12,8163.76,156021949.0,148401946624.0
2018-09-14,8173.56,8180.7,8090.4,8113.88,160010225.0,145771397120.0
2018-09-17,8068.06,8074.79,7977.44,7999.35,141937349.0,119820058624.0
2018-09-18,7970.45,8133.9,7958.52,8133.22,160542170.0,140630880256.0
2018-09-19,8111.24,8313.62,8097.23,8248.12,200529784.0,179756556288.0
2018-09-20,8241.7,8295.13,8218.38,8233.89,177806991.0,145532502016.0
2018-09-21,8258.02,8419.47,8216.68,8409.18,197594127.0,172515209216.0
2018-09-25,8336.75,8390.65,8311.93,8353.38,149970130.0,133842767872.0
2018-09-26,8369.52,8485.68,8344.72,8420.54,182897175.0,165306187776.0
2018-09-27,8411.18,8434.87,8331.78,8334.75,191355630.0,162586349568.0
2018-09-28,8351.63,8405.98,8317.48,8401.09,155515372.0,137841082368.0
2018-10-08,8225.84,8249.39,8055.98,8060.83,164590316.0,147414818816.0
2018-10-09,8083.23,8132.15,8013.19,8046.39,134621898.0,121538588672.0
2018-10-10,8062.46,8090.22,7952.13,8010.69,139300393.0,124726718464.0
2018-10-11,7753.03,7803.29,7481.89,7524.09,234967642.0,188563013632.0
2018-10-12,7484.86,7595.93,7331.81,7558.28,210084270.0,166093713408.0
2018-10-15,7571.71,7622.03,7430.96,7444.48,157507891.0,133513482240.0
2018-10-16,7444.94,7493.15,7263.29,7298.98,157665052.0,129276932096.0
2018-10-17,7390.69,7419.21,7206.34,7365.21,171300150.0,141153574912.0
2018-10-18,7309.0,7316.19,7182.39,7187.49,162453343.0,133097385984.0
2018-10-19,7097.04,7390.92,7084.44,7387.74,184794327.0,156915384320.0
2018-10-22,7464.92,7816.82,7464.92,7748.82,257882926.0,224719347712.0
2018-10-23,7752.18,7769.52,7523.07,7574.99,221267195.0,190659522560.0
2018-10-24,7531.6,7653.24,7484.63,7545.11,183170084.0,155062857728.0
2018-10-25,7334.52,7543.11,7305.77,7529.41,191703396.0,154975191040.0
2018-10-26,7582.77,7621.38,7476.13,7504.72,184356987.0,149178482688.0
2018-10-29,7449.64,7450.38,7290.82,7322.24,155114074.0,132936458240.0
2018-10-30,7271.96,7451.66,7189.35,7375.23,188857672.0,158569377792.0
2018-10-31,7385.98,7526.6,7373.75,7482.83,194478328.0,159980371968.0
2018-11-01,7568.2,7689.57,7558.4,7567.79,235785444.0,203028086784.0
2018-11-02,7763.49,7867.54,7709.44,7867.54,268299638.0,243418103808.0
2018-11-05,7831.82,7895.54,7733.14,7839.08,259786875.0,225011343360.0
2018-11-06,7807.09,7807.09,7701.51,7791.25,210422863.0,175163883520.0
2018-11-07,7783.13,7871.17,7745.39,7752.04,226640512.0,191635382272.0
2018-11-08,7813.63,7823.6,7692.34,7698.02,209202168.0,167906156544.0
2018-11-09,7650.17,7705.26,7626.17,7648.55,193795530.0,153029410816.0
2018-11-12,7634.82,7832.82,7622.47,7832.29,249652882.0,196865634304.0
2018-11-13,7733.11,8008.11,7718.68,7963.66,353815386.0,265967513600.0
2018-11-14,7942.08,7990.45,7894.21,7908.55,314971610.0,234042081280.0
2018-11-15,7889.92,8002.1,7884.34,8002.1,281944310.0,232073699328.0
2018-11-16,8003.47,8116.73,7959.14,8062.29,317750725.0,270894481408.0
2018-11-19,8050.55,8108.85,8014.57,8108.85,295388406.0,243574464512.0
2018-11-20,8031.36,8054.24,7870.41,7879.52,285277105.0,241040953344.0
2018-11-21,7786.78,7919.07,7776.56,7908.47,241146307.0,197816188928.0
2018-11-22,7929.79,7950.97,7857.81,7893.99,224939023.0,179744301056.0
2018-11-23,7882.85,7889.13,7616.47,7636.7,263519726.0,208521965568.0
2018-11-26,7627.4,7682.2,7586.6,7615.91,184756183.0,146796220416.0
2018-11-27,7657.8,7682.76,7589.0,7635.16,183306296.0,148806230016.0
2018-11-28,7633.37,7757.07,7572.65,7757.07,219258931.0,172734214144.0
2018-11-29,7800.57,7820.45,7597.01,7597.01,222629819.0,181133189120.0
2018-11-30,7583.84,7688.88,7537.92,7681.75,189655821.0,155271057408.0
2018-12-03,7901.83,7968.09,7835.23,7938.47,267934403.0,237226602496.0
2018-12-04,7916.55,7954.31,7890.66,7953.72,225873052.0,186137124864.0
2018-12-05,7825.12,7972.98,7808.74,7928.51,225996536.0,188548079616.0
2018-12-06,7854.59,7872.45,7725.99,7735.05,209082204.0,181826465792.0
2018-12-07,7741.73,7765.14,7712.27,7733.89,167466854.0,143175163904.0
2018-12-10,7663.26,7698.53,7606.0,7624.86,168585042.0,141542301696.0
2018-12-11,7642.16,7685.4,7628.15,7685.4,160233759.0,133023821824.0
2018-12-12,7721.82,7737.24,7675.26,7698.02,162361723.0,133674545152.0
2018-12-13,7717.47,7849.66,7679.02,7808.04,197325921.0,172460187648.0
2018-12-14,7785.29,7792.74,7624.72,7629.65,199438804.0,168232960000.0
2018-12-17,7599.01,7618.68,7515.46,7592.65,159473454.0,135279890432.0
2018-12-18,7540.96,7609.39,7473.45,7530.32,156606551.0,130651688960.0
2018-12-19,7541.5,7548.72,7407.46,7418.69,146311273.0,123445858304.0
2018-12-20,7402.2,7445.05,7363.77,7426.44,153471619.0,127661416448.0
2018-12-21,7399.15,7405.27,7283.76,7337.6,161299103.0,134924464128.0
2018-12-24,7315.26,7393.71,7293.15,7392.56,143855086.0,127564050432.0
2018-12-25,7308.61,7362.07,7180.08,7332.35,196583470.0,161164242944.0
2018-12-26,7323.99,7369.84,7277.56,7289.55,161333010.0,137367523328.0
2018-12-27,7402.6,7415.92,7215.34,7215.34,178064579.0,151452106752.0
2018-12-28,7229.87,7282.5,7174.9,7239.79,155838075.0,133833728000.0
2019-01-02,7259.49,7266.47,7136.95,7149.27,146826478.0,128669986816.0
2019-01-03,7134.15,7217.83,7081.83,7089.44,173151163.0,145238859776.0
2019-01-04,7022.12,7284.84,7011.33,7284.84,231616904.0,182962323456.0
2019-01-07,7333.32,7409.38,7303.46,7400.2,248688842.0,201785667584.0
2019-01-08,7381.61,7412.19,7361.41,7391.65,229393994.0,176356511744.0
2019-01-09,7425.64,7552.2,7404.49,7447.93,266767954.0,218445045760.0
2019-01-10,7442.7,7491.69,7415.28,7428.61,227413629.0,180671909888.0
2019-01-11,7441.18,7490.17,7404.31,7474.01,217105795.0,173750046720.0
2019-01-14,7473.88,7488.36,7394.96,7409.2,215934774.0,166914293760.0
2019-01-15,7403.79,7549.66,7386.15,7547.35,223110397.0,182224551936.0
2019-01-16,7545.35,7586.66,7518.71,7540.45,216076434.0,177785020416.0
2019-01-17,7534.04,7545.81,7463.99,7470.36,210238042.0,166613848064.0
2019-01-18,7486.95,7584.76,7479.66,7581.39,220630817.0,175381200896.0
2019-01-21,7591.19,7661.62,7578.49,7626.24,204896694.0,173201985536.0
2019-01-22,7615.8,7615.8,7493.78,7516.79,188464366.0,155636682752.0
2019-01-23,7493.07,7542.65,7489.32,7523.77,168488374.0,138876653568.0
2019-01-24,7537.5,7604.99,7485.24,7573.52,201968412.0,169008152576.0
2019-01-25,7581.29,7657.03,7554.55,7595.45,211919406.0,177486397440.0
2019-01-28,7641.29,7704.85,7569.77,7589.58,202423332.0,172300865536.0
2019-01-29,7575.43,7578.13,7428.4,7551.3,208909704.0,167051825152.0
2019-01-30,7518.03,7580.22,7470.36,7470.47,163342154.0,136185741312.0
2019-01-31,7485.79,7552.56,7428.86,7479.22,206365251.0,159830118400.0
2019-02-01,7524.67,7684.11,7517.83,7684.0,180990264.0,150222905344.0
2019-02-11,7695.17,7922.54,7695.17,7919.05,211629263.0,182559019008.0
2019-02-12,7915.06,8027.63,7903.9,8010.07,258799232.0,208455163904.0
2019-02-13,8029.97,8191.98,8016.78,8171.21,318137976.0,267037757440.0
2019-02-14,8182.32,8260.33,8141.1,8219.96,310200210.0,247156301824.0
2019-02-15,8198.45,8223.64,8117.51,8125.63,307058614.0,248518774784.0
2019-02-18,8187.89,8446.92,8187.89,8446.92,396701097.0,323520806912.0
2019-02-19,8480.76,8537.35,8350.86,8440.87,437306243.0,358713544704.0
2019-02-20,8443.98,8488.47,8372.96,8473.43,365676247.0,293835321344.0
2019-02-21,8467.15,8619.62,8416.17,8451.71,431362358.0,365674332160.0
2019-02-22,8431.56,8651.2,8393.86,8651.2,416850504.0,357695442944.0
2019-02-25,8804.97,9134.58,8785.42,9134.58,643916664.0,574588530688.0
2019-02-26,9162.92,9276.45,9036.75,9089.04,689527153.0,605314809856.0
2019-02-27,9062.97,9158.2,8901.72,9005.77,550387136.0,479406145536.0
2019-02-28,9001.18,9097.4,8970.65,9031.93,421689421.0,363525910528.0
2019-03-01,9111.96,9167.65,9005.49,9167.65,399959293.0,357074096128.0
2019-03-04,9280.65,9567.15,9260.73,9384.42,606335327.0,565949710336.0
2019-03-05,9366.77,9595.74,9328.0,9595.74,563487475.0,513753186304.0
2019-03-06,9640.95,9707.92,9518.71,9700.49,692388127.0,620802904064.0
2019-03-07,9685.3,9782.22,9546.56,9678.11,685512479.0,640923189248.0
2019-03-08,9447.6,9726.3,9346.73,9363.72,709489787.0,658507091968.0
2019-03-11,9425.8,9704.33,9370.38,9704.33,558511388.0,540090847232.0
2019-03-12,9766.5,9928.2,9683.07,9841.24,663592430.0,650014134272.0
2019-03-13,9828.15,9828.15,9534.33,9592.06,615964539.0,599981088768.0
2019-03-14,9521.62,9620.46,9323.06,9417.93,482171917.0,456280678400.0
2019-03-15,9485.33,9650.54,9452.91,9550.54,422441792.0,405946007552.0
2019-03-18,9583.45,9843.43,9510.66,9843.43,439815283.0,434179891200.0
2019-03-19,9844.46,9908.17,9774.75,9839.74,431739482.0,422403026944.0
2019-03-20,9828.07,9848.77,9642.67,9800.6,451219889.0,430605295616.0
2019-03-21,9808.74,9934.86,9771.86,9869.8,515936102.0,482004758528.0
2019-03-22,9871.99,9891.83,9692.25,9879.22,467872484.0,445257793536.0
2019-03-25,9705.02,9858.08,9680.94,9701.7,460806700.0,444008902656.0
2019-03-26,9753.17,9780.08,9487.1,9513.0,448860524.0,426899558400.0
2019-03-27,9582.03,9609.44,9446.35,9609.44,376919235.0,369665306624.0
2019-03-28,9586.38,9695.52,9537.61,9546.51,365302249.0,374108876800.0
2019-03-29,9556.3,9906.86,9554.07,9906.86,435504934.0,449584910336.0
2019-04-01,9976.98,10277.55,9976.98,10267.7,539634778.0,563895926784.0
2019-04-02,10314.79,10334.95,10220.81,10260.36,557057587.0,575814254592.0
2019-04-03,10199.97,10350.57,10166.67,10340.51,491116593.0,490776846336.0
2019-04-04,10379.2,10453.5,10309.53,10415.8,514128387.0,529780760576.0
2019-04-08,10510.43,10541.19,10226.25,10351.87,544942098.0,560604758016.0
2019-04-09,10368.03,10438.99,10304.73,10436.62,440133412.0,459924529152.0
2019-04-10,10403.24,10529.74,10328.61,10435.08,474638395.0,503290912768.0
2019-04-11,10420.65,10437.45,10149.38,10158.4,444252114.0,456637571072.0
2019-04-12,10138.09,10186.47,10053.81,10132.34,370906209.0,368249192448.0
2019-04-15,10294.82,10365.31,10048.83,10053.76,403544069.0,420112441344.0
2019-04-16,9993.25,10287.64,9928.28,10287.64,411812460.0,430879141888.0
2019-04-17,10288.45,10410.65,10257.56,10344.43,453500764.0,475592708096.0
2019-04-18,10338.5,10363.85,10267.31,10287.67,422880573.0,429914284032.0
2019-04-19,10280.34,10418.24,10208.61,10418.24,409454999.0,405256794112.0
2019-04-22,10418.71,10418.71,10192.52,10224.31,437135585.0,445057503232.0
2019-04-23,10206.02,10247.39,10091.92,10124.66,403741204.0,408140718080.0
2019-04-24,10162.38,10239.37,10023.91,10236.27,370744422.0,373852774400.0
2019-04-25,10186.23,10209.14,9902.02,9907.62,430107686.0,424300789760.0
2019-04-26,9852.94,9927.74,9774.75,9780.82,339762931.0,349231030272.0
2019-04-29,9775.95,9822.82,9597.09,9622.49,356616133.0,356782125056.0
2019-04-30,9573.41,9730.55,9573.39,9674.53,263792927.0,271059349504.0
2019-05-06,9289.74,9333.92,8893.15,8943.52,355213412.0,343574667264.0
2019-05-07,9011.52,9160.52,8928.57,9089.46,296713600.0,292641091584.0
2019-05-08,8899.91,9167.81,8873.44,9002.53,289597256.0,269925650432.0
2019-05-09,8919.5,9012.24,8860.18,8877.31,244927949.0,236562616320.0
2019-05-10,8988.92,9238.55,8820.59,9235.39,346735347.0,335996862464.0
2019-05-13,9112.52,9191.07,9059.32,9103.36,268454269.0,263589638144.0
2019-05-14,8998.97,9142.46,8996.92,9038.36,258630922.0,254317662208.0
2019-05-15,9125.27,9282.96,9123.9,9259.03,288895918.0,286522187776.0
2019-05-16,9247.99,9307.22,9211.75,9293.32,310232476.0,296006782976.0
2019-05-17,9299.46,9303.05,8964.37,9000.19,349171164.0,325842440192.0
2019-05-20,8980.8,8994.18,8792.84,8916.11,274992474.0,263532429312.0
2019-05-21,8920.46,9120.69,8892.15,9087.52,287502697.0,276693729280.0
2019-05-22,9068.99,9132.37,8986.53,9041.22,281965207.0,275630125056.0
2019-05-23,8997.25,8997.25,8789.41,8809.53,278961833.0,271749128192.0
2019-05-24,8788.17,8880.81,8745.6,8776.77,228714097.0,218225147904.0
2019-05-27,8795.14,9003.87,8732.98,8979.83,270875546.0,258901221376.0
2019-05-28,8979.58,9082.7,8946.7,9035.69,276643369.0,272273453056.0
2019-05-29,8971.22,9077.51,8956.72,9010.36,248026476.0,243073769472.0
2019-05-30,8974.4,8974.4,8845.83,8943.35,264232166.0,256436092928.0
2019-05-31,8939.41,9016.16,8892.12,8922.69,248794801.0,246188134400.0
2019-06-03,8953.37,9012.08,8826.75,8856.99,273451241.0,271098748928.0
2019-06-04,8854.5,8868.09,8697.49,8748.27,238853932.0,241319866368.0
2019-06-05,8831.13,8851.12,8729.21,8746.05,224442578.0,232586104832.0
2019-06-06,8741.83,8741.83,8557.58,8584.94,230614648.0,221817176064.0
2019-06-10,8621.73,8748.97,8582.48,8711.79,205317924.0,204223447040.0
2019-06-11,8721.27,9045.12,8718.47,9037.67,316531461.0,310971809792.0
2019-06-12,9008.56,9038.87,8930.91,8954.72,295739200.0,290334396416.0
2019-06-13,8948.58,8974.8,8866.22,8951.61,268633277.0,258036355072.0
2019-06-14,8956.92,8994.16,8801.33,8810.13,273664328.0,254618099712.0
2019-06-17,8807.84,8864.77,8753.42,8780.87,205218248.0,192566079488.0
2019-06-18,8785.77,8839.23,8722.93,8804.32,193701307.0,184847831040.0
2019-06-19,9051.85,9084.18,8923.44,8925.73,275315384.0,278447726592.0
2019-06-20,8923.57,9183.15,8900.75,9134.96,317570243.0,314654498816.0
2019-06-21,9181.64,9252.55,9158.32,9214.27,351989130.0,345138655232.0
2019-06-24,9220.23,9251.48,9171.35,9212.12,286556337.0,283834011648.0
2019-06-25,9206.18,9206.18,9004.76,9118.1,281105615.0,269040963584.0
2019-06-26,9064.13,9164.28,9040.32,9122.43,224572244.0,219213565952.0
2019-06-27,9154.04,9274.42,9152.63,9239.48,259085481.0,267181694976.0
2019-06-28,9236.06,9236.06,9126.89,9178.31,243274135.0,231883255808.0
2019-07-01,9384.79,9530.46,9339.77,9530.46,338049380.0,347589238784.0
2019-07-02,9516.42,9560.52,9483.16,9545.52,306779218.0,309130465280.0
2019-07-03,9519.8,9520.38,9376.31,9419.84,260721597.0,269451223040.0
2019-07-04,9435.04,9466.02,9323.07,9368.3,233063772.0,236241760256.0
2019-07-05,9379.94,9464.39,9345.79,9443.22,199307361.0,211135324160.0
2019-07-08,9419.69,9420.24,9124.16,9186.29,261041805.0,262636617728.0
2019-07-09,9178.91,9221.72,9119.65,9198.79,188090826.0,197522087936.0
2019-07-10,9231.86,9239.28,9130.53,9166.15,187294333.0,190363787264.0
2019-07-11,9216.95,9282.95,9121.46,9152.77,190345674.0,196286734336.0
2019-07-12,9161.27,9236.42,9122.41,9213.38,186186263.0,187117228032.0
2019-07-15,9181.03,9358.08,9066.71,9309.42,241649216.0,245906272256.0
2019-07-16,9294.56,9324.91,9255.43,9283.41,211312143.0,211676061696.0
2019-07-17,9274.69,9354.81,9242.25,9302.0,235067707.0,229356064768.0
2019-07-18,9258.12,9258.12,9153.01,9154.65,222426906.0,213971132416.0
2019-07-19,9198.82,9298.21,9198.82,9228.55,200474340.0,200890564608.0
2019-07-22,9247.28,9254.65,9073.49,9122.64,218545395.0,209835618304.0
2019-07-23,9125.46,9175.83,9104.76,9175.83,168118776.0,175168282624.0
2019-07-24,9203.23,9312.67,9203.23,9266.3,213978040.0,221447307264.0
2019-07-25,9265.31,9344.82,9247.97,9344.82,212853691.0,224169693184.0
2019-07-26,9310.65,9363.27,9294.61,9349.0,185654474.0,193088831488.0
2019-07-29,9350.21,9376.42,9310.63,9354.28,186596815.0,196302606336.0
2019-07-30,9362.23,9469.08,9362.23,9399.1,206900142.0,213376143360.0
2019-07-31,9374.44,9374.44,9318.59,9326.61,185301240.0,193003937792.0
2019-08-01,9278.83,9327.94,9223.31,9268.05,189132526.0,202878636032.0
2019-08-02,9049.35,9150.73,9020.26,9136.46,228554424.0,238579937280.0
2019-08-05,9093.07,9168.1,8984.73,8984.73,203852032.0,219269009408.0
2019-08-06,8805.15,8898.38,8669.9,8859.47,274305592.0,268428439552.0
2019-08-07,8919.89,8933.99,8814.74,8814.74,189083932.0,199858782208.0
2019-08-08,8870.18,8936.48,8859.48,8919.28,176794345.0,189027176448.0
2019-08-09,8963.47,8970.52,8780.72,8795.18,195121487.0,209545420800.0
2019-08-12,8816.89,8978.52,8798.5,8978.52,183867356.0,200207114240.0
2019-08-13,8910.15,8960.02,8869.46,8902.63,170587308.0,185691557888.0
2019-08-14,9034.05,9060.4,8956.08,8966.47,207501724.0,228412239872.0
2019-08-15,8779.53,9011.77,8758.04,9009.68,212807485.0,220269510656.0
2019-08-16,9007.15,9136.21,8995.57,9060.92,220697416.0,244112625664.0
2019-08-19,9165.8,9328.97,9141.89,9328.97,303617838.0,334507175936.0
2019-08-20,9340.66,9389.39,9301.92,9328.73,293736361.0,313938182144.0
2019-08-21,9304.52,9361.74,9287.31,9322.75,249206922.0,271263756288.0
2019-08-22,9350.65,9363.79,9282.76,9350.56,257246170.0,270500073472.0
2019-08-23,9357.0,9397.76,9311.26,9362.55,262062843.0,277017190400.0
2019-08-26,9181.71,9298.1,9173.01,9270.39,257433068.0,270062313472.0
2019-08-27,9333.1,9517.65,9333.1,9443.18,311959903.0,327274913792.0
2019-08-28,9449.4,9453.76,9375.57,9414.0,285831306.0,291830939648.0
2019-08-29,9429.0,9440.67,9363.15,9398.47,272539935.0,281822855168.0
2019-08-30,9458.39,9492.04,9310.11,9365.68,312546962.0,329958600704.0
2019-09-02,9393.03,9586.52,9389.48,9569.47,301375347.0,327223865344.0
2019-09-03,9591.42,9633.69,9547.76,9633.69,310155425.0,339339632640.0
2019-09-04,9612.62,9700.32,9590.98,9700.32,330577098.0,354615767040.0
2019-09-05,9752.34,9900.76,9751.95,9783.5,430769669.0,457301204992.0
2019-09-06,9829.97,9837.23,9742.27,9823.42,331515907.0,375675215872.0
2019-09-09,9907.13,10001.93,9853.69,10001.93,387247245.0,429811220480.0
2019-09-10,10005.81,10005.81,9903.42,9964.93,382057736.0,420980543488.0
2019-09-11,9985.11,10000.25,9835.97,9853.72,352021079.0,379451277312.0
2019-09-12,9886.25,9941.17,9837.27,9919.8,289619812.0,312756637696.0
2019-09-16,9952.33,9962.15,9877.11,9918.09,318433830.0,343882457088.0
2019-09-17,9890.58,9890.58,9684.15,9722.8,328554166.0,348225085440.0
2019-09-18,9747.98,9785.62,9701.64,9753.31,256626163.0,287234777088.0
2019-09-19,9786.4,9852.2,9733.97,9852.2,265437302.0,298283565056.0
2019-09-20,9873.94,9903.69,9832.39,9881.25,281350748.0,328535564288.0
2019-09-23,9853.47,9853.47,9703.66,9781.14,271603604.0,308900327424.0
2019-09-24,9783.39,9896.18,9761.03,9811.38,284275433.0,341848424448.0
2019-09-25,9768.38,9768.38,9656.05,9671.06,285553846.0,322003980288.0
2019-09-26,9698.28,9707.92,9464.84,9464.84,288722527.0,321784954880.0
2019-09-27,9470.54,9574.5,9467.15,9548.96,215531597.0,244373921792.0
2019-09-30,9544.02,9581.64,9446.04,9446.24,184403069.0,209912717312.0
2019-10-08,9474.57,9556.96,9468.74,9474.75,189301440.0,221075652608.0
2019-10-09,9443.45,9507.04,9380.57,9506.56,189044846.0,214862512128.0
2019-10-10,9504.03,9643.52,9480.17,9638.1,223158569.0,263424471040.0
2019-10-11,9656.98,9704.68,9583.52,9666.58,244308086.0,273800810496.0
2019-10-14,9753.58,9840.59,9725.68,9786.64,286366999.0,313886797824.0
2019-10-15,9759.95,9759.95,9658.51,9671.73,267349174.0,289634369536.0
2019-10-16,9678.31,9722.12,9635.45,9642.06,233429842.0,256663298048.0
2019-10-17,9657.09,9670.7,9617.01,9645.39,206940035.0,225165656064.0
2019-10-18,9665.81,9706.38,9516.75,9533.51,238252396.0,253801611264.0
2019-10-21,9533.09,9560.98,9476.45,9553.57,210014618.0,224399695872.0
2019-10-22,9582.11,9642.93,9558.36,9642.09,207602954.0,226622238720.0
2019-10-23,9641.89,9652.07,9547.5,9567.75,216070083.0,228670857216.0
2019-10-24,9570.33,9598.33,9495.01,9555.76,207485949.0,218622648320.0
2019-10-25,9562.3,9665.6,9509.34,9660.44,225313073.0,245566083072.0
2019-10-28,9721.64,9802.15,9704.53,9801.87,299268086.0,321505189888.0
2019-10-29,9812.48,9818.74,9746.03,9746.03,321830851.0,343693402112.0
2019-10-30,9707.18,9726.95,9647.0,9681.54,272184489.0,285824917504.0
2019-10-31,9709.1,9720.97,9626.93,9635.33,243592625.0,269331402752.0
2019-11-01,9621.89,9814.67,9604.31,9802.33,226683909.0,259274833920.0
2019-11-04,9828.6,9908.2,9828.6,9868.13,239558405.0,280719917056.0
2019-11-05,9885.02,9982.34,9847.2,9938.61,238918149.0,277812580352.0
2019-11-06,9947.31,9947.31,9829.75,9860.97,232847836.0,268586565632.0
2019-11-07,9849.96,9939.53,9835.89,9917.49,216988086.0,243111100416.0
2019-11-08,9985.2,10008.51,9891.0,9895.34,234451241.0,275567484928.0
2019-11-11,9821.41,9821.41,9664.06,9680.57,231774177.0,256712986624.0
2019-11-12,9675.56,9699.42,9570.44,9670.14,206230328.0,226468007936.0
2019-11-13,9678.65,9702.51,9622.31,9687.85,184184876.0,212394070016.0
2019-11-14,9689.93,9768.67,9677.76,9746.56,205561393.0,236230291456.0
2019-11-15,9741.93,9777.69,9647.99,9647.99,213586120.0,248499056640.0
2019-11-18,9635.81,9725.78,9624.95,9715.27,192163768.0,219553185792.0
2019-11-19,9721.01,9889.75,9711.29,9889.75,226156388.0,262562226176.0
2019-11-20,9885.9,9908.63,9796.95,9809.05,231402650.0,267412889600.0
2019-11-21,9772.03,9818.49,9733.44,9774.44,202755817.0,221200003072.0
2019-11-22,9794.32,9875.71,9573.47,9626.9,250847437.0,290476969984.0
2019-11-25,9626.41,9643.23,9515.33,9626.36,226244751.0,245818195968.0
2019-11-26,9662.41,9698.6,9609.73,9677.23,217644739.0,228146434048.0
2019-11-27,9643.11,9694.22,9589.21,9648.39,202756157.0,218108198912.0
2019-11-28,9650.27,9679.96,9594.37,9622.14,183124718.0,195291209728.0
2019-11-29,9614.71,9633.14,9490.85,9582.16,184572508.0,201184616448.0
2019-12-02,9603.02,9647.95,9582.32,9605.19,185452155.0,203141935104.0
2019-12-03,9585.75,9657.65,9531.26,9657.65,193114573.0,211789709312.0
2019-12-04,9624.19,9703.4,9614.04,9687.95,202086730.0,219796480000.0
2019-12-05,9719.3,9817.21,9703.91,9799.07,229535560.0,264063795200.0
2019-12-06,9804.04,9878.62,9791.56,9878.62,228397000.0,260326068224.0
2019-12-09,9908.97,9917.61,9853.2,9876.27,255810143.0,286321811456.0
2019-12-10,9850.04,9915.87,9826.83,9915.87,259832525.0,286000414720.0
2019-12-11,9905.91,9921.65,9829.11,9852.71,269926961.0,290872061952.0
2019-12-12,9862.43,9887.56,9824.41,9836.23,256204339.0,282826104832.0
2019-12-13,9923.79,10014.21,9907.76,10004.62,294232169.0,331559526400.0
2019-12-16,10040.26,10158.24,10015.45,10158.24,352698371.0,384950669312.0
2019-12-17,10157.43,10350.65,10148.69,10306.03,425264451.0,449518452736.0
2019-12-18,10299.05,10365.16,10266.64,10294.66,380196027.0,408804495360.0
2019-12-19,10298.51,10316.77,10254.95,10296.29,347764099.0,357649481728.0
2019-12-20,10305.1,10343.07,10229.1,10229.49,345637473.0,347283566592.0
2019-12-23,10202.23,10248.8,10050.41,10056.21,309064942.0,318740807680.0
2019-12-24,10080.37,10190.04,10065.55,10189.29,264595231.0,274957312000.0
2019-12-25,10176.72,10255.2,10170.21,10229.58,291140109.0,313596682240.0
2019-12-26,10239.76,10303.72,10221.34,10303.72,293413614.0,308029554688.0
2019-12-27,10326.52,10377.94,10226.62,10233.77,352371953.0,373921153024.0
2019-12-30,10203.82,10365.96,10133.88,10365.96,323152983.0,343648903168.0
2019-12-31,10360.78,10433.29,10352.89,10430.77,282654536.0,305896046592.0
2020-01-02,10509.12,10663.55,10479.77,10638.82,393257469.0,424347406336.0
2020-01-03,10666.66,10689.59,10594.36,10656.41,374182702.0,405405339648.0
2020-01-06,10599.41,10799.58,10577.78,10698.27,439641646.0,472892674048.0
2020-01-07,10725.18,10829.05,10723.86,10829.05,414499628.0,444165763072.0
2020-01-08,10776.71,10851.28,10681.02,10706.87,462506911.0,472740642816.0
2020-01-09,10807.04,10899.48,10807.04,10898.17,396591114.0,434903322624.0
2020-01-10,10927.98,10933.81,10833.52,10879.84,355689713.0,398600765440.0
2020-01-13,10894.0,11040.2,10851.72,11040.2,345273664.0,409505554432.0
2020-01-14,11074.89,11086.81,10983.42,10988.77,377298122.0,430400618496.0
2020-01-15,10978.28,11001.81,10882.79,10972.32,331233272.0,378160533504.0
2020-01-16,10986.65,11008.21,10934.72,10967.44,317968374.0,375957684224.0
2020-01-17,11001.68,11045.25,10927.84,10954.39,304820104.0,365143216128.0
2020-01-20,10981.5,11115.88,10936.8,11115.88,330625513.0,408001032192.0
2020-01-21,11077.66,11078.04,10948.58,10953.41,338540805.0,404258430976.0
2020-01-22,10896.55,11105.69,10761.68,11072.06,352090081.0,429531267072.0
2020-01-23,10947.86,11026.0,10572.27,10681.9,402894259.0,481547538432.0
2020-02-03,9706.58,9934.35,9706.58,9779.67,195449923.0,262459731968.0
2020-02-04,9578.87,10095.69,9578.87,10089.67,511560079.0,536037347328.0
2020-02-05,10159.55,10445.09,10148.24,10305.5,454671826.0,523099590656.0
2020-02-06,10306.12,10633.17,10214.81,10601.34,481109435.0,554856050688.0
2020-02-07,10569.65,10629.15,10441.9,10611.55,489619558.0,567200989184.0
2020-02-10,10577.56,10730.05,10551.54,10728.46,470890836.0,544274325504.0
2020-02-11,10749.97,10839.19,10678.11,10768.63,417815191.0,483068698624.0
2020-02-12,10735.05,10944.63,10724.08,10940.8,420141763.0,492545458176.0
2020-02-13,10936.5,10988.23,10820.92,10864.32,455290399.0,536585011200.0
2020-02-14,10854.46,11017.65,10822.13,10916.31,417093368.0,504892465152.0
2020-02-17,10974.93,11241.5,10974.93,11241.5,481114964.0,570188828672.0
2020-02-18,11244.77,11306.49,11143.39,11306.49,528090836.0,624947511296.0
2020-02-19,11300.16,11387.99,11229.55,11235.6,537762852.0,657484296192.0
2020-02-20,11278.87,11519.07,11248.9,11509.09,551710620.0,654664638464.0
2020-02-21,11506.67,11727.89,11493.63,11629.7,600391734.0,725971468288.0
2020-02-24,11620.63,11809.75,11548.41,11772.38,620546348.0,770457501696.0
2020-02-25,11537.55,11869.41,11350.28,11856.08,730505830.0,902187397120.0
2020-02-26,11677.63,11770.51,11453.69,11497.55,686513098.0,817348521984.0
2020-02-27,11555.82,11684.5,11401.32,11534.02,551694825.0,654632005632.0
2020-02-28,11150.66,11338.35,10962.24,10980.77,610890437.0,696848228352.0
2020-03-02,11115.46,11457.42,11053.29,11381.76,532405548.0,632086433792.0
2020-03-03,11597.66,11734.18,11378.76,11484.21,601666153.0,728950349824.0
2020-03-04,11411.6,11501.8,11273.26,11493.02,513348247.0,602117062656.0
2020-03-05,11644.41,11739.84,11521.29,11711.37,593054203.0,689195540480.0
2020-03-06,11555.46,11690.2,11541.78,11582.82,538856740.0,580104347648.0
2020-03-09,11363.79,11407.47,11100.91,11108.55,584734799.0,648077340672.0
2020-03-10,11016.92,11406.3,10916.95,11403.47,581355154.0,656502530048.0
2020-03-11,11436.44,11444.78,11197.09,11200.05,529580219.0,594063171584.0
2020-03-12,11022.4,11070.41,10842.38,10941.01,465707948.0,509406994432.0
2020-03-13,10382.22,10956.51,10380.17,10831.13,529004539.0,573701910528.0
2020-03-16,10867.66,10867.66,10217.93,10253.28,520482616.0,587677958144.0
2020-03-17,10337.92,10449.33,9885.86,10202.75,449164288.0,495073157120.0
2020-03-18,10294.96,10479.78,10029.57,10029.57,452580805.0,518373879808.0
2020-03-19,10023.12,10101.8,9719.49,10019.86,432237747.0,491949297664.0
2020-03-20,10150.78,10174.51,9964.29,10150.13,380046973.0,435458535424.0
2020-03-23,9828.9,9929.96,9659.35,9691.53,388114616.0,418985615360.0
2020-03-24,9900.22,9945.92,9634.97,9921.68,398359286.0,433528586240.0
2020-03-25,10171.47,10255.58,10111.36,10241.08,416839383.0,458152116224.0
2020-03-26,10161.94,10281.57,10112.62,10155.36,372992274.0,394186891264.0
2020-03-27,10300.62,10310.53,10105.72,10109.91,345009876.0,380281700352.0
2020-03-30,9953.04,9985.38,9791.02,9904.95,356631370.0,382440660992.0
2020-03-31,10008.03,10047.98,9925.68,9962.3,315348324.0,337468973056.0
2020-04-01,9967.12,10127.1,9927.92,9951.84,333079526.0,359216783360.0
2020-04-02,9910.38,10179.2,9896.65,10179.2,328200763.0,364617023488.0
2020-04-03,10155.56,10212.91,10069.64,10110.11,320031270.0,358276718592.0
2020-04-07,10312.71,10441.74,10296.72,10428.91,401858319.0,445455425536.0
2020-04-08,10372.76,10426.4,10344.44,10386.55,396877235.0,420856344576.0
2020-04-09,10453.86,10485.3,10401.17,10463.05,377418831.0,405778526208.0
2020-04-10,10459.7,10509.0,10265.88,10298.41,394773437.0,425685348352.0
2020-04-13,10225.53,10295.17,10173.12,10223.16,298034337.0,314915000320.0
2020-04-14,10300.96,10475.71,10276.37,10475.71,329838758.0,365721825280.0
2020-04-15,10468.46,10528.73,10404.51,10417.37,379199306.0,409439236096.0
2020-04-16,10361.77,10489.13,10346.11,10470.79,348703811.0,372555755520.0
2020-04-17,10562.9,10624.54,10507.8,10527.99,401492380.0,460267368448.0
2020-04-20,10553.55,10621.5,10523.59,10621.5,340156237.0,383529246720.0
2020-04-21,10577.72,10577.72,10394.44,10506.86,359333292.0,400623067136.0
2020-04-22,10424.45,10617.19,10409.85,10617.19,344848571.0,373179060224.0
2020-04-23,10657.4,10667.01,10557.94,10564.05,382809728.0,407896395776.0
2020-04-24,10565.09,10577.03,10388.66,10423.46,372911396.0,381097201664.0
2020-04-27,10449.13,10531.39,10367.29,10452.17,320369787.0,331351588864.0
2020-04-28,10477.76,10547.75,10194.15,10501.15,384691530.0,403372453888.0
2020-04-29,10460.99,10586.57,10449.37,10514.17,290231990.0,310081884160.0
2020-04-30,10575.52,10751.75,10575.52,10721.78,348102531.0,401656709120.0
2020-05-06,10618.17,10884.34,10613.89,10883.22,350163180.0,417220853760.0
2020-05-07,10899.92,10926.83,10832.09,10863.29,345878892.0,398621134848.0
2020-05-08,10923.61,11054.31,10904.88,11001.58,354347891.0,410902380544.0
2020-05-11,11053.82,11096.28,10902.6,10969.28,349327539.0,412801069056.0
2020-05-12,10972.05,11018.93,10871.61,11015.56,309285832.0,360877809664.0
2020-05-13,10978.31,11096.62,10954.69,11074.59,298836841.0,357566914560.0
2020-05-14,11026.71,11047.38,10955.54,10962.15,325040791.0,372773920768.0
2020-05-15,11013.16,11039.68,10919.54,10964.89,317144620.0,380063223808.0
2020-05-18,10969.08,11017.5,10858.46,10921.15,362078884.0,442713632768.0
2020-05-19,11023.43,11052.85,10978.72,11052.85,310113851.0,385245478912.0
2020-05-20,11056.98,11056.98,10914.75,10948.48,345397379.0,417524219904.0
2020-05-21,10999.07,11007.14,10818.79,10845.4,321249943.0,375610195968.0
2020-05-22,10832.91,10832.91,10559.3,10604.97,299718973.0,347490131968.0
2020-05-25,10602.47,10629.61,10532.86,10592.84,241587533.0,288513613824.0
2020-05-26,10655.98,10816.71,10647.25,10815.43,270864207.0,322629337088.0
2020-05-27,10823.24,10823.24,10657.81,10682.7,293429898.0,345256177664.0
2020-05-28,10680.87,10727.99,10505.79,10653.49,297057869.0,339058020352.0
2020-05-29,10615.14,10764.87,10588.74,10746.08,294922962.0,338498580480.0
2020-06-01,10837.49,11123.19,10837.49,11102.15,390282217.0,454170075136.0
2020-06-02,11133.62,11146.85,11059.19,11112.5,419510341.0,477710159872.0
2020-06-03,11154.64,11204.52,11100.69,11108.36,418994916.0,477363380224.0
2020-06-04,11146.29,11165.14,11080.51,11139.26,358812247.0,396325347328.0
2020-06-05,11153.27,11180.6,11087.25,11180.6,342502177.0,378387677184.0
2020-06-08,11266.93,11340.03,11195.85,11215.76,357209784.0,409674031104.0
2020-06-09,11238.44,11303.54,11195.0,11284.24,329985426.0,368899489792.0
2020-06-10,11296.13,11338.24,11249.43,11335.86,319351629.0,371135766528.0
2020-06-11,11328.1,11405.01,11180.75,11243.62,356894664.0,431950524416.0
2020-06-12,11017.15,11306.14,11003.32,11251.71,354695601.0,424919068672.0
2020-06-15,11241.26,11353.16,11192.27,11192.27,389253048.0,466150408192.0
2020-06-16,11312.81,11398.97,11293.9,11398.97,359117074.0,441480245248.0
2020-06-17,11421.03,11421.03,11330.37,11420.84,382960520.0,460850397184.0
2020-06-18,11416.08,11503.38,11397.57,11494.55,379185206.0,469208842240.0
2020-06-19,11505.69,11694.89,11500.53,11668.13,360114583.0,459780874240.0
2020-06-22,11680.41,11756.86,11658.81,11702.44,379211213.0,482583048192.0
2020-06-23,11711.28,11796.41,11651.83,11794.01,349435937.0,452996358144.0
2020-06-24,11813.36,11854.99,11760.47,11813.53,321174661.0,431766568960.0
2020-06-29,11780.65,11814.64,11695.45,11752.36,327240865.0,422432538624.0
2020-06-30,11828.53,12013.6,11827.76,11992.35,327445773.0,449354297344.0
2020-07-01,12024.84,12130.3,11945.89,12112.96,394797724.0,537408303104.0
2020-07-02,12095.85,12278.83,12055.95,12269.49,482950799.0,601852588032.0
2020-07-03,12295.62,12433.68,12232.7,12433.26,514682696.0,636094455808.0
2020-07-06,12519.5,12945.71,12519.5,12941.72,693878579.0,841945858048.0
2020-07-07,13084.65,13407.19,12997.17,13163.98,757517271.0,946232729600.0
2020-07-08,13170.2,13428.94,13059.24,13406.37,671846144.0,845815787520.0
2020-07-09,13399.47,13792.63,13385.43,13754.74,761244344.0,974826151936.0
2020-07-10,13662.38,13831.61,13599.03,13671.24,699129201.0,909318668288.0
2020-07-13,13699.22,14149.14,13699.22,14149.14,710803988.0,955042541568.0
2020-07-14,14121.33,14151.0,13698.27,13996.46,738342134.0,997206843392.0
2020-07-15,14017.93,14077.56,13646.66,13734.13,672542484.0,896791871488.0
2020-07-16,13731.28,13853.44,12966.32,12996.34,622700319.0,826680803328.0
2020-07-17,13002.84,13315.44,12916.08,13114.94,477047429.0,629589049344.0
2020-07-20,13303.8,13448.85,13032.4,13448.85,494883151.0,649024905216.0
2020-07-21,13480.39,13572.93,13396.58,13536.17,472939231.0,614163030016.0
2020-07-22,13507.35,13816.67,13459.88,13657.03,500914307.0,657824342016.0
2020-07-23,13511.45,13699.53,13281.55,13661.5,527795891.0,699157794816.0
2020-07-24,13547.81,13602.79,12868.95,12935.7,566299750.0,750564667392.0
2020-07-27,13013.77,13093.84,12838.87,12976.87,398281265.0,524963233792.0
2020-07-28,13107.43,13196.62,13022.82,13147.35,389837210.0,508095234048.0
2020-07-29,13117.19,13557.44,13085.95,13557.44,437797601.0,593635516416.0
2020-07-30,13595.77,13619.49,13432.13,13466.85,470528689.0,616787156992.0
2020-07-31,13464.21,13748.03,13399.86,13637.88,486201682.0,650213228544.0
2020-08-03,13771.74,13964.56,13712.98,13964.56,568792353.0,761532325888.0
2020-08-04,13966.73,14012.71,13779.22,13860.46,567605801.0,767895261184.0
2020-08-05,13859.32,13993.67,13726.62,13960.93,502991736.0,670273056768.0
2020-08-06,13972.3,13972.3,13661.84,13863.13,534282824.0,721023901696.0
2020-08-07,13813.76,13847.2,13411.67,13648.5,510740600.0,700765736960.0
2020-08-10,13576.32,13752.29,13453.95,13657.31,452591805.0,630535954432.0
2020-08-11,13668.31,13811.52,13450.23,13466.27,467415698.0,620588224512.0
2020-08-12,13437.57,13471.82,13026.01,13308.52,450377019.0,602930245632.0
2020-08-13,13373.16,13392.35,13254.39,13291.32,403886454.0,494330064896.0
2020-08-14,13272.71,13495.97,13242.78,13489.01,388630536.0,482289516544.0
2020-08-17,13542.01,13756.61,13490.64,13742.23,489093704.0,616467251200.0
2020-08-18,13748.52,13813.02,13692.07,13768.17,474961631.0,596898402304.0
2020-08-19,13741.27,13741.27,13472.96,13480.85,479959539.0,590147207168.0
2020-08-20,13387.82,13476.07,13270.12,13320.92,389383834.0,470003204096.0
2020-08-21,13445.96,13547.79,13373.72,13478.0,384328637.0,482962972672.0
2020-08-24,13565.28,13708.12,13418.96,13666.69,411458025.0,551396188160.0
2020-08-25,13692.47,13788.49,13620.62,13669.41,456935793.0,586063101952.0
2020-08-26,13680.59,13717.9,13376.66,13428.4,465528484.0,596614406144.0
2020-08-27,13465.89,13548.66,13348.45,13535.09,414995131.0,520691040256.0
2020-08-28,13509.37,13868.3,13483.28,13851.32,441224996.0,568479064064.0
2020-08-31,13929.75,13994.14,13755.36,13758.23,451925524.0,597534969856.0
2020-09-01,13729.39,13849.66,13662.69,13849.66,399237898.0,524538671104.0
2020-09-02,13881.07,13944.16,13737.83,13887.43,517293704.0,623392813056.0
2020-09-03,13871.27,13933.42,13722.58,13772.37,482940488.0,591494025216.0
2020-09-04,13501.91,13680.06,13487.69,13656.66,437115965.0,530504802304.0
2020-09-07,13633.51,13714.32,13232.24,13284.03,541639429.0,663791587328.0
2020-09-08,13315.15,13351.57,13118.94,13293.33,534069299.0,604152979456.0
2020-09-09,13107.98,13122.76,12778.43,12861.75,637189233.0,695257374720.0
2020-09-10,13001.38,13068.23,12709.75,12742.85,529898053.0,563505246208.0
2020-09-11,12711.09,12952.47,12702.62,12942.95,383952522.0,429698228224.0
2020-09-14,13024.56,13107.28,12921.76,13021.99,419143552.0,500237496320.0
2020-09-15,13032.28,13148.17,12976.03,13143.46,391233480.0,473751760896.0
2020-09-16,13123.5,13137.72,12947.05,13011.28,353245371.0,441995001856.0
2020-09-17,12970.34,13113.77,12870.99,13015.19,353953413.0,474313752576.0
2020-09-18,13026.11,13253.68,12987.59,13245.09,392372452.0,498662473728.0
2020-09-21,13280.01,13289.6,13135.24,13149.5,366644047.0,467386109952.0
2020-09-22,13052.08,13212.24,12981.97,13023.43,350538309.0,433184436224.0
2020-09-23,13044.81,13148.94,12991.66,13110.07,318235740.0,420011122688.0
2020-09-24,13018.3,13044.38,12816.61,12816.61,344066624.0,421049315328.0
2020-09-25,12876.08,12919.61,12764.26,12814.17,272819825.0,348702937088.0
2020-09-28,12860.09,12890.9,12752.39,12760.93,251467579.0,330571550720.0
2020-09-29,12843.23,12966.85,12798.65,12900.7,253193441.0,337712472064.0
2020-09-30,12948.97,13040.04,12834.77,12907.45,252199580.0,334240714752.0
2020-10-09,13161.36,13323.81,13145.75,13289.26,318084326.0,447106822144.0
2020-10-12,13386.34,13708.07,13382.7,13708.07,434269169.0,615700250624.0
2020-10-13,13678.62,13820.56,13622.95,13798.58,381369285.0,546439745536.0
2020-10-14,13781.56,13781.78,13664.73,13691.04,383446938.0,546486210560.0
2020-10-15,13702.83,13737.08,13617.08,13624.89,355725125.0,500160790528.0
2020-10-16,13611.91,13665.58,13439.88,13532.73,324284157.0,455152500736.0
2020-10-19,13638.78,13660.54,13393.02,13421.19,329539320.0,455215632384.0
2020-10-20,13417.22,13603.88,13371.55,13603.88,316642580.0,439571087360.0
2020-10-21,13613.87,13613.87,13396.54,13467.91,317841283.0,459421421568.0
2020-10-22,13419.39,13435.41,13252.06,13396.18,301658680.0,427266547712.0
2020-10-23,13405.53,13487.11,13110.02,13128.46,302481907.0,437816160256.0
2020-10-26,13056.3,13242.63,12922.59,13191.25,276109396.0,398149304320.0
2020-10-27,13159.37,13291.8,13146.55,13269.65,287974328.0,413771509760.0
2020-10-28,13273.5,13438.47,13188.66,13388.1,323934682.0,476947353600.0
2020-10-29,13219.89,13582.31,13200.78,13519.66,333961871.0,501666721792.0
2020-10-30,13544.29,13550.36,13204.25,13236.6,375631585.0,541927833600.0
2020-11-02,13269.97,13462.42,13258.16,13420.96,339275034.0,487110103040.0
2020-11-03,13476.58,13592.92,13414.0,13580.04,340565243.0,481009295360.0
2020-11-04,13586.33,13691.69,13544.83,13659.5,313124511.0,459038068736.0
2020-11-05,13802.18,13894.26,13728.64,13894.26,365798323.0,543464099840.0
2020-11-06,13932.41,13932.41,13708.75,13838.42,366151639.0,552972517376.0
2020-11-09,13934.37,14197.85,13934.37,14141.15,437218143.0,653608476672.0
2020-11-10,14121.69,14121.69,13908.21,13993.34,394359803.0,591195897856.0
2020-11-11,13925.44,13981.99,13715.44,13720.17,350606561.0,513813237760.0
2020-11-12,13789.3,13846.87,13724.34,13792.07,302522563.0,421166043136.0
2020-11-13,13755.29,13802.71,13620.89,13754.55,296359332.0,425634574336.0
2020-11-16,13811.85,13850.83,13669.25,13850.83,336170865.0,467276095488.0
2020-11-17,13843.01,13843.01,13628.82,13732.52,361145073.0,499915337728.0
2020-11-18,13710.02,13773.58,13602.69,13658.2,347492636.0,463012986880.0
2020-11-19,13633.97,13812.78,13578.33,13777.45,346925563.0,454766977024.0
2020-11-20,13789.98,13865.72,13773.21,13852.42,329383864.0,438277525504.0
2020-11-23,13871.71,14021.5,13795.92,13955.28,401041979.0,522455359488.0
2020-11-24,13958.01,13962.34,13848.91,13902.54,355274028.0,470795354112.0
2020-11-25,13923.66,13933.79,13656.09,13656.09,368603579.0,479922610176.0
2020-11-26,13651.43,13692.73,13452.68,13599.99,317721492.0,415975882752.0
2020-11-27,13627.86,13690.88,13542.68,13690.88,310005530.0,399658672128.0
2020-11-30,13720.68,13815.49,13634.16,13670.11,371654482.0,496207433728.0
2020-12-01,13650.39,13940.9,13646.69,13930.37,370145139.0,479714598912.0
2020-12-02,13950.74,13991.45,13858.45,13961.58,388032448.0,497650122752.0
2020-12-03,13955.98,14009.51,13889.62,13970.68,374363789.0,473941114880.0
2020-12-04,13933.88,14049.21,13903.84,14026.66,318869192.0,419358437376.0
2020-12-07,14021.16,14054.88,13958.74,13973.48,317957809.0,432150544384.0
2020-12-08,14000.87,14040.5,13942.66,13973.89,292836035.0,397072044032.0
2020-12-09,13998.62,14017.35,13710.86,13716.53,336484710.0,452221665280.0
2020-12-10,13672.05,13814.8,13621.13,13731.34,290835679.0,387622158336.0
2020-12-11,13767.48,13771.96,13431.55,13555.14,346193405.0,455089356800.0
2020-12-14,13583.19,13695.32,13511.78,13692.13,291001308.0,393547603968.0
2020-12-15,13682.28,13783.04,13641.72,13763.31,284756672.0,394301186048.0
2020-12-16,13791.41,13807.18,13709.8,13751.09,297828155.0,392160100352.0
2020-12-17,13746.28,13901.83,13688.83,13889.87,330101245.0,427010617344.0
2020-12-18,13911.83,13939.93,13806.62,13854.12,312867300.0,417246482432.0
2020-12-21,13858.66,14134.85,13819.7,14134.85,343926152.0,480532160512.0
2020-12-22,14085.29,14172.77,13872.5,13882.3,385393431.0,525440139264.0
2020-12-23,13912.52,14078.13,13897.11,14015.02,368469494.0,515807444992.0
2020-12-24,13998.36,14048.62,13867.66,13915.57,356961843.0,462766411776.0
2020-12-25,13879.24,14017.06,13835.52,14017.06,338254126.0,434698018816.0
2020-12-28,14020.95,14112.59,13959.14,14044.1,373252547.0,482909437952.0
2020-12-29,14042.79,14082.5,13915.89,13970.21,371600320.0,477632729088.0
2020-12-30,13970.45,14208.68,13968.09,14201.57,351919992.0,469468397568.0
2020-12-31,14226.28,14476.55,14226.28,14470.68,372217265.0,511265652736.0
2021-01-04,14516.12,14859.09,14486.25,14827.47,435497759.0,641014136832.0
2021-01-05,14760.25,15149.1,14716.79,15147.57,458934764.0,698425782272.0
2021-01-06,15221.44,15295.07,14987.37,15187.61,433240719.0,645417439232.0
2021-01-07,15178.35,15356.4,15101.67,15356.4,469284073.0,670794522624.0
2021-01-08,15402.74,15453.18,15162.71,15319.29,420062728.0,630105128960.0
2021-01-11,15353.08,15420.68,15011.59,15115.38,439456645.0,684894785536.0
2021-01-12,15053.87,15460.03,15020.26,15460.03,386861601.0,604472561664.0
2021-01-13,15491.07,15597.97,15240.9,15365.43,432697298.0,679695847424.0
2021-01-14,15283.56,15354.12,15033.47,15070.13,396172477.0,610092625920.0
2021-01-15,15030.54,15120.27,14772.06,15031.7,364498330.0,556135886848.0
2021-01-18,14980.5,15309.79,14898.88,15269.27,364069404.0,546464419840.0
2021-01-19,15278.53,15314.05,14954.35,15003.99,395125729.0,573740834816.0
2021-01-20,15023.74,15246.78,14958.22,15223.36,340287544.0,518504525824.0
2021-01-21,15251.67,15608.38,15251.67,15520.6,410627802.0,615802142720.0
2021-01-22,15508.94,15632.33,15381.6,15628.73,396161439.0,628223684608.0
2021-01-25,15594.81,15895.88,15534.25,15710.19,403516913.0,681044828160.0
2021-01-26,15637.39,15637.39,15328.41,15352.42,350296020.0,577725665280.0
2021-01-27,15328.87,15446.82,15107.04,15413.84,338372168.0,526877851648.0
2021-01-28,15169.1,15228.5,14881.8,14913.21,354135178.0,524006039552.0
2021-01-29,15039.89,15096.25,14609.64,14821.99,368670239.0,535659380736.0
2021-02-01,14841.71,15036.38,14797.41,15024.24,337066644.0,485262020608.0
2021-02-02,15057.44,15341.48,14981.33,15335.66,329951252.0,516870365184.0
2021-02-03,15360.42,15435.53,15218.57,15233.15,348166748.0,539994308608.0
2021-02-04,15135.85,15285.88,14908.76,15105.94,353546025.0,523754860544.0
2021-02-05,15167.64,15250.1,14996.29,15007.3,319867072.0,493715845120.0
2021-02-08,15066.46,15299.65,14945.84,15269.63,283194248.0,447009120256.0
2021-02-09,15330.3,15635.38,15275.39,15630.57,294171492.0,465785937920.0
2021-02-10,15702.2,16010.4,15632.14,15962.25,282691190.0,482674163712.0
2021-02-18,16275.98,16293.09,15697.72,15767.44,368451369.0,601642414080.0
2021-02-19,15660.49,15840.16,15443.24,15823.11,389976847.0,557583155200.0
2021-02-22,15818.77,15818.77,15336.95,15336.95,499458716.0,694092517376.0
2021-02-23,15174.72,15411.03,15146.89,15243.25,401025756.0,541901402112.0
2021-02-24,15281.4,15318.85,14709.13,14870.66,390506017.0,579471470592.0
2021-02-25,15016.63,15036.42,14794.73,14828.8,359680059.0,489437388800.0
2021-02-26,14480.74,14713.12,14396.45,14507.45,344992184.0,482350460928.0
2021-03-01,14670.11,14864.58,14614.01,14857.34,345047813.0,470711042048.0
2021-03-02,14958.22,14987.07,14616.16,14751.12,356856975.0,489841815552.0
2021-03-03,14679.84,14932.39,14612.85,14932.39,355072924.0,447694766080.0
2021-03-04,14780.9,14780.9,14357.19,14416.06,394178204.0,509805744128.0
2021-03-05,14156.01,14531.99,14122.59,14412.31,380476065.0,467595173888.0
2021-03-08,14513.79,14597.75,13859.95,13863.81,403293217.0,525427707904.0
2021-03-09,13803.25,13844.23,13289.38,13475.72,423614108.0,530551148544.0
2021-03-10,13721.24,13750.26,13480.42,13563.34,325268746.0,410172690432.0
2021-03-11,13598.2,13904.47,13535.24,13866.37,345876214.0,434170294272.0
2021-03-12,13934.23,13934.23,13716.01,13897.03,366137367.0,435021291520.0
2021-03-15,13793.52,13793.52,13389.98,13520.07,351060344.0,425359355904.0
2021-03-16,13574.56,13652.55,13439.73,13642.95,355582252.0,403116687360.0
2021-03-17,13605.78,13842.88,13490.42,13809.77,346990415.0,404206657536.0
2021-03-18,13850.6,14003.77,13832.7,13963.92,345470193.0,420217651200.0
2021-03-19,13738.21,13837.23,13522.94,13606.0,351980669.0,432120897536.0
2021-03-22,13605.7,13797.3,13565.17,13760.97,363207373.0,427360632832.0
2021-03-23,13754.88,13794.47,13506.17,13607.27,378170317.0,445108965376.0
2021-03-24,13529.93,13651.9,13378.88,13407.35,357167270.0,417555746816.0
2021-03-25,13318.97,13489.29,13252.24,13421.16,337049748.0,385737420800.0
2021-03-26,13493.36,13810.97,13493.36,13769.68,339769111.0,425554063360.0
2021-03-29,13802.51,13895.61,13684.43,13771.26,347038116.0,429900787712.0
2021-03-30,13751.21,13933.32,13717.59,13888.44,344889715.0,417726775296.0
2021-03-31,13870.71,13870.71,13678.67,13778.67,308122501.0,373263167488.0
2021-04-01,13812.64,13992.75,13808.32,13979.69,303689989.0,365033054208.0
2021-04-02,14042.13,14178.1,14008.85,14122.61,316316982.0,398764703744.0
2021-04-06,14176.21,14194.36,14045.92,14083.34,306757412.0,373875298304.0
2021-04-07,14100.85,14100.85,13856.97,13979.31,353677755.0,416369115136.0
2021-04-08,13906.82,14037.45,13845.12,13989.94,371928909.0,419266359296.0
2021-04-09,13965.21,13977.28,13769.19,13813.31,330726190.0,388245266432.0
2021-04-12,13811.59,13867.16,13454.27,13495.72,358670605.0,436821381120.0
2021-04-13,13490.39,13671.36,13484.0,13528.31,331624883.0,380941332480.0
2021-04-14,13550.87,13756.74,13550.87,13738.0,329494692.0,385012039680.0
2021-04-15,13705.13,13705.13,13539.07,13680.27,334653033.0,388071329792.0
2021-04-16,13718.23,13755.45,13575.62,13720.74,350644913.0,396213694464.0
2021-04-19,13714.39,14121.21,13667.75,14117.8,386476672.0,493068328960.0
2021-04-20,14062.5,14215.28,14035.23,14101.9,378197404.0,486649851904.0
2021-04-21,14010.59,14176.95,13978.57,14151.15,335136156.0,419614945280.0
2021-04-22,14219.24,14244.49,14091.11,14209.44,324132086.0,423848280064.0
2021-04-23,14213.36,14386.62,14208.4,14351.86,340105403.0,455601582080.0
2021-04-26,14419.85,14529.43,14212.22,14224.45,374892672.0,520278499328.0
2021-04-27,14211.58,14266.6,14106.83,14264.08,332657751.0,437570596864.0
2021-04-28,14238.56,14398.96,14190.64,14398.38,316524024.0,438490009600.0
2021-04-29,14416.85,14516.22,14330.09,14464.08,321379599.0,450595467264.0
2021-04-30,14437.17,14522.46,14343.06,14438.57,334884234.0,465326555136.0
2021-05-06,14355.4,14398.58,14088.04,14210.6,340954934.0,474974576640.0
2021-05-07,14243.71,14280.04,13933.81,13933.81,374633951.0,472803991552.0
2021-05-10,13945.78,14035.6,13828.82,13917.97,371148529.0,455282769920.0
2021-05-11,13814.28,13996.7,13696.73,13966.79,384844652.0,452944801792.0
2021-05-12,13922.15,14078.33,13872.1,14064.87,350887245.0,421629935616.0
2021-05-13,13907.18,14027.55,13866.11,13917.65,375189286.0,445291261952.0
2021-05-14,13960.33,14214.14,13872.63,14208.78,393522376.0,490585632768.0
2021-05-17,14234.7,14538.76,14234.7,14456.54,368438316.0,505568804864.0
2021-05-18,14462.41,14497.9,14345.99,14450.6,318110625.0,416061947904.0
2021-05-19,14399.76,14544.2,14359.02,14484.45,333373094.0,441515290624.0
2021-05-20,14455.61,14582.4,14431.8,14535.1,363521562.0,474157465600.0
2021-05-21,14582.07,14634.6,14386.12,14417.46,333924997.0,452011446272.0
2021-05-24,14436.36,14506.61,14295.48,14506.61,347035868.0,475065888768.0
2021-05-25,14533.95,14862.19,14509.78,14846.45,380902835.0,534263799808.0
2021-05-26,14850.28,14860.64,14762.2,14793.68,391095101.0,511008829440.0
2021-05-27,14796.05,14955.3,14720.67,14897.19,383705021.0,510685720576.0
2021-05-28,14899.33,14977.25,14778.82,14852.88,408822444.0,563783675904.0
2021-05-31,14874.89,14996.38,14836.15,14996.38,386280136.0,559737065472.0
2021-06-01,14963.95,15039.02,14820.74,15034.78,408299576.0,575197376512.0
2021-06-02,15044.94,15051.21,14793.74,14857.91,412423388.0,558298574848.0
2021-06-03,14850.51,14947.6,14759.82,14761.13,381461038.0,512268214272.0
2021-06-04,14704.19,14989.21,14667.53,14870.91,365385864.0,502175170560.0
2021-06-07,14879.49,14883.55,14760.2,14862.6,368529500.0,516971646976.0
2021-06-08,14867.95,14973.81,14625.29,14716.98,384769989.0,542239928320.0
2021-06-09,14698.35,14762.64,14641.83,14718.4,374276070.0,477796323328.0
2021-06-10,14715.14,14940.3,14699.31,14893.59,417020401.0,560146366464.0
2021-06-11,14918.49,14920.87,14738.62,14801.24,452637885.0,625764478976.0
2021-06-15,14806.69,14829.97,14564.56,14673.34,407952737.0,555804532736.0
2021-06-16,14663.48,14667.24,14290.23,14295.93,378008049.0,521603780608.0
2021-06-17,14291.94,14489.51,14291.94,14472.37,364659080.0,503210631168.0
2021-06-18,14510.56,14635.5,14449.06,14583.67,401948669.0,563862093824.0
2021-06-21,14563.05,14721.69,14468.74,14641.29,409252380.0,587717242880.0
2021-06-22,14678.37,14706.5,14564.5,14696.29,425178944.0,574304116736.0
2021-06-23,14713.84,14882.14,14641.47,14843.83,414695296.0,602993012736.0
2021-06-24,14876.73,14877.64,14718.89,14784.8,400215652.0,551713443840.0
2021-06-25,14799.53,15036.77,14797.34,15003.85,400441492.0,570705956864.0
2021-06-28,15049.77,15166.56,15031.21,15150.17,383375749.0,561452363776.0
2021-06-29,15187.81,15187.81,14991.18,14999.8,379079475.0,556542021632.0
2021-06-30,15015.29,15175.75,14978.3,15161.7,357697091.0,527821611008.0
2021-07-01,15203.07,15206.15,15001.89,15038.88,390016906.0,569295491072.0
2021-07-02,14937.73,14937.73,14652.74,14670.71,357698552.0,550596354048.0
2021-07-05,14666.68,14782.57,14597.87,14718.66,368320369.0,560616394752.0
2021-07-06,14745.45,14779.3,14480.87,14667.65,400993999.0,627392184320.0
2021-07-07,14592.75,14966.23,14545.29,14940.05,385800778.0,592897720320.0
2021-07-08,14984.25,15033.34,14856.93,14882.9,440644347.0,670279774208.0
2021-07-09,14805.81,14887.6,14583.55,14844.36,423557056.0,634617475072.0
2021-07-12,14970.13,15222.17,14870.83,15161.52,486102239.0,753220018176.0
2021-07-13,15151.09,15232.15,15077.34,15189.29,476409761.0,708348768256.0
2021-07-14,15141.04,15215.63,15021.99,15056.32,483741742.0,707389194240.0
2021-07-15,15014.91,15170.64,14899.31,15169.33,461810998.0,664306085888.0
2021-07-16,15144.08,15165.75,14962.97,14972.21,444265306.0,663044640768.0
2021-07-19,14958.62,15033.6,14856.64,14992.9,428881905.0,634851082240.0
2021-07-20,14879.27,15031.88,14859.71,15011.35,382398200.0,544089567232.0
2021-07-21,15070.17,15264.1,15061.09,15212.6,453141811.0,692020625408.0
2021-07-22,15258.73,15290.06,15172.1,15262.19,492194831.0,734068490240.0
2021-07-23,15248.25,15248.25,14989.5,15028.57,528929014.0,774539300864.0
2021-07-26,14982.9,14982.9,14376.33,14630.85,512117194.0,779892629504.0
2021-07-27,14640.26,14741.87,14093.64,14093.64,528966397.0,831444881408.0
2021-07-28,13967.44,14207.39,13727.48,14086.42,479174188.0,705288294400.0
2021-07-29,14390.29,14544.11,14277.97,14515.32,439221517.0,709742231552.0
2021-07-30,14482.78,14522.12,14294.48,14473.21,477653066.0,770901184512.0
2021-08-02,14463.21,14806.86,14395.33,14798.16,507567736.0,854946992128.0
2021-08-03,14745.91,14844.52,14656.2,14736.92,508145846.0,812730261504.0
2021-08-04,14715.75,14990.11,14683.35,14990.11,446708582.0,742216466432.0
2021-08-05,14901.96,14990.65,14800.42,14872.23,471451622.0,750470868992.0
2021-08-06,14902.69,14915.73,14722.13,14827.41,442793034.0,708543471616.0
2021-08-09,14738.37,14980.15,14682.94,14941.44,447655107.0,709523800064.0
2021-08-10,14919.52,15057.59,14863.08,15057.59,474072604.0,790672654336.0
2021-08-11,15048.87,15101.13,14969.08,15021.17,491643694.0,740726767616.0
2021-08-12,14972.49,15037.58,14857.91,14901.97,503515151.0,766707396608.0
2021-08-13,14839.51,14994.61,14717.67,14799.03,490265551.0,764286550016.0
2021-08-16,14756.48,14800.22,14660.08,14693.74,472136284.0,721637789696.0
2021-08-17,14696.19,14750.93,14308.63,14350.65,509385923.0,737913397248.0
2021-08-18,14371.82,14500.14,14284.85,14454.11,446971950.0,661708697600.0
2021-08-19,14456.18,14570.63,14357.73,14487.36,453694467.0,677113274368.0
2021-08-20,14376.9,14448.92,14100.92,14253.53,440770762.0,699871805440.0
2021-08-23,14296.95,14558.47,14260.08,14535.88,481361587.0,758251761664.0
2021-08-24,14558.96,14710.01,14496.89,14663.55,508419423.0,792234532864.0
2021-08-25,14657.65,14697.5,14562.82,14697.5,474952919.0,715843870720.0
2021-08-26,14701.92,14701.92,14409.88,14415.46,518341809.0,751913857024.0
2021-08-27,14382.18,14537.15,14366.15,14436.9,511580547.0,748763701248.0
2021-08-30,14482.97,14546.74,14339.38,14423.37,551681254.0,879104569344.0
2021-08-31,14407.94,14418.26,14157.55,14328.38,530028206.0,778576912384.0
2021-09-01,14336.07,14418.61,14058.25,14314.09,601813174.0,868626063360.0
2021-09-02,14294.54,14348.82,14226.42,14277.34,522249782.0,742937247744.0
2021-09-03,14295.56,14302.9,14118.73,14179.86,597863327.0,829276450816.0
2021-09-06,14184.42,14567.14,14145.63,14546.6,531572710.0,772062314496.0
2021-09-07,14543.84,14724.63,14483.55,14702.9,532235187.0,743489212416.0
2021-09-08,14706.88,14789.09,14630.5,14688.08,610923610.0,800435748864.0
2021-09-09,14666.05,14716.73,14547.07,14698.53,571295675.0,752689922048.0
2021-09-10,14673.45,14811.51,14645.26,14771.87,573881203.0,784853696512.0
2021-09-13,14776.82,14833.88,14648.78,14705.83,549520225.0,767014744064.0
2021-09-14,14699.22,14844.26,14589.72,14626.08,577552591.0,819405119488.0
2021-09-15,14590.8,14602.34,14476.19,14536.31,515258089.0,750408019968.0
2021-09-16,14527.1,14550.31,14258.13,14258.13,571644429.0,804472782848.0
2021-09-17,14224.61,14383.62,14136.47,14359.36,509000415.0,714327597056.0
2021-09-22,14139.9,14311.96,14117.63,14277.08,435910687.0,592758910976.0
2021-09-23,14380.09,14416.37,14338.99,14387.36,515307453.0,688258043904.0
2021-09-24,14359.11,14514.39,14307.68,14357.85,488477289.0,676605169664.0
2021-09-27,14430.04,14527.77,14253.15,14344.29,512315118.0,725024677888.0
2021-09-28,14307.53,14425.16,14243.2,14313.82,381380518.0,543683600384.0
2021-09-29,14202.4,14235.88,14020.56,14079.02,412588024.0,566656929792.0
2021-09-30,14124.08,14337.5,14124.08,14309.01,352613793.0,504703885312.0
2021-10-08,14457.94,14489.33,14348.98,14414.16,401478899.0,567706955776.0
2021-10-11,14440.82,14484.39,14338.47,14367.6,373827656.0,523503525888.0
2021-10-12,14335.54,14335.54,14006.65,14135.38,393850895.0,534606737408.0
2021-10-13,14140.42,14358.5,14112.91,14353.08,339658921.0,484657819648.0
2021-10-14,14350.63,14399.92,14293.53,14341.38,341200294.0,483313139712.0
2021-10-15,14294.18,14440.58,14232.03,14415.99,383655009.0,563137429504.0
2021-10-18,14393.18,14393.18,14218.61,14350.02,361564198.0,546460155904.0
2021-10-19,14352.93,14504.24,14352.93,14499.77,358298685.0,533139169280.0
2021-10-20,14500.46,14552.57,14431.63,14452.25,378117576.0,569678004224.0
2021-10-21,14466.42,14501.45,14348.12,14444.86,372311281.0,539402772480.0
2021-10-22,14467.37,14582.79,14454.86,14492.82,382262505.0,559803944960.0
2021-10-25,14491.35,14599.0,14452.88,14596.72,362803313.0,570790031360.0
2021-10-26,14658.99,14682.43,14531.48,14552.82,386830497.0,617166438400.0
2021-10-27,14510.45,14510.45,14348.05,14393.51,398325128.0,606050316288.0
2021-10-28,14350.91,14407.66,14188.29,14244.82,391846984.0,604708159488.0
2021-10-29,14242.68,14457.44,14199.59,14451.38,380014382.0,611152601088.0
2021-11-01,14393.58,14569.23,14344.48,14476.53,409694011.0,659059306496.0
2021-11-02,14476.9,14558.36,14248.0,14377.27,443834166.0,672622358528.0
2021-11-03,14365.21,14458.62,14287.34,14367.78,360786565.0,551101972480.0
2021-11-04,14440.22,14557.94,14420.14,14555.27,384931830.0,609881686016.0
2021-11-05,14536.6,14623.48,14462.59,14462.62,445734090.0,665324269568.0
2021-11-08,14451.59,14532.72,14400.84,14508.86,401022966.0,616865021952.0
2021-11-09,14538.62,14581.42,14463.77,14571.93,388860385.0,589660626944.0
2021-11-10,14521.72,14536.63,14302.8,14515.88,426612099.0,637062582272.0
2021-11-11,14497.98,14708.12,14479.37,14699.74,453880791.0,658370158592.0
2021-11-12,14708.6,14732.35,14646.49,14705.37,448411965.0,655708876800.0
2021-11-15,14724.34,14732.05,14578.23,14636.39,465602015.0,693965565952.0
2021-11-16,14626.87,14736.37,14597.04,14613.97,458179338.0,668984631296.0
2021-11-17,14646.66,14711.18,14596.89,14711.18,437931666.0,635624382464.0
2021-11-18,14685.79,14685.79,14555.22,14579.17,479263933.0,691427291136.0
2021-11-19,14569.93,14761.53,14552.67,14752.49,461993853.0,672557142016.0
2021-11-22,14778.58,14961.79,14776.04,14960.66,477184000.0,745793609728.0
2021-11-23,14929.24,14954.85,14874.43,14905.13,480711644.0,720402993152.0
2021-11-24,14908.97,14942.96,14864.89,14887.6,477783590.0,721360130048.0
2021-11-25,14884.85,14897.18,14819.68,14827.95,446980498.0,662565957632.0
2021-11-26,14802.02,14862.93,14745.59,14777.17,441289631.0,667083886592.0
2021-11-29,14635.48,14825.43,14633.06,14810.2,435390976.0,687529623552.0
2021-11-30,14854.52,14870.23,14712.82,14795.73,473012833.0,728259547136.0
2021-12-01,14794.37,14824.81,14724.72,14794.25,460441180.0,678971158528.0
2021-12-02,14769.69,14834.79,14740.24,14765.56,478637880.0,684884160512.0
2021-12-03,14772.67,14892.05,14767.45,14892.05,433966984.0,641750487040.0
2021-12-06,14872.55,14942.24,14742.1,14752.96,467776998.0,675377500160.0
2021-12-07,14845.02,14861.38,14602.73,14697.17,450142170.0,675619377152.0
2021-12-08,14748.65,14964.46,14733.89,14964.46,408102746.0,615474167808.0
2021-12-09,14965.44,15193.68,14957.34,15147.87,470547553.0,695503273984.0
2021-12-10,15044.68,15148.78,15026.37,15111.56,453860027.0,679057145856.0
2021-12-13,15166.16,15288.65,15151.8,15212.49,475162324.0,696525930496.0
2021-12-14,15171.05,15185.25,15109.06,15136.78,461568425.0,653648449536.0
2021-12-15,15112.18,15187.26,15012.75,15026.21,475018501.0,654947647488.0
2021-12-16,15047.47,15112.81,14977.45,15112.81,474491507.0,647679979520.0
2021-12-17,15075.23,15075.23,14867.25,14867.55,504183204.0,667484921856.0
2021-12-20,14818.42,14902.13,14551.36,14569.18,504639910.0,666449899520.0
2021-12-21,14559.72,14702.38,14547.6,14688.98,480362783.0,571999289344.0
2021-12-22,14723.41,14813.04,14709.4,14791.33,531632653.0,630016032768.0
2021-12-23,14818.99,14878.95,14790.45,14863.93,492400676.0,627289022464.0
2021-12-24,14872.42,14887.46,14674.14,14710.33,507365222.0,655545720832.0
2021-12-27,14704.29,14802.35,14652.42,14715.65,436106670.0,567285592064.0
2021-12-28,14736.73,14841.88,14696.45,14837.87,432157117.0,593880150016.0
2021-12-29,14828.19,14828.19,14645.2,14653.82,424280067.0,586862051328.0
2021-12-30,14652.08,14846.82,14652.08,14796.23,455430807.0,603918622720.0
2021-12-31,14842.07,14871.98,14797.11,14857.35,468675226.0,626736504832.0
2022-01-04,14935.23,14941.19,14681.71,14791.31,570546865.0,756072964096.0
2022-01-05,14752.08,14767.22,14469.37,14525.76,583832783.0,766150488064.0
2022-01-06,14432.46,14497.77,14298.48,14429.51,513516006.0,662400086016.0
2022-01-07,14449.54,14495.67,14331.98,14343.65,561849848.0,704297623552.0
2022-01-10,14304.86,14430.09,14194.35,14406.97,463125105.0,607982063616.0
2022-01-11,14402.22,14433.56,14201.9,14223.35,475474033.0,614437724160.0
2022-01-12,14316.53,14426.12,14293.41,14421.2,466111365.0,625336422400.0
2022-01-13,14440.98,14440.98,14138.34,14138.34,495139095.0,636529733632.0
2022-01-14,14054.67,14219.44,14039.87,14150.57,506382267.0,643758907392.0
2022-01-17,14163.0,14374.47,14159.27,14363.57,505321979.0,681429704704.0
2022-01-18,14365.19,14444.54,14285.63,14391.39,548870208.0,725086777344.0
2022-01-19,14376.36,14413.38,14120.24,14207.19,483398528.0,644543877120.0
2022-01-20,14188.51,14312.0,14149.5,14198.3,517115384.0,669283758080.0
2022-01-21,14144.22,14181.62,13991.64,14029.55,438784154.0,566667206656.0
2022-01-24,13941.9,14133.04,13918.99,14081.8,371844183.0,506151383040.0
2022-01-25,14018.93,14091.88,13682.72,13683.89,446105457.0,553134100480.0
2022-01-26,13742.03,13820.94,13580.4,13780.3,351288315.0,455865831424.0
2022-01-27,13756.87,13773.5,13395.36,13398.84,373194452.0,476438478848.0
2022-01-28,13515.47,13553.22,13227.83,13328.06,358892928.0,465106776064.0
2022-02-07,13558.94,13632.45,13412.2,13456.65,371634394.0,465994018816.0
2022-02-08,13432.08,13432.33,13051.8,13325.41,394133102.0,490826039296.0
2022-02-09,13321.81,13541.87,13283.2,13531.31,430442322.0,538058903552.0
2022-02-10,13537.31,13537.31,13339.5,13432.07,408941571.0,531355975680.0
2022-02-11,13360.4,13452.72,13206.63,13224.38,441761802.0,565245644800.0
2022-02-14,13140.35,13280.08,13049.45,13123.21,391449472.0,500778934272.0
2022-02-15,13143.1,13346.67,13138.44,13345.63,371391608.0,485858664448.0
2022-02-16,13403.64,13446.06,13339.8,13376.36,375308774.0,481453457408.0
2022-02-17,13360.46,13490.86,13322.69,13422.9,429285612.0,553015967744.0
2022-02-18,13334.9,13460.21,13316.47,13459.68,388370496.0,480329814016.0
2022-02-21,13464.85,13503.09,13404.73,13471.16,448012142.0,555046539264.0
2022-02-22,13384.03,13384.03,13216.63,13297.11,456917842.0,590595878912.0
2022-02-23,13319.87,13553.27,13319.87,13549.99,454061012.0,625266221056.0
2022-02-24,13459.01,13538.71,13093.97,13252.24,629045622.0,792905224192.0
2022-02-25,13383.24,13540.99,13383.24,13412.92,434650890.0,577064525824.0
2022-02-28,13397.93,13457.61,13279.32,13455.73,397940260.0,535316713472.0
2022-03-01,13493.28,13517.25,13393.85,13488.64,399261092.0,556498526208.0
2022-03-02,13412.9,13412.9,13267.55,13346.96,400429911.0,517925859328.0
2022-03-03,13397.97,13407.04,13187.74,13201.82,451125701.0,566547161088.0
2022-03-04,13089.42,13204.24,12972.24,13020.46,448266775.0,575567257600.0
2022-03-07,12930.73,12930.73,12523.45,12573.43,430338499.0,566406131712.0
2022-03-08,12594.6,12653.46,12178.18,12244.5,485660820.0,624336265216.0
2022-03-09,12282.15,12337.77,11598.39,12107.17,521187996.0,641926905856.0
2022-03-10,12421.76,12486.91,12331.51,12370.95,457351734.0,612625620992.0
2022-03-11,12181.48,12464.5,12043.38,12447.37,446429138.0,591465320448.0
2022-03-14,12315.77,12389.41,12063.63,12063.63,410957921.0,551758540800.0
2022-03-15,11948.63,12086.04,11537.24,11537.24,491133199.0,616059879424.0
2022-03-16,11765.31,12034.46,11331.23,12000.96,510653176.0,669733224448.0
2022-03-17,12228.84,12497.86,12218.17,12289.97,530552561.0,742943662080.0
2022-03-18,12222.22,12368.59,12141.75,12328.65,452016282.0,562050113536.0
2022-03-21,12385.87,12469.98,12257.67,12379.64,472491318.0,594069217280.0
2022-03-22,12350.73,12410.47,12269.17,12318.78,464501509.0,559997431808.0
2022-03-23,12373.51,12436.21,12291.37,12408.65,450677512.0,537394683904.0
2022-03-24,12339.14,12384.78,12188.58,12305.5,440692828.0,529361678336.0
2022-03-25,12315.35,12330.95,12072.73,12072.73,437184681.0,528491847680.0
2022-03-28,11969.0,12053.2,11835.33,11949.94,423332987.0,495913897984.0
2022-03-29,11983.54,12050.85,11857.37,11895.08,425132252.0,500012941312.0
2022-03-30,11969.36,12263.8,11961.06,12263.8,450967898.0,545377038336.0
2022-03-31,12208.99,12220.06,12090.29,12118.25,498906066.0,581017358336.0
2022-04-01,12040.01,12275.08,12009.21,12227.93,470576212.0,529916747776.0
2022-04-06,12220.78,12238.02,12091.98,12172.91,484429217.0,532502401024.0
2022-04-07,12101.37,12205.1,11971.33,11972.02,478578703.0,524892594176.0
2022-04-08,11988.05,12001.59,11799.02,11959.27,462484667.0,512401293312.0
2022-04-11,11876.18,11876.18,11482.73,11520.21,463261839.0,528592076800.0
2022-04-12,11523.28,11756.38,11439.59,11756.38,449765612.0,493975777280.0
2022-04-13,11669.08,11744.25,11568.17,11568.17,438713004.0,475223617536.0
2022-04-14,11662.59,11787.12,11587.87,11714.62,406771251.0,468901679104.0
2022-04-15,11626.05,11737.79,11552.78,11648.57,438335828.0,497739427840.0
2022-04-18,11557.52,11710.84,11459.84,11691.47,364605683.0,411908669440.0
2022-04-19,11691.76,11771.55,11584.24,11633.32,357166482.0,416624205824.0
2022-04-20,11619.74,11641.45,11360.08,11392.23,399133476.0,447105695744.0
2022-04-21,11328.71,11429.78,11038.38,11084.28,429251535.0,459812618240.0
2022-04-22,11016.68,11151.66,10896.92,11051.7,372203850.0,404474712064.0
2022-04-25,10840.36,10866.64,10379.06,10379.28,457612442.0,469816864768.0
2022-04-26,10401.99,10548.96,10181.17,10206.64,433566387.0,442820890624.0
2022-04-27,10090.98,10652.93,10087.53,10652.9,476823020.0,494782865408.0
2022-04-28,10607.79,10743.17,10498.66,10628.92,410129137.0,451874238464.0
2022-04-29,10719.45,11029.94,10631.14,11021.44,465755679.0,524630982656.0
2022-05-05,10928.68,11146.02,10897.26,11046.38,410347412.0,491568406528.0
2022-05-06,10775.31,10913.69,10748.87,10809.88,375679488.0,413591621632.0
2022-05-09,10743.03,10867.61,10698.67,10765.63,339501448.0,371410505728.0
2022-05-10,10601.4,10938.58,10560.78,10912.74,411873295.0,462850342912.0
2022-05-11,10921.03,11334.76,10917.1,11109.48,507190144.0,605080678400.0
2022-05-12,11029.34,11173.02,11006.32,11094.87,404733883.0,452372393984.0
2022-05-13,11167.59,11204.55,11044.46,11159.79,385073874.0,416221429760.0
2022-05-16,11251.27,11296.0,11067.06,11093.37,408882189.0,437232992256.0
2022-05-17,11095.4,11230.74,11059.83,11230.16,387575539.0,438275674112.0
2022-05-18,11249.28,11300.22,11151.22,11208.08,394173391.0,431504805888.0
2022-05-19,11035.96,11250.06,11019.08,11250.06,414793352.0,446687830016.0
2022-05-20,11311.81,11454.53,11292.14,11454.53,446843983.0,505359794176.0
2022-05-23,11468.81,11475.18,11343.21,11447.95,420709734.0,478517084160.0
2022-05-24,11429.93,11429.93,11065.92,11065.92,489529723.0,551831429120.0
2022-05-25,11062.63,11143.97,11009.73,11143.18,375308902.0,419868151808.0
2022-05-26,11149.31,11276.2,10984.75,11206.82,401161326.0,445563629568.0
2022-05-27,11290.0,11379.93,11126.75,11193.59,398282332.0,443153424384.0
2022-05-30,11248.51,11327.05,11185.95,11310.28,374874662.0,434375286784.0
2022-05-31,11313.41,11543.18,11241.03,11527.62,423640842.0,503693627392.0
2022-06-01,11507.49,11592.47,11467.86,11551.27,411885678.0,482928799744.0
2022-06-02,11492.97,11637.53,11470.89,11628.31,408264156.0,477960851456.0
2022-06-06,11636.68,11941.17,11602.4,11938.12,467818691.0,595282604032.0
2022-06-07,11937.28,12004.58,11857.45,11935.57,460343119.0,556839714816.0
2022-06-08,11947.75,12040.35,11815.29,12033.26,480324675.0,592895012864.0
2022-06-09,12002.81,12006.02,11761.21,11810.58,437326467.0,508460421120.0
2022-06-10,11733.35,12039.47,11724.24,12035.15,444246356.0,546321018880.0
2022-06-13,11922.56,12056.53,11881.08,11999.31,468909791.0,578961518592.0
2022-06-14,11854.17,12028.14,11644.35,12023.79,492299858.0,585627365376.0
2022-06-15,12052.74,12356.31,12038.8,12137.76,564783816.0,676953124864.0
2022-06-16,12146.85,12274.18,12101.49,12150.96,492149727.0,574722539520.0
2022-06-17,12045.84,12355.34,12036.27,12331.14,467397612.0,596078534656.0
2022-06-20,12405.12,12587.95,12372.07,12487.13,478432532.0,636707078144.0
2022-06-21,12477.73,12542.72,12299.95,12423.86,494312010.0,608313511936.0
2022-06-22,12437.69,12445.16,12240.78,12246.55,442059213.0,555603079168.0
2022-06-23,12273.38,12514.73,12177.26,12514.73,474588298.0,601855913984.0
2022-06-24,12553.56,12690.54,12516.71,12686.03,505724557.0,650654502912.0
2022-06-27,12742.55,12911.24,12742.55,12825.57,517160637.0,687230652416.0
2022-06-28,12823.65,13001.54,12718.25,12982.69,536821048.0,695760580608.0
2022-06-29,12930.43,12998.63,12682.93,12696.5,581124820.0,754929397760.0
2022-06-30,12710.25,12970.65,12710.25,12896.2,503676111.0,649502244864.0
2022-07-01,12899.47,12941.06,12805.73,12860.36,457099510.0,592902606848.0
2022-07-04,12813.49,13026.25,12751.08,13026.25,458436529.0,641126830080.0
2022-07-05,13057.24,13121.39,12798.01,12973.11,493969472.0,664378437632.0
2022-07-06,12935.42,12997.41,12700.48,12811.33,451141926.0,599172091904.0
2022-07-07,12826.09,12962.99,12732.7,12935.85,453546936.0,614824415232.0
2022-07-08,12998.56,13034.46,12848.63,12857.13,464011817.0,607479341056.0
2022-07-11,12798.42,12798.42,12514.98,12617.23,451243336.0,583792943104.0
2022-07-12,12616.84,12657.49,12396.91,12439.27,444283747.0,565774930215.08
2022-07-13,12441.72,12562.95,12323.2,12508.89,445105517.0,548175186644.28
2022-07-14,12479.22,12695.2,12452.13,12602.78,469480639.0,595851639986.44
2022-07-15,12557.15,12687.67,12411.01,12411.01,505839026.0,627239630203.33
2022-07-18,12456.22,12559.07,12304.12,12532.65,473232609.0,598045522405.58
2022-07-19,12524.51,12569.95,12402.11,12494.77,485702640.0,600720026414.64
2022-07-20,12551.43,12625.63,12518.42,12573.12,460614590.0,569050297704.28
2022-07-21,12543.58,12601.0,12455.19,12455.19,486417366.0,597513193964.88
2022-07-22,12501.34,12553.27,12289.2,12394.02,464840150.0,557838964284.85
2022-07-25,12386.55,12414.07,12251.08,12291.59,433572939.0,513894847736.49
2022-07-26,12308.74,12453.11,12266.84,12408.56,423353036.0,499711803605.33
2022-07-27,12383.05,12439.22,12331.7,12399.69,443864105.0,528343550244.43
2022-07-28,12467.76,12550.9,12407.07,12428.72,504869927.0,611466432305.58
2022-07-29,12439.41,12460.19,12245.21,12266.92,485462578.0,604184364933.58
2022-08-01,12243.33,12420.23,12158.85,12413.87,454766236.0,594861070524.39
2022-08-02,12260.45,12273.37,12008.17,12120.02,596422298.0,705161509125.85
2022-08-03,12148.24,12294.88,11946.46,11982.26,525849018.0,659550015711.61
2022-08-04,12055.35,12103.38,11926.51,12065.22,428255877.0,528256488896.89
2022-08-05,12088.65,12275.96,12051.4,12269.21,454849809.0,581338906745.27
2022-08-08,12239.87,12304.23,12219.02,12302.15,424214874.0,560327245554.33
2022-08-09,12277.44,12333.38,12235.83,12331.09,425183711.0,561587343672.89
2022-08-10,12302.57,12347.15,12166.23,12223.51,427925375.0,576112336166.27
2022-08-11,12287.8,12475.17,12231.08,12474.03,488906602.0,639275391793.58
2022-08-12,12453.4,12493.78,12417.49,12419.39,490390438.0,595631296421.25
2022-08-15,12392.5,12531.77,12386.16,12460.22,457298528.0,589050552059.35
2022-08-16,12470.65,12553.69,12441.96,12470.11,490212239.0,610983946643.4
2022-08-17,12481.71,12611.49,12391.45,12595.46,511868514.0,650590483630.19
2022-08-18,12557.34,12576.62,12496.79,12517.32,502579425.0,635990044633.23
2022-08-19,12504.48,12521.76,12358.55,12358.55,518742439.0,662348563000.62
2022-08-22,12320.88,12509.91,12291.82,12505.68,463803681.0,598705296883.12
2022-08-23,12481.24,12525.01,12405.58,12455.15,460671129.0,583980846417.63
2022-08-24,12484.44,12491.17,12082.44,12096.39,542031759.0,667671574735.41
2022-08-25,12130.76,12159.8,11949.76,12104.03,468367750.0,567022952030.2
2022-08-26,12142.05,12210.01,12039.74,12059.71,423200607.0,531590580203.26
2022-08-29,11911.17,12044.52,11890.49,12018.16,395382392.0,482076759084.63
2022-08-30,12013.92,12039.19,11905.0,11970.79,409453173.0,484735739677.95
2022-08-31,11909.31,11968.46,11743.69,11815.79,459835903.0,570596999686.26
2022-09-01,11789.82,11888.06,11696.58,11712.39,393197405.0,457759357578.26
2022-09-02,11753.6,11765.01,11644.03,11702.39,371281614.0,433294733347.63
2022-09-05,11667.05,11714.41,11597.73,11678.69,365345250.0,430071344966.41
2022-09-06,11702.17,11802.71,11624.82,11799.81,402594159.0,490521341965.61
2022-09-07,11743.47,11894.56,11724.28,11849.08,417413878.0,503263088621.51
2022-09-08,11858.53,11865.97,11739.57,11746.92,395047991.0,459600786212.44
2022-09-09,11780.82,11885.46,11750.44,11877.79,375617629.0,440969016819.89
2022-09-13,11936.58,11966.17,11874.19,11923.47,365038769.0,432328505764.93
2022-09-14,11751.11,11841.18,11703.76,11774.78,355327916.0,416273968733.97
2022-09-15,11823.8,11832.46,11427.51,11526.96,443030060.0,526626934553.72
2022-09-16,11492.69,11509.98,11261.5,11261.5,392660433.0,444267901595.48
2022-09-19,11241.78,11318.01,11149.98,11207.04,329594959.0,375430720884.86
2022-09-20,11274.86,11364.16,11229.91,11283.92,320491738.0,382373091132.14
2022-09-21,11245.84,11259.31,11117.37,11208.51,333907929.0,366446632798.37
2022-09-22,11122.11,11241.12,11094.74,11114.43,321627173.0,368469428214.74
2022-09-23,11105.76,11146.79,10899.59,11006.41,340925085.0,381988411199.02
2022-09-26,10921.64,11141.59,10908.96,10962.56,327208261.0,374418070455.76
2022-09-27,10999.1,11175.12,10959.82,11175.12,320916907.0,376138593467.99
2022-09-28,11136.18,11136.18,10899.7,10899.7,323972352.0,371216304077.25
2022-09-29,11023.83,11045.98,10864.49,10919.44,314504672.0,348132411161.17
2022-09-30,10925.01,10962.22,10777.91,10778.61,283223132.0,320578275697.64
2022-10-10,10788.69,10801.34,10500.77,10522.12,298150773.0,337870025437.05
2022-10-11,10555.06,10617.92,10487.66,10577.81,277287498.0,317100032607.47
2022-10-12,10568.01,10838.63,10402.06,10838.48,347135440.0,403345995955.54
2022-10-13,10762.67,10923.92,10737.3,10817.67,352459169.0,410574203455.12
2022-10-14,10914.18,11177.23,10890.19,11121.72,390341470.0,488757894665.71
2022-10-17,11059.23,11173.39,11041.58,11162.26,382488133.0,458064126282.75
2022-10-18,11223.15,11270.48,11135.47,11187.7,388144933.0,467799549152.77
2022-10-19,11154.13,11197.15,11027.24,11027.24,365583539.0,445291209696.16
2022-10-20,10948.43,11126.16,10832.09,10965.33,375346701.0,456150968087.5
2022-10-21,10955.84,11000.39,10875.18,10918.97,343830151.0,397212754987.17
2022-10-24,10908.74,11043.03,10635.35,10694.61,407224612.0,486317578542.37
2022-10-25,10644.67,10760.67,10510.91,10639.82,391931260.0,465368849953.03
2022-10-26,10664.43,10928.45,10657.02,10818.33,438412943.0,541376237666.15
2022-10-27,10843.34,10886.1,10750.14,10750.14,426569080.0,542578935102.87
2022-10-28,10659.7,10698.69,10368.91,10401.84,440106690.0,524397371045.9
2022-10-31,10304.2,10518.39,10301.71,10397.04,395020256.0,486465964553.37
2022-11-01,10420.95,10734.25,10395.56,10734.25,424965410.0,546530955016.92
2022-11-02,10704.25,10951.45,10687.21,10877.51,466416166.0,594556048414.5
2022-11-03,10766.22,10877.74,10754.29,10840.06,400924659.0,515881815798.86
2022-11-04,10848.3,11226.21,10848.3,11187.43,466117158.0,621906969893.27
2022-11-07,11184.16,11272.8,11127.25,11207.73,455136444.0,581740214517.94
2022-11-08,11202.44,11212.54,11055.08,11142.93,399511530.0,496794896858.14
2022-11-09,11149.37,11185.51,11049.33,11055.29,393693811.0,471819769363.25
2022-11-10,10964.94,10979.71,10848.48,10908.55,426394700.0,506896460257.35
2022-11-11,11217.11,11272.16,11085.93,11139.77,598274247.0,709334987013.27
2022-11-14,11177.07,11260.86,11067.89,11113.46,518247742.0,612751091880.81
2022-11-15,11100.23,11351.33,11069.15,11351.33,503671259.0,612151515139.78
2022-11-16,11336.07,11385.87,11220.33,11235.56,466187381.0,555714062614.76
2022-11-17,11199.62,11221.45,11077.6,11221.45,438822708.0,535216708400.17
2022-11-18,11229.11,11310.22,11171.19,11180.43,492221658.0,589522447352.25
2022-11-21,11086.69,11137.63,11014.96,11134.47,420524479.0,504248443961.33
2022-11-22,11113.32,11152.0,10960.88,11002.93,433756297.0,510483607793.14
2022-11-23,10971.0,11025.48,10842.59,10972.81,405799674.0,474079302422.15
2022-11-24,11019.47,11061.36,10927.85,10956.68,376262826.0,439869209110.42
2022-11-25,10928.15,10962.14,10881.08,10904.27,368960495.0,414462585778.89
2022-11-28,10708.56,10833.27,10657.89,10829.08,375381583.0,419844174797.23
2022-11-29,10891.72,11112.73,10888.54,11089.01,469714685.0,529016062334.42
2022-11-30,11071.31,11140.5,11044.03,11108.5,477400249.0,527150019765.31
2022-12-01,11282.46,11350.48,11262.81,11264.16,494705772.0,596166106743.34
2022-12-02,11238.44,11312.32,11206.78,11219.79,428852017.0,498207072951.05
2022-12-05,11292.34,11338.86,11250.62,11323.35,489374883.0,575901446011.65
2022-12-06,11278.48,11465.41,11264.47,11398.82,455796410.0,562964953760.58
2022-12-07,11365.98,11504.39,11358.68,11418.76,445500813.0,546530031585.04
2022-12-08,11403.19,11429.77,11343.57,11389.79,440019801.0,504931899273.83
2022-12-09,11397.1,11511.32,11360.15,11501.58,464345892.0,561346221280.01
2022-12-12,11453.26,11457.09,11392.89,11399.13,430329041.0,514862328435.11
2022-12-13,11398.84,11400.01,11312.1,11323.7,409092170.0,482901926303.85
2022-12-14,11341.96,11375.22,11298.43,11321.81,406111741.0,476926630751.19
2022-12-15,11306.79,11371.18,11269.61,11358.11,392689173.0,461043860370.19
2022-12-16,11289.52,11327.27,11234.62,11295.03,404009947.0,454187249015.79
2022-12-19,11286.66,11329.56,11083.85,11124.7,400705350.0,448907977559.71
2022-12-20,11092.86,11092.86,10908.53,10949.12,328218210.0,378107632805.51
2022-12-21,10966.31,11001.15,10872.27,10912.09,315182795.0,347827238918.49
2022-12-22,10976.57,11034.67,10840.3,10876.31,347408567.0,391173437962.81
2022-12-23,10811.57,10918.18,10794.14,10849.64,315967227.0,352043828653.05
2022-12-26,10858.33,10996.64,10858.33,10978.99,318664168.0,368805661793.4
2022-12-27,11010.93,11115.77,11000.11,11106.5,347696816.0,400690168479.16
2022-12-28,11055.06,11061.19,10975.13,11010.53,346226478.0,390261749973.88
2022-12-29,10971.27,11064.02,10956.95,10996.41,323094665.0,360827045229.39
2022-12-30,11046.07,11071.93,11013.32,11015.99,322540533.0,353707649819.65
2023-01-03,11003.05,11134.96,10921.42,11117.13,397899643.0,457443911913.01
2023-01-04,11099.15,11149.15,11035.77,11095.37,412144084.0,467334510173.46
2023-01-05,11136.77,11346.22,11136.77,11332.01,410853816.0,507125753763.94
2023-01-06,11327.03,11443.45,11314.35,11367.73,407144027.0,499549690460.22
2023-01-09,11411.37,11490.59,11408.67,11450.15,360313472.0,464473354344.92
2023-01-10,11455.6,11526.28,11413.99,11506.79,342008406.0,436844214795.51
2023-01-11,11498.97,11563.78,11424.25,11439.44,349159804.0,432601300476.01
2023-01-12,11470.61,11528.93,11425.11,11465.73,340072634.0,406082464913.04
2023-01-13,11509.21,11602.3,11489.19,11602.3,331434486.0,414249451463.36
2023-01-16,11612.36,11886.95,11612.36,11785.77,392756664.0,503878168726.83
2023-01-17,11794.96,11830.58,11746.76,11800.55,331375770.0,404543870946.2
2023-01-18,11813.38,11855.44,11793.32,11810.66,314382506.0,369658040551.92
2023-01-19,11796.4,11913.26,11763.82,11913.26,326621913.0,390151666422.17
2023-01-20,11942.15,11997.53,11931.88,11980.62,343456691.0,420081970830.72
2023-01-30,12229.38,12246.01,12088.24,12097.76,485925549.0,608917708196.38
2023-01-31,12076.14,12115.45,11987.01,12001.26,445449977.0,524922474788.3
2023-02-01,12034.88,12158.19,11984.45,12158.19,498656713.0,591211958831.92
2023-02-02,12187.55,12208.88,12107.52,12131.2,490735378.0,595594549924.02
2023-02-03,12086.28,12095.39,11904.28,12054.3,447992474.0,536009517767.31
2023-02-06,11957.27,11977.24,11841.67,11912.56,424219892.0,525584144420.23
2023-02-07,11936.36,11958.22,11864.72,11926.88,440822034.0,524398559164.81
2023-02-08,11939.86,11957.01,11843.29,11853.46,428272279.0,511448766871.0
2023-02-09,11821.96,12048.27,11811.98,12048.27,442551618.0,549344191425.31
2023-02-10,12031.72,12062.16,11917.74,11976.85,458163546.0,551126051031.48
2023-02-13,11964.75,12116.04,11952.6,12113.61,466500205.0,582132385089.64
2023-02-14,12142.83,12143.29,12035.55,12094.94,448099798.0,558431029786.61
2023-02-15,12103.72,12132.8,12036.23,12064.38,464237085.0,579686819536.07
2023-02-16,12064.04,12163.97,11826.72,11907.4,603109668.0,724618468990.77
2023-02-17,11894.88,11927.11,11713.8,11715.77,452502268.0,558493619093.9
2023-02-20,11717.68,11956.89,11681.53,11954.13,438487047.0,552058242172.47
2023-02-21,11947.65,12005.0,11886.24,11968.6,430156398.0,530710903368.56
2023-02-22,11892.14,11963.21,11868.79,11900.12,369593896.0,462831583782.36
2023-02-23,11895.46,11963.14,11829.87,11884.3,382701855.0,472884405027.65
2023-02-24,11887.77,11889.24,11742.73,11787.45,326405502.0,417778046795.17
2023-02-27,11728.09,11781.28,11678.8,11701.95,337795673.0,429031645679.96
2023-02-28,11745.16,11792.68,11666.37,11783.8,346662457.0,438728229895.31
2023-03-01,11783.76,11931.1,11751.36,11914.32,415273775.0,534542031230.12
2023-03-02,11902.17,11929.15,11837.12,11849.51,430983053.0,544079910377.17
2023-03-03,11862.16,11895.97,11770.34,11851.92,386886331.0,480634863246.71
2023-03-06,11850.82,11862.37,11742.13,11842.88,385843289.0,519291321929.06
2023-03-07,11824.17,11839.61,11606.19,11608.58,408967132.0,502562851645.07
2023-03-08,11566.57,11617.94,11534.67,11598.29,314567554.0,405672051564.69
2023-03-09,11605.94,11637.03,11525.23,11579.99,328391194.0,427827723242.98
2023-03-10,11513.66,11535.54,11437.99,11442.54,361217066.0,467353246822.39
2023-03-13,11405.14,11511.12,11396.61,11505.02,363383446.0,474946171008.22
2023-03-14,11483.65,11486.56,11282.58,11416.57,397559735.0,522440932674.96
2023-03-15,11485.95,11537.72,11408.19,11413.43,350589630.0,445104875350.01
2023-03-16,11336.75,11381.73,11223.1,11237.7,357606532.0,452132167206.33
2023-03-17,11328.37,11388.52,11245.15,11278.05,405882900.0,541126224282.93
2023-03-20,11289.96,11342.03,11231.01,11247.13,438320664.0,577224812666.67
2023-03-21,11270.07,11427.25,11270.07,11427.25,387093061.0,504999749014.35
2023-03-22,11459.83,11521.42,11448.19,11496.93,445982825.0,575341080586.26
2023-03-23,11457.79,11605.29,11442.95,11605.29,437895647.0,594115483045.12
2023-03-24,11616.46,11648.54,11581.42,11634.22,478515088.0,643967262494.17
2023-03-27,11621.92,11659.0,11558.38,11647.94,494534827.0,686398148231.51
2023-03-28,11637.51,11649.15,11548.42,11564.45,445848465.0,607329887656.14
2023-03-29,11584.91,11623.43,11538.17,11579.91,413801869.0,575562998502.26
2023-03-30,11578.33,11656.48,11505.55,11651.83,392284298.0,543047089897.44
2023-03-31,11666.31,11737.28,11657.57,11726.4,399637085.0,556603475582.96
2023-04-03,11751.68,11898.76,11751.68,11889.42,497823896.0,739603496080.65
2023-04-04,11878.16,11885.38,11792.24,11859.48,508214234.0,768760508862.45
2023-04-06,11787.35,11874.8,11778.8,11866.31,454537865.0,686785473371.88
2023-04-07,11867.87,11979.59,11858.5,11967.74,427697142.0,617629160022.81
2023-04-10,11987.68,11992.32,11845.88,11871.93,478316982.0,709149197702.76
2023-04-11,11866.35,11914.32,11819.76,11877.15,423094685.0,616287040656.39
2023-04-12,11873.26,11912.95,11842.26,11883.51,452203993.0,650082318811.85
2023-04-13,11836.82,11844.4,11727.89,11739.84,470307591.0,659261305468.73
2023-04-14,11760.43,11816.68,11737.3,11800.09,439951634.0,636690732733.3
2023-04-17,11783.68,11855.48,11781.29,11855.48,423633407.0,597052515500.65
2023-04-18,11834.77,11891.11,11818.25,11860.4,397866670.0,585692909702.26
2023-04-19,11844.32,11844.32,11743.85,11760.27,414923105.0,606129019777.47
2023-04-20,11751.38,11751.38,11659.65,11717.26,433953327.0,639013483724.92
2023-04-21,11729.8,11751.41,11450.13,11450.43,479311979.0,687349533847.41
2023-04-24,11442.38,11452.91,11265.77,11317.01,427155287.0,610062481168.08
2023-04-25,11307.09,11320.45,11034.18,11149.01,463773505.0,639693500579.46
2023-04-26,11101.18,11244.04,11088.2,11185.68,438565413.0,641802706126.19
2023-04-27,11140.89,11258.76,11128.11,11217.0,415685322.0,578698180336.63
2023-04-28,11228.46,11340.46,11228.46,11338.67,453848625.0,601981958347.72
2023-05-04,11310.35,11329.0,11242.12,11273.87,482011993.0,621216170976.45
2023-05-05,11260.62,11262.33,11124.91,11180.87,442026271.0,571887910852.2
2023-05-08,11206.33,11234.92,11158.83,11225.77,439329143.0,572244190098.1
2023-05-09,11208.74,11265.33,11121.97,11125.02,481338002.0,602684327774.02
2023-05-10,11101.01,11177.81,11043.36,11140.19,394663046.0,530466025063.4
2023-05-11,11158.72,11200.91,11136.26,11142.53,385308783.0,494592609157.91
2023-05-12,11131.3,11172.71,11004.26,11005.64,367693645.0,460999181778.1
2023-05-15,11019.7,11178.62,10995.7,11178.62,384684380.0,506596961426.07
2023-05-16,11182.36,11182.36,11069.44,11099.26,353743511.0,480886438964.46
2023-05-17,11084.56,11120.97,11036.77,11091.08,326266963.0,440922245666.64
2023-05-18,11108.33,11144.48,11024.09,11078.28,371723076.0,511486308615.44
2023-05-19,11061.75,11145.51,11034.63,11091.36,355407471.0,488454824842.61
2023-05-22,11083.38,11159.31,11037.21,11127.04,345667851.0,452992716253.84
2023-05-23,11124.26,11137.63,11012.58,11012.58,340074032.0,441111204248.9
2023-05-24,10976.73,11028.57,10920.33,10920.33,345570374.0,460018122724.05
2023-05-25,10915.12,10954.24,10801.22,10896.58,377513829.0,509231593095.43
2023-05-26,10889.27,10926.84,10798.65,10909.65,357576009.0,487185597490.68
2023-05-29,10942.67,10961.79,10790.5,10822.09,395539317.0,542939397530.7
2023-05-30,10799.4,10869.55,10697.87,10869.55,397341086.0,556589545825.65
2023-05-31,10849.81,10849.81,10732.42,10793.85,388079766.0,553781824235.49
2023-06-01,10758.89,10913.64,10735.51,10835.9,419041309.0,585600591787.66
2023-06-02,10875.31,11012.55,10875.31,10998.07,406446845.0,563121358380.17
2023-06-05,10990.73,10990.73,10903.05,10946.08,375801794.0,515963796666.03
2023-06-06,10928.51,10933.61,10752.22,10773.45,414938520.0,549964902631.79
2023-06-07,10783.31,10799.46,10681.48,10708.82,348520501.0,483428011486.96
2023-06-08,10710.91,10775.34,10648.14,10722.87,369611572.0,505966211106.97
2023-06-09,10733.52,10793.93,10697.36,10793.93,408492315.0,576348802984.15
2023-06-12,10769.02,10914.62,10752.01,10873.74,405335425.0,562214986599.51
2023-06-13,10855.44,10963.65,10853.57,10955.96,401828791.0,565125852487.8
2023-06-14,10976.51,11034.18,10962.45,10984.56,427026224.0,596607840664.01
2023-06-15,11011.95,11185.68,11011.85,11182.94,433495537.0,634935106087.24
2023-06-16,11194.55,11316.24,11183.79,11306.53,426118435.0,623329917926.42
2023-06-19,11305.79,11307.75,11244.42,11274.05,430857133.0,651498874995.5
2023-06-20,11260.15,11338.15,11248.14,11305.35,428286410.0,656752823942.09
2023-06-21,11262.84,11278.97,11058.63,11058.63,418746595.0,615744791457.93
2023-06-26,10963.62,11002.37,10848.72,10872.3,424191187.0,578384784003.88
2023-06-27,10879.49,10987.19,10863.66,10978.08,370430838.0,486576104933.39
2023-06-28,10947.89,10951.41,10792.35,10926.32,399824368.0,528143662377.09
2023-06-29,10909.08,10965.11,10880.88,10915.5,380424072.0,524384641611.73
2023-06-30,10897.42,11067.39,10883.57,11026.59,404836526.0,558882284452.64
2023-07-03,11059.31,11128.93,11028.24,11091.56,441147039.0,603232462910.1
2023-07-04,11080.64,11133.45,11055.26,11130.3,399028776.0,542152776790.04
2023-07-05,11129.12,11129.12,11014.39,11029.3,386448219.0,516551920454.21
2023-07-06,11001.87,11072.07,10954.15,10968.37,378440662.0,499010076468.03
2023-07-07,10939.29,10949.98,10852.96,10888.55,384314196.0,486201449555.9
2023-07-10,10926.36,10995.8,10901.84,10942.83,344173873.0,449907660445.61
2023-07-11,10953.88,11030.19,10933.23,11028.68,350924413.0,463666668513.06
2023-07-12,11020.36,11029.29,10905.85,10919.26,415862790.0,546484889072.86
2023-07-13,10963.23,11103.08,10963.23,11095.44,395940516.0,547550132585.81
2023-07-14,11108.92,11120.19,11069.32,11080.32,401616163.0,554237629720.02
2023-07-17,11039.13,11039.13,10963.47,11010.36,363505431.0,480502002955.16
2023-07-18,11030.98,11032.12,10947.51,10972.96,362488646.0,469796927661.2
2023-07-19,10959.04,10992.69,10876.96,10932.65,328058683.0,421248406462.87
2023-07-20,10947.63,10998.07,10804.35,10816.27,386132068.0,483243978614.73
2023-07-21,10801.34,10886.73,10775.35,10810.18,372200416.0,430283899377.1
2023-07-24,10771.64,10837.98,10730.94,10747.79,353654310.0,398804341435.05
2023-07-25,10909.19,11021.93,10909.19,11021.29,438411551.0,537275457925.09
2023-07-26,11001.86,11001.86,10942.41,10968.98,415177961.0,463851007957.75
2023-07-27,10985.58,11024.01,10904.74,10923.77,419988952.0,447874313722.73
2023-07-28,10895.48,11120.59,10877.4,11100.4,469495575.0,511383113919.12
2023-07-31,11158.72,11289.16,11153.72,11183.91,534958540.0,593689024829.04
2023-08-01,11168.5,11211.68,11102.84,11143.23,480961382.0,515654864772.43
2023-08-02,11120.86,11176.94,11073.23,11104.16,428488637.0,447062408029.06
2023-08-03,11067.75,11164.76,11067.29,11163.42,415941239.0,443344550568.47
2023-08-04,11229.46,11305.5,11185.9,11238.06,486043734.0,551972086950.54
2023-08-07,11207.58,11207.58,11113.14,11145.03,416526633.0,497019702510.52
2023-08-08,11126.69,11156.21,11075.45,11098.45,379190258.0,443144463019.48
2023-08-09,11068.53,11096.93,11023.37,11039.45,359384012.0,426798581781.91
2023-08-10,11023.24,11060.47,10974.5,11050.22,322373155.0,386871601708.37
2023-08-11,11060.85,11060.85,10808.87,10808.87,371809334.0,424303880914.13
2023-08-14,10697.81,10763.3,10607.71,10755.14,345682092.0,419328589694.02
2023-08-15,10764.8,10780.52,10589.85,10679.73,332540167.0,405668296583.24
2023-08-16,10640.13,10686.92,10579.47,10579.56,333977652.0,400622307635.19
2023-08-17,10540.44,10656.83,10469.79,10644.52,349464108.0,419033826030.4
2023-08-18,10637.68,10655.61,10458.51,10458.51,363919164.0,424224876266.88
2023-08-21,10432.95,10482.11,10320.39,10320.39,321541144.0,384541011556.21
2023-08-22,10376.86,10409.43,10198.01,10374.73,386555816.0,469741718331.55
2023-08-23,10351.7,10351.7,10151.82,10152.6,336884785.0,407929683840.21
2023-08-24,10203.14,10341.86,10153.44,10256.19,366989479.0,453283452492.46
2023-08-25,10197.96,10212.65,10091.86,10130.47,387522508.0,448534888062.6
2023-08-28,10714.69,10714.69,10204.98,10233.15,529252226.0,609414535381.43
2023-08-29,10204.25,10496.62,10200.85,10454.98,507722442.0,593126465584.35
2023-08-30,10477.64,10569.55,10446.46,10482.5,475830316.0,569619932988.64
2023-08-31,10471.99,10483.09,10405.96,10418.21,401930565.0,466692822660.87
2023-09-01,10449.6,10513.42,10429.59,10463.74,359933710.0,410622387826.64
2023-09-04,10520.46,10611.74,10473.19,10611.74,416166023.0,480361264665.84
2023-09-05,10593.68,10611.44,10522.89,10540.71,386458929.0,461095800942.52
2023-09-06,10503.15,10531.29,10449.16,10515.21,373872507.0,447278746846.37
2023-09-07,10493.37,10493.37,10321.38,10321.44,388462857.0,449647709435.51
2023-09-08,10284.48,10319.84,10233.71,10281.88,343406846.0,411802523005.4
2023-09-11,10290.81,10443.0,10256.23,10382.38,394108676.0,489275538043.14
2023-09-12,10376.16,10421.56,10349.33,10373.99,343766526.0,426410705039.47
2023-09-13,10351.79,10373.15,10200.7,10255.87,356913267.0,416172855894.17
2023-09-14,10243.24,10252.02,10154.64,10197.59,335577118.0,384223741432.58
2023-09-15,10213.61,10241.88,10115.28,10144.59,332213315.0,395642647116.69
2023-09-18,10111.67,10253.49,10093.47,10200.04,335342467.0,398900705833.94
2023-09-19,10185.07,10185.07,10082.67,10125.73,316898270.0,360902289134.87
2023-09-20,10110.41,10123.69,10072.46,10072.46,294836646.0,330242547943.82
2023-09-21,10050.48,10087.03,9981.52,9981.67,297047726.0,335490145946.7
2023-09-22,9975.37,10183.93,9962.94,10178.74,367443054.0,444014591054.19
2023-09-25,10181.18,10181.18,10105.21,10120.62,344715140.0,423275869419.95
2023-09-26,10110.06,10146.89,10060.15,10060.15,315562062.0,395614576865.92
2023-09-27,10057.99,10185.02,10057.17,10104.32,345305831.0,423112882573.55
2023-09-28,10131.66,10155.03,10085.09,10109.53,352561576.0,428793641068.85
2023-10-09,10095.71,10139.49,9991.17,10106.96,386367546.0,467325974770.96
2023-10-10,10133.02,10159.47,10044.67,10050.04,396909717.0,481015828304.7
2023-10-11,10088.14,10164.07,10058.33,10084.89,408425377.0,512172676777.49
2023-10-12,10145.49,10174.23,10097.11,10168.49,403711652.0,505430976965.29
2023-10-13,10110.38,10110.38,10028.74,10068.28,407535134.0,498900705713.87
2023-10-16,10065.07,10065.97,9889.66,9924.92,425465447.0,498543938096.62
2023-10-17,9944.68,9958.98,9888.09,9940.22,377328276.0,435335290561.94
2023-10-18,9914.02,9914.02,9809.37,9816.68,392406577.0,456343828285.14
2023-10-19,9757.19,9784.53,9654.97,9655.09,394225852.0,457615135766.53
2023-10-20,9605.29,9665.81,9554.63,9570.36,368151526.0,424332538845.63
2023-10-23,9552.55,9552.55,9373.76,9425.98,383207568.0,417090860612.79
2023-10-24,9458.33,9523.9,9380.79,9483.9,401263786.0,464159717150.54
2023-10-25,9573.67,9617.67,9524.82,9528.31,440145243.0,510929773543.08
2023-10-26,9470.49,9571.16,9432.84,9566.1,435715343.0,510189439761.19
2023-10-27,9535.65,9805.7,9513.32,9770.84,477342878.0,578695625116.07
2023-10-30,9759.22,9952.43,9759.17,9927.99,491233276.0,598518490051.0
2023-10-31,9924.72,9927.45,9814.98,9863.8,454253177.0,532043957570.38
2023-11-01,9897.93,9901.37,9808.4,9826.73,407684068.0,464810907937.86
2023-11-02,9842.56,9879.27,9733.39,9734.77,403065578.0,454843216308.09
2023-11-03,9747.82,9886.86,9747.82,9853.89,409513449.0,480246665463.4
2023-11-06,9922.45,10080.0,9922.45,10071.56,514754838.0,616550311070.05
2023-11-07,10047.14,10088.08,10000.55,10056.49,489682907.0,591933989903.59
2023-11-08,10032.24,10101.55,9986.84,10052.09,516342272.0,621326423738.09
2023-11-09,10037.56,10100.0,10004.06,10032.09,467089940.0,573888744682.06
2023-11-10,9987.46,9997.78,9939.1,9978.54,392883742.0,480532950126.92
2023-11-13,10012.85,10033.51,9936.71,9988.83,423998041.0,524462039260.61
2023-11-14,9988.51,10056.86,9963.55,10005.56,444452183.0,535239000562.05
2023-11-15,10111.83,10122.2,10048.46,10077.96,477666773.0,600546928290.03
2023-11-16,10053.8,10064.91,9954.4,9954.4,426727263.0,521282823959.21
2023-11-17,9924.16,9980.38,9914.48,9979.69,417396484.0,498076822965.04
2023-11-20,9986.92,10050.83,9924.44,10022.7,463814124.0,560232951489.38
2023-11-21,10050.48,10113.19,9981.11,9997.09,530720034.0,606515259423.16
2023-11-22,9957.54,9975.09,9855.66,9855.66,482185378.0,545051033886.43
2023-11-23,9846.68,9938.84,9814.17,9933.02,448452443.0,508590880024.1
2023-11-24,9932.97,9932.97,9816.28,9839.52,448224234.0,501783839703.64
2023-11-27,9829.55,9829.55,9736.78,9785.57,416126766.0,478095879614.88
2023-11-28,9781.54,9835.14,9742.01,9833.46,384726645.0,455463963954.23
2023-11-29,9826.01,9827.74,9733.32,9744.39,387062917.0,452910473468.01
2023-11-30,9728.38,9768.9,9677.77,9726.92,383679951.0,446730903502.74
2023-12-01,9723.93,9752.02,9624.92,9720.57,417748049.0,498585865737.18
2023-12-04,9715.47,9736.11,9660.44,9660.44,416813218.0,506888133576.07
2023-12-05,9628.28,9628.28,9470.36,9470.36,403217089.0,482035889170.06
2023-12-06,9451.16,9599.58,9446.88,9533.25,402669613.0,480819528118.23
2023-12-07,9518.45,9561.98,9456.98,9519.91,393251788.0,472176918622.68
2023-12-08,9531.05,9592.92,9500.81,9553.92,436426899.0,538252150960.41
2023-12-11,9496.46,9649.87,9406.7,9632.61,421472939.0,506145969508.14
2023-12-12,9616.13,9648.97,9593.35,9625.26,376206631.0,454324857106.94
2023-12-13,9606.48,9606.48,9476.62,9476.62,367340980.0,437067128806.55
2023-12-14,9527.42,9578.6,9413.81,9417.97,366225612.0,424317999599.11
2023-12-15,9449.89,9507.43,9368.47,9385.33,359457507.0,411123703234.46
2023-12-18,9346.95,9376.67,9258.96,9279.39,353528303.0,387729425322.15
2023-12-19,9270.2,9331.99,9225.01,9289.34,317948961.0,359542447337.8
2023-12-20,9303.09,9310.86,9158.44,9158.44,324051149.0,372789942150.74
2023-12-21,9122.41,9286.07,9106.15,9257.09,361685200.0,416543193696.64
2023-12-22,9247.07,9331.12,9186.03,9221.31,396024291.0,451945061341.48
2023-12-25,9200.65,9268.27,9200.65,9256.28,312079626.0,346625188374.16
2023-12-26,9248.07,9248.49,9124.81,9157.25,313615981.0,349655025854.63
2023-12-27,9170.26,9211.42,9121.17,9191.74,328074139.0,357786160671.23
2023-12-28,9182.85,9476.8,9166.58,9441.05,410934104.0,491969686954.98
2023-12-29,9434.58,9534.68,9427.92,9524.69,394147518.0,473608947014.95
2024-01-02,9527.11,9527.11,9401.35,9401.35,385969543.0,441826397276.52
2024-01-03,9378.69,9405.09,9280.82,9330.86,366813901.0,416452702082.51
2024-01-04,9317.4,9317.4,9171.13,9215.25,330572265.0,377140370113.25
2024-01-05,9205.39,9275.23,9074.93,9116.44,365840004.0,410386979251.81
2024-01-08,9095.71,9119.12,8947.72,8947.72,338193163.0,366871509525.09
2024-01-09,8960.97,9042.45,8912.03,8971.72,349254805.0,379819298644.8
2024-01-10,8938.45,9035.19,8857.97,8922.79,340941630.0,365827057849.32
2024-01-11,8918.23,9099.22,8898.2,9053.88,379854423.0,413523453252.41
2024-01-12,9026.74,9095.61,8995.41,8996.26,372243759.0,393788411701.26
2024-01-15,8957.72,9045.55,8912.45,8963.93,321736818.0,341693774141.21
2024-01-16,8946.93,9002.34,8871.19,8992.07,367278110.0,383997197945.63
2024-01-17,8968.53,8968.53,8759.76,8759.76,335603510.0,354455914268.81
2024-01-18,8706.14,8858.4,8585.2,8847.0,443596679.0,464080667781.7
2024-01-19,8821.77,8890.12,8771.58,8787.02,334078648.0,369892376990.57
2024-01-22,8769.39,8769.39,8430.61,8479.55,419979420.0,434149104401.1
2024-01-23,8465.0,8638.9,8402.06,8596.28,378235429.0,392050613597.49
2024-01-24,8633.17,8693.08,8404.07,8682.19,408086012.0,409638474030.55
2024-01-25,8661.45,8858.21,8621.18,8856.22,434981714.0,453753233021.68
2024-01-26,8809.76,8859.63,8746.1,8762.33,411948466.0,426293465213.55
2024-01-29,8775.38,8800.64,8581.76,8581.76,394325662.0,408207940080.44
2024-01-30,8523.74,8579.59,8370.06,8375.98,338726319.0,334386095324.7
2024-01-31,8340.72,8408.67,8208.45,8212.84,431254597.0,402618307452.39
2024-02-01,8172.81,8371.38,8134.81,8240.48,397246425.0,365451472785.91
2024-02-02,8239.5,8300.75,7840.62,8055.77,468595116.0,413026082177.19
2024-02-05,7987.34,8171.77,7683.63,7964.71,537044651.0,452502742925.33
2024-02-06,7886.32,8471.28,7880.4,8460.38,592075926.0,485109902975.37
2024-02-07,8464.87,8724.17,8445.71,8708.24,616780240.0,526013314780.01
2024-02-08,8750.54,8975.05,8742.95,8820.6,626414268.0,534522708239.7
2024-02-19,8957.28,8957.28,8797.46,8902.33,557365101.0,515139483403.65
2024-02-20,8857.5,8919.81,8798.43,8905.96,441775863.0,432390342915.05
2024-02-21,8829.7,9130.03,8798.37,8975.97,543634896.0,529328781472.55
2024-02-22,8971.44,9050.27,8946.24,9043.75,458089490.0,457124201174.24
2024-02-23,9074.61,9077.56,8971.34,9069.42,520275041.0,523724591588.91
2024-02-26,9070.22,9154.6,9023.33,9066.09,558701304.0,561535478988.61
2024-02-27,9032.26,9269.57,9016.61,9269.57,533396102.0,577389504457.03
2024-02-28,9293.15,9391.52,9047.1,9047.1,766864112.0,780099170769.04
2024-02-29,9001.28,9334.94,9001.28,9330.44,565455992.0,599849958734.53
2024-03-01,9345.74,9452.63,9298.16,9434.75,539671125.0,612260432146.35
2024-03-04,9456.37,9486.7,9359.84,9438.24,530099408.0,615375587092.34
2024-03-05,9371.94,9448.73,9344.45,9416.8,511035319.0,608149760358.59
2024-03-06,9366.71,9487.19,9309.84,9395.65,466361056.0,530447564736.88
2024-03-07,9398.05,9454.54,9267.12,9267.12,511178101.0,558270858894.98
2024-03-08,9281.61,9386.75,9230.06,9369.05,435687361.0,489979325214.34
2024-03-11,9369.65,9581.66,9363.41,9581.53,492214428.0,577960575961.01
2024-03-12,9603.45,9649.74,9535.21,9630.55,565737507.0,650816829416.23
2024-03-13,9640.09,9674.14,9568.88,9604.99,527631404.0,612318352587.96
2024-03-14,9598.42,9675.47,9489.02,9555.42,509058042.0,570907335138.02
2024-03-15,9532.42,9616.49,9455.51,9612.75,476506835.0,538637335227.02
2024-03-18,9665.07,9752.83,9646.21,9752.83,562355130.0,652383878051.95
2024-03-19,9723.4,9785.1,9696.69,9696.69,534551978.0,631009846323.79
2024-03-20,9669.7,9725.31,9654.53,9717.37,511389022.0,592551703425.25
2024-03-21,9736.23,9758.33,9663.49,9682.51,558907398.0,630132949195.76
2024-03-22,9659.88,9680.21,9505.99,9565.56,565281972.0,640543546577.02
2024-03-25,9538.35,9601.84,9421.08,9422.61,527558320.0,599961542394.18
2024-03-26,9413.26,9490.75,9366.0,9449.43,485153702.0,559618409849.52
2024-03-27,9437.56,9437.67,9222.47,9222.47,467833994.0,512616683660.56
2024-03-28,9221.53,9440.31,9221.53,9342.92,480632717.0,539328573376.13
2024-03-29,9335.11,9400.85,9304.76,9400.85,450746608.0,494023054769.66
2024-04-01,9451.73,9647.07,9451.73,9647.07,517323806.0,578434301053.56
2024-04-02,9633.97,9633.97,9546.47,9586.95,530838772.0,570946741251.64
2024-04-03,9564.65,9575.56,9508.65,9544.77,493831835.0,525235045441.36
2024-04-08,9512.6,9525.95,9393.61,9394.61,481052348.0,509564325281.7
2024-04-09,9386.8,9449.65,9352.35,9448.98,413718828.0,448514601616.47
2024-04-10,9425.8,9425.8,9243.8,9297.96,444036698.0,465276841750.36
2024-04-11,9234.92,9378.43,9233.27,9300.77,418938910.0,448653002672.54
2024-04-12,9301.08,9343.18,9212.6,9228.23,416535603.0,447058529808.69
2024-04-15,9228.14,9407.07,9189.96,9369.7,545699162.0,537297950908.72
2024-04-16,9312.49,9341.97,9148.82,9155.07,535620248.0,511958060396.25
2024-04-17,9180.51,9381.77,9180.51,9381.77,509475898.0,502214816989.59
2024-04-18,9336.73,9477.13,9299.33,9376.81,483751481.0,508191179306.55
2024-04-19,9316.98,9351.96,9220.64,9279.46,439773631.0,463720868186.3
2024-04-22,9228.18,9327.59,9212.28,9239.14,416965980.0,439878814197.93
2024-04-23,9231.9,9269.71,9147.95,9183.14,396459070.0,426693435494.59
2024-04-24,9186.19,9254.65,9135.58,9251.13,419821151.0,460189348801.01
2024-04-25,9204.79,9329.41,9198.32,9264.48,421472888.0,458498057872.3
2024-04-26,9258.49,9471.29,9258.49,9463.91,542141711.0,602218160034.82
2024-04-29,9479.6,9718.36,9479.6,9673.76,583038158.0,656212223690.1
2024-04-30,9647.06,9662.56,9587.08,9587.12,526973891.0,556846038511.44
2024-05-06,9735.88,9804.2,9732.69,9779.21,527113641.0,591203235531.16
2024-05-07,9778.16,9804.76,9743.19,9770.94,497701957.0,541742341324.15
2024-05-08,9743.87,9743.87,9633.7,9638.82,463496548.0,497163155055.69
2024-05-09,9648.22,9805.12,9648.22,9788.07,453844910.0,502136810630.47
2024-05-10,9788.83,9805.92,9670.89,9731.24,472813779.0,505824672539.87
2024-05-13,9659.64,9720.48,9605.18,9673.32,449470772.0,483756728309.67
2024-05-14,9689.55,9736.28,9633.8,9668.73,429648085.0,454492183881.69
2024-05-15,9648.43,9659.03,9577.21,9583.54,419362259.0,428065543985.09
2024-05-16,9614.73,9668.85,9582.22,9604.13,460033335.0,470285318546.32
2024-05-17,9590.39,9709.42,9563.47,9709.42,485312038.0,497791150309.84
2024-05-20,9710.2,9779.36,9701.85,9750.82,526111086.0,546626812572.02
2024-05-21,9721.72,9730.28,9649.15,9681.66,445115486.0,452661450066.18
2024-05-22,9674.5,9709.0,9643.87,9693.05,439497774.0,467146384188.68
2024-05-23,9667.18,9672.18,9520.21,9541.64,469398437.0,491013757759.3
2024-05-24,9508.85,9578.73,9421.55,9424.58,414778015.0,441175644590.85
2024-05-27,9444.23,9511.14,9375.52,9507.75,412785603.0,429422966332.81
2024-05-28,9489.08,9494.77,9385.44,9391.05,408127396.0,420739719534.15
2024-05-29,9387.65,9460.63,9379.3,9414.98,402079742.0,410878750669.55
2024-05-30,9395.79,9441.49,9366.13,9384.72,396330055.0,404813032382.77
2024-05-31,9388.27,9455.33,9364.38,9364.38,397055459.0,413836989185.45
2024-06-03,9358.59,9422.07,9307.92,9370.5,447810013.0,463090357311.2
2024-06-04,9350.83,9486.74,9327.83,9469.32,416040950.0,420123243488.89
2024-06-05,9450.07,9509.78,9393.61,9393.61,392500752.0,388856345878.1
2024-06-06,9417.93,9446.88,9313.88,9340.01,497858822.0,474615120976.94
2024-06-07,9343.8,9366.34,9181.89,9255.68,392337786.0,397920913934.37
2024-06-11,9198.54,9282.71,9166.47,9262.35,353804958.0,370244589284.23
2024-06-12,9244.31,9299.36,9243.73,9269.94,357999094.0,379861946130.03
2024-06-13,9281.05,9296.37,9190.88,9206.24,376742660.0,415611533725.83
2024-06-14,9177.41,9265.97,9138.32,9252.25,393204146.0,451900233046.39
2024-06-17,9209.46,9298.01,9202.17,9281.25,358288451.0,413460399730.88
2024-06-18,9278.28,9329.99,9276.44,9318.47,386563637.0,419713265929.17
2024-06-19,9324.88,9325.85,9218.91,9219.07,362994751.0,404459133589.69
2024-06-20,9201.35,9225.02,9066.05,9068.85,386167978.0,400291899946.42
2024-06-21,9041.44,9100.83,9008.34,9064.84,324515746.0,339322141327.45
2024-06-24,9004.85,9030.71,8916.46,8924.17,375690039.0,377016893326.4
2024-06-25,8911.9,8948.22,8797.05,8850.29,347178356.0,351626020544.72
2024-06-26,8838.0,9001.03,8811.36,8987.3,370938431.0,367170196970.59
2024-06-27,8944.73,8947.96,8844.87,8849.7,350713636.0,359652055123.83
2024-06-28,8814.93,8960.96,8814.93,8848.7,370471251.0,389910206943.29
2024-07-01,8835.16,8914.2,8771.01,8899.17,348699724.0,363749256106.49
2024-07-02,8886.09,8895.55,8789.28,8812.67,370677177.0,362094473545.84
2024-07-03,8808.37,8827.09,8734.72,8760.43,344268995.0,322541186184.98
2024-07-04,8775.84,8821.0,8670.34,8673.83,353033943.0,324134124200.9
2024-07-05,8664.8,8719.71,8573.76,8695.55,317009144.0,303341328032.07
2024-07-08,8675.97,8675.97,8539.42,8561.95,331066452.0,311138567455.62
2024-07-09,8548.16,8733.87,8513.17,8705.94,397419544.0,404092547640.71
2024-07-10,8672.33,8762.77,8664.92,8697.22,355885861.0,371561987116.8
2024-07-11,8800.39,8890.76,8746.9,8870.36,424940477.0,449363331970.89
2024-07-12,8831.68,8885.36,8814.09,8854.08,367477015.0,384415596982.47
2024-07-15,8825.47,8834.03,8780.75,8801.62,332093974.0,333441871146.37
2024-07-16,8783.35,8881.77,8780.09,8877.02,324558547.0,361587190878.38
2024-07-17,8860.75,8884.79,8809.13,8835.14,338590500.0,369626699300.61
2024-07-18,8760.66,8880.44,8730.98,8879.33,341554776.0,370967712429.99
2024-07-19,8826.64,8932.08,8820.09,8903.23,316937938.0,350733285358.81
2024-07-22,8908.21,8925.44,8823.78,8869.82,317628061.0,340102151205.83
2024-07-23,8862.94,8862.94,8606.58,8606.58,352207187.0,354993771554.18
2024-07-24,8582.63,8640.33,8469.88,8493.1,343869450.0,338552788324.67
2024-07-25,8443.44,8524.81,8428.75,8474.7,309849711.0,315353159191.24
2024-07-26,8512.79,8617.65,8512.79,8597.17,329209892.0,330665818674.6
2024-07-29,8589.28,8589.28,8510.49,8514.65,324846418.0,325844608489.65
2024-07-30,8482.17,8488.52,8416.6,8468.58,342191575.0,329999501700.62
2024-07-31,8446.5,8754.93,8444.15,8754.09,490100422.0,484430145872.12
2024-08-01,8767.33,8799.09,8656.95,8673.58,428500083.0,429663281029.85
2024-08-02,8599.06,8697.49,8542.39,8553.55,419216271.0,407442285347.25
2024-08-05,8475.45,8646.86,8395.04,8395.05,457625392.0,433619549453.35
2024-08-06,8481.73,8525.72,8388.26,8463.86,400614561.0,358354485208.25
2024-08-07,8450.49,8505.13,8416.25,8449.58,355476030.0,328241148374.66
2024-08-08,8415.08,8514.67,8361.58,8446.21,389688600.0,348767350448.99
2024-08-09,8486.42,8527.64,8393.7,8393.7,371027039.0,310192845502.81
2024-08-12,8386.83,8419.7,8354.42,8373.47,338336032.0,278254690453.38
2024-08-13,8372.71,8409.24,8327.35,8409.22,309201590.0,266414003766.86
2024-08-14,8403.48,8403.48,8311.0,8311.0,311360593.0,269995914317.74
2024-08-15,8292.2,8439.69,8288.71,8370.12,402346457.0,336535483466.87
2024-08-16,8377.95,8408.39,8339.58,8349.87,397382325.0,347548660596.95
2024-08-19,8341.83,8437.88,8341.1,8356.9,373962413.0,327622468203.3
2024-08-20,8363.87,8367.38,8233.07,8252.87,384352366.0,320474631172.27
2024-08-21,8221.35,8297.1,8213.09,8229.75,344005680.0,299645618264.7
2024-08-22,8234.28,8247.95,8151.63,8162.18,361758836.0,319029043133.02
2024-08-23,8134.4,8207.59,8133.57,8181.92,343813745.0,295643540715.81
2024-08-26,8194.94,8225.99,8163.88,8194.65,342678353.0,309718933588.05
2024-08-27,8161.68,8168.04,8084.04,8103.76,336850152.0,295770774377.75
2024-08-28,8071.86,8098.31,8036.4,8078.82,328858698.0,282744362220.49
2024-08-29,8030.74,8191.37,8028.37,8154.44,376828401.0,349603401970.46
2024-08-30,8152.81,8453.66,8152.81,8348.48,521026374.0,492495772884.62
2024-09-02,8331.46,8340.38,8172.21,8172.21,433096103.0,390919821376.47
2024-09-03,8157.44,8294.77,8157.44,8268.05,370283733.0,327818301665.49
2024-09-04,8207.28,8297.82,8189.53,8226.24,362368388.0,324668079563.04
2024-09-05,8224.51,8297.94,8220.55,8249.66,347575088.0,307323902523.62
2024-09-06,8252.01,8260.69,8128.77,8130.77,363787772.0,314062276972.57
2024-09-09,8086.28,8129.54,8023.37,8063.27,331119432.0,282030698182.15
2024-09-10,8064.4,8113.69,7973.79,8073.83,347495378.0,301239631984.29
2024-09-11,8052.25,8139.7,8031.95,8105.38,310017367.0,279800064132.77
2024-09-12,8122.77,8176.05,8053.88,8054.24,336517413.0,296996277138.84
2024-09-13,8054.43,8084.35,7983.55,7983.55,348220225.0,296940694519.37
2024-09-18,7975.19,8017.38,7908.52,7992.25,333544741.0,266237690153.57
2024-09-19,8015.39,8161.22,7950.7,8087.6,413701487.0,346464780203.16
2024-09-20,8079.76,8092.5,8014.5,8075.14,383370727.0,319314897331.08
2024-09-23,8071.99,8163.1,8054.59,8083.38,365656010.0,315787407886.63
2024-09-24,8148.17,8435.71,8083.3,8435.7,586812555.0,528547322749.47
2024-09-25,8555.72,8738.41,8525.75,8537.73,715847818.0,640673015520.88
2024-09-26,8524.19,8916.8,8505.64,8916.65,704842995.0,637766326736.9
2024-09-27,9100.77,9619.77,9100.77,9514.86,948836540.0,965392383997.23
2024-09-30,9950.65,10556.93,9829.43,10529.76,1324000530.0,1425264091627.25
2024-10-08,11864.11,11864.11,10834.5,11495.1,1587911800.0,1941425791423.9
2024-10-09,11158.99,11295.1,10516.67,10557.81,1274221570.0,1675510926508.27
2024-10-10,10609.47,10823.37,10310.39,10471.08,963573285.0,1195200766242.09
2024-10-11,10366.57,10378.46,9935.82,10060.74,767945007.0,907687463372.54
2024-10-14,10118.38,10361.69,9966.99,10327.4,767864733.0,933486093609.13
2024-10-15,10286.24,10424.14,10066.52,10066.52,800992337.0,1015688650868.65
2024-10-16,9898.13,10112.79,9890.9,9965.02,701238164.0,842310229788.91
2024-10-17,10034.41,10123.22,9887.94,9891.76,759583001.0,933912619631.58
2024-10-18,9868.85,10607.81,9865.87,10357.68,953743093.0,1269726757123.67
2024-10-21,10441.87,10636.16,10331.79,10470.91,965002626.0,1328206164127.6
2024-10-22,10459.16,10604.78,10409.68,10559.51,927985357.0,1213666459406.27
2024-10-23,10536.9,10721.37,10479.22,10576.41,920607939.0,1166793703423.91
2024-10-24,10508.65,10533.84,10404.83,10441.75,749272422.0,935287277588.75
2024-10-25,10470.07,10733.07,10460.93,10619.85,865421055.0,1094882473771.23
2024-10-28,10617.9,10685.89,10519.48,10685.89,958674133.0,1145396320939.61
2024-10-29,10706.02,10729.57,10536.81,10543.33,1033067513.0,1255535897007.57
2024-10-30,10488.23,10596.22,10426.74,10530.85,931733214.0,1116035280270.08
2024-10-31,10535.41,10693.84,10458.85,10591.22,1103094720.0,1352352747322.43
2024-11-01,10563.84,10629.81,10417.98,10455.5,1184720290.0,1352275455389.81
2024-11-04,10457.89,10663.1,10457.89,10663.1,826549024.0,1001563840428.91
2024-11-05,10653.2,11030.62,10609.81,11006.94,1077408889.0,1373699162243.14
2024-11-06,11024.0,11177.69,10896.32,10968.14,1214767757.0,1536034646514.01
2024-11-07,10852.12,11235.92,10839.94,11235.92,1222513448.0,1456235718184.71
2024-11-08,11374.2,11410.98,11135.33,11161.7,1253432816.0,1573593148862.69
2024-11-11,11087.41,11390.48,11071.65,11388.57,1121880894.0,1483392842522.71
2024-11-12,11430.22,11560.35,11210.95,11314.46,1138974930.0,1511118660209.21
2024-11-13,11231.73,11380.5,11143.34,11359.29,911863787.0,1179810560593.56
2024-11-14,11333.4,11335.36,11023.74,11037.78,838967422.0,1075621868087.69
2024-11-15,10983.54,11065.42,10748.97,10748.97,842984455.0,1080599719063.02
2024-11-18,10774.44,10816.51,10478.27,10544.02,871803471.0,1001885166555.6
2024-11-19,10559.33,10748.6,10427.94,10743.84,770721452.0,906518949437.29
2024-11-20,10709.92,10875.45,10692.56,10827.19,816356779.0,986404104271.68
2024-11-21,10787.93,10867.41,10739.28,10819.88,818375765.0,996798121774.85
2024-11-22,10785.52,10836.69,10438.72,10438.72,925948280.0,1082058067701.44
2024-11-25,10462.44,10505.24,10282.5,10420.52,770226267.0,893690967762.88
2024-11-26,10387.0,10480.96,10330.45,10333.23,711832135.0,795484175909.8
2024-11-27,10284.72,10566.1,10202.23,10566.1,795571296.0,887125205578.32
2024-11-28,10560.41,10581.59,10416.33,10432.54,850887877.0,932295840485.22
2024-11-29,10406.08,10727.08,10406.08,10611.72,892157879.0,1044492312250.99
2024-12-02,10595.47,10777.69,10583.72,10756.55,937523184.0,1077203653440.68
2024-12-03,10757.49,10761.44,10625.48,10713.58,939709022.0,1031925156819.96
2024-12-04,10700.06,10717.56,10556.6,10604.01,930816503.0,1009658110991.43
2024-12-05,10565.03,10674.77,10565.03,10634.49,844663661.0,933068980436.09
2024-12-06,10642.89,10860.25,10618.76,10791.34,1029340329.0,1102866354631.12
2024-12-09,10780.98,10821.51,10668.33,10731.66,955155947.0,985064287388.79
2024-12-10,11124.78,11134.55,10792.01,10812.58,1171388026.0,1339737614620.76
2024-12-11,10781.1,10884.06,10781.08,10848.42,1012272835.0,1083447077126.02
2024-12-12,10846.54,10967.28,10813.79,10957.13,1040587050.0,1132740374453.27
2024-12-13,10876.19,10876.19,10709.14,10713.07,1075547182.0,1218512329521.36
2024-12-16,10705.52,10721.71,10535.53,10573.92,922676962.0,1024563635124.37
2024-12-17,10557.23,10677.74,10526.26,10537.43,858140532.0,925567807733.41
2024-12-18,10561.94,10639.77,10535.76,10584.27,740846622.0,820732340344.47
2024-12-19,10483.5,10673.96,10460.2,10649.03,760693343.0,884957667134.26
2024-12-20,10631.44,10731.08,10618.79,10646.62,732375378.0,918303558422.87
2024-12-23,10650.58,10708.82,10527.15,10537.4,795687830.0,907671813698.32
2024-12-24,10548.15,10673.34,10548.15,10671.43,664977041.0,776807907609.64
2024-12-25,10675.73,10677.65,10544.88,10603.1,667963062.0,759136338914.29
2024-12-26,10586.96,10692.89,10570.09,10673.97,593997427.0,753522611377.56
2024-12-27,10679.34,10780.53,10632.53,10659.98,679934588.0,847760350853.65
2024-12-30,10644.15,10726.66,10632.74,10671.16,609052769.0,753918099057.28
2024-12-31,10668.17,10678.77,10414.61,10414.61,646653009.0,783178607372.03
2025-01-02,10400.66,10409.61,10006.56,10088.06,681116709.0,793191277013.99
2025-01-03,10097.93,10139.99,9891.84,9897.12,685235257.0,744702909994.87
2025-01-06,9890.98,9975.99,9817.75,9885.65,586235483.0,614445158398.21
2025-01-07,9860.58,10000.34,9822.0,9998.76,588919068.0,640248820159.66
2025-01-08,9940.2,10016.22,9731.44,9944.64,683561380.0,734817586317.91
2025-01-09,9906.91,10021.94,9901.63,9976.0,605202921.0,677482470748.08
2025-01-10,9957.83,10004.06,9795.94,9795.94,616360985.0,682335422569.94
2025-01-13,9697.45,9866.36,9693.8,9796.18,504800436.0,554603230733.74
2025-01-14,9822.35,10178.67,9788.76,10165.17,690716455.0,811716723384.93
2025-01-15,10139.78,10147.26,10038.3,10060.13,626573130.0,722613426980.28
2025-01-16,10110.41,10249.62,10011.17,10101.1,679618814.0,774747271935.81
2025-01-17,10059.99,10227.71,10059.16,10161.32,576214409.0,678981034542.05
2025-01-20,10240.71,10333.16,10225.34,10256.4,587735780.0,713186939974.26
2025-01-21,10323.12,10325.69,10205.99,10305.69,597396789.0,736974131772.45
2025-01-22,10263.04,10272.59,10162.0,10225.87,533432300.0,683542190444.62
2025-01-23,10323.45,10411.47,10176.17,10176.17,648078886.0,815483915299.7
2025-01-24,10141.41,10315.37,10141.41,10292.73,589944330.0,741331577648.94
2025-01-27,10299.97,10329.61,10156.07,10156.07,532847418.0,667641130329.32
2025-02-05,10237.71,10241.37,10124.2,10164.22,583267745.0,768449245813.59
2025-02-06,10142.85,10393.63,10135.15,10393.63,710990134.0,944938901427.82
2025-02-07,10410.03,10666.74,10384.25,10576.0,887206131.0,1202631199833.84
2025-02-10,10608.61,10645.96,10532.12,10631.25,816427979.0,1053785768750.47
2025-02-11,10640.84,10640.84,10524.01,10557.62,770227173.0,1003780990776.22
2025-02-12,10529.41,10709.27,10513.23,10708.88,762335905.0,1029827484463.26
2025-02-13,10691.46,10739.51,10621.09,10626.62,839330516.0,1113993618441.91
2025-02-14,10616.02,10760.86,10616.02,10749.46,786380097.0,1047448093579.2
2025-02-17,10820.96,10829.82,10711.43,10791.06,867059291.0,1191361330338.81
2025-02-18,10781.2,10817.65,10577.08,10617.26,842171203.0,1102311658926.77
2025-02-19,10592.03,10774.02,10588.49,10772.65,750496631.0,1045873251680.33
2025-02-20,10765.95,10826.38,10726.53,10794.55,782577652.0,1086489113030.53
2025-02-21,10821.81,11003.95,10806.51,10991.37,907018647.0,1336950359477.25
2025-02-24,10995.26,11045.96,10909.37,10983.04,882712325.0,1277635672397.01
2025-02-25,10835.91,10964.67,10815.34,10854.5,812790464.0,1169252233272.85
2025-02-26,10870.73,10955.65,10831.11,10955.65,842153823.0,1190457443504.24
2025-02-27,10969.92,10999.48,10792.08,10927.51,894751209.0,1230525017854.91
2025-02-28,10861.82,10883.83,10583.71,10611.24,825580118.0,1108968938005.64
2025-03-03,10642.18,10803.67,10586.2,10649.59,725068982.0,980695622308.62
2025-03-04,10558.75,10688.53,10540.42,10679.44,635011280.0,866849634243.85
2025-03-05,10686.47,10718.69,10626.71,10709.46,668283361.0,906047047022.42
2025-03-06,10774.08,10924.22,10759.4,10898.75,820551027.0,1170018723514.49
2025-03-07,10858.78,10931.95,10798.19,10843.73,820368124.0,1130360435652.59
2025-03-10,10862.93,10896.11,10747.14,10825.7,674926263.0,910633461539.71
2025-03-11,10698.81,10861.16,10692.72,10861.16,670244772.0,889609924037.9
2025-03-12,10897.42,10939.57,10828.42,10843.23,756834239.0,1035254200469.59
2025-03-13,10830.11,10865.32,10677.84,10736.19,730316556.0,970516736841.47
2025-03-14,10741.52,10985.95,10737.63,10978.3,758213807.0,1041778692502.23
2025-03-17,11009.57,11015.47,10940.77,10957.82,701573927.0,933655218111.51
2025-03-18,10999.32,11041.41,10958.87,11014.75,670260918.0,933349997313.06
2025-03-19,11003.73,11030.19,10916.28,10979.05,658306055.0,906472303662.51
2025-03-20,10971.41,10973.14,10869.16,10879.49,660332778.0,875945195340.61
2025-03-21,10843.98,10898.26,10656.88,10687.55,737977425.0,927692315362.6
2025-03-24,10695.02,10723.75,10563.88,10695.49,731868308.0,863993868606.38
2025-03-25,10702.69,10735.55,10618.05,10649.08,602843294.0,741833982027.24
2025-03-26,10636.12,10703.04,10635.78,10643.82,562463497.0,669119730175.84
2025-03-27,10610.89,10745.09,10556.62,10668.1,573575592.0,694232398533.04
2025-03-28,10658.15,10688.05,10593.85,10607.33,550601537.0,650166739570.65
2025-03-31,10559.66,10609.77,10427.96,10504.33,566712756.0,690054229801.6
2025-04-01,10523.65,10581.98,10491.7,10503.66,505965713.0,632850855400.53
2025-04-02,10500.53,10573.01,10490.85,10513.12,459055451.0,562826586441.17
2025-04-03,10384.95,10481.6,10328.02,10365.73,522538634.0,651109936767.69
2025-04-07,9747.66,9831.63,9220.12,9364.5,729798956.0,852431714949.7
2025-04-08,9356.69,9505.64,9296.12,9424.68,818901453.0,895477031195.86
2025-04-09,9271.24,9591.81,9119.6,9539.89,872477165.0,944174886186.4
2025-04-10,9757.98,9884.24,9713.64,9754.64,797938784.0,927111334868.63
2025-04-11,9681.45,9909.56,9679.28,9834.44,637990027.0,767874017897.16
2025-04-14,9955.66,9964.73,9862.34,9884.3,630035329.0,733662247514.68
2025-04-15,9886.1,9895.45,9804.6,9858.1,544569537.0,620861217915.6
2025-04-16,9813.13,9814.5,9650.79,9774.73,555508748.0,622703442371.2
2025-04-17,9715.29,9828.92,9712.0,9759.05,493872134.0,556858435911.85
2025-04-18,9745.75,9798.43,9719.95,9781.65,486440347.0,534342502012.46
2025-04-21,9768.65,9913.09,9733.43,9905.53,533998892.0,612012816527.11
2025-04-22,9882.96,9914.47,9857.77,9870.05,569736692.0,637326686340.46
2025-04-23,9956.37,9990.03,9892.7,9935.8,621168380.0,743505156339.49
2025-04-24,9933.89,9969.97,9846.23,9878.32,579335115.0,674313083979.02
2025-04-25,9900.1,9976.77,9878.67,9917.06,582049703.0,668149455621.02
2025-04-28,9925.71,9926.9,9848.67,9855.2,556737815.0,614490372005.47
2025-04-29,9828.46,9882.54,9799.65,9849.8,508317399.0,591239110310.0
2025-04-30,9863.5,9925.87,9845.36,9899.82,559157909.0,663769896798.59
2025-05-06,9974.53,10082.34,9960.52,10082.34,634060070.0,784366185688.08
2025-05-07,10218.33,10248.98,10048.0,10104.13,709978551.0,873103395725.76
2025-05-08,10081.27,10222.81,10067.3,10197.66,639008261.0,791790953276.04
2025-05-09,10190.13,10190.13,10087.55,10126.83,600535347.0,727160070910.82
2025-05-12,10220.33,10302.05,10200.21,10301.16,595059405.0,786340324792.0
2025-05-13,10401.95,10401.95,10274.34,10288.08,613388689.0,784941212103.05
2025-05-14,10278.91,10418.44,10240.13,10354.22,622584786.0,781873182683.86
2025-05-15,10324.84,10324.84,10186.45,10186.45,571421816.0,691113043101.54
2025-05-16,10157.68,10217.91,10152.77,10179.6,541239329.0,653896066490.44
2025-05-19,10171.29,10184.4,10090.3,10171.09,553941510.0,649295736348.77
2025-05-20,10182.25,10273.59,10151.86,10249.17,599599479.0,719412151109.38
2025-05-21,10246.52,10325.93,10243.18,10294.22,579900581.0,707520849756.95
2025-05-22,10274.68,10283.29,10214.5,10219.62,557473920.0,664355148904.36
2025-05-23,10210.62,10294.57,10132.41,10132.41,562096510.0,687001322751.62
2025-05-26,10114.69,10142.94,10044.08,10091.16,484518140.0,609433795810.04
2025-05-27,10074.03,10076.88,9996.83,10029.11,498056374.0,604517403139.78
2025-05-28,10039.25,10058.13,9987.41,10003.27,535691921.0,620609249519.73
2025-05-29,10006.43,10139.18,10002.09,10127.2,612671249.0,731680602157.06
2025-05-30,10091.19,10099.15,10022.81,10040.63,596050824.0,695819645322.44
2025-06-03,10006.13,10088.19,10004.94,10057.17,560674156.0,673116542535.77
2025-06-04,10070.85,10158.02,10070.85,10144.58,588080192.0,706202700254.73
2025-06-05,10152.55,10220.3,10113.05,10203.5,629553207.0,792163814260.09
2025-06-06,10205.52,10223.56,10166.7,10183.7,563533703.0,699275374847.63
2025-06-09,10200.45,10280.83,10190.25,10250.14,615542721.0,774531408088.47
2025-06-10,10248.29,10256.85,10095.01,10162.18,711387442.0,857945116091.78
2025-06-11,10176.5,10295.4,10176.5,10246.02,615938135.0,753659809036.21
2025-06-12,10208.3,10263.46,10182.41,10234.33,605753084.0,770160430275.12
2025-06-13,10193.93,10215.54,10089.59,10122.11,698798231.0,861860263568.72
2025-06-16,10096.57,10173.06,10096.57,10163.55,568712565.0,733493561365.51
2025-06-17,10177.67,10198.98,10129.41,10151.43,597078587.0,749183713511.11
2025-06-18,10142.58,10190.04,10118.68,10175.59,587956237.0,750076595745.44
2025-06-19,10156.17,10181.97,10027.33,10051.97,610432160.0,777379097192.48
2025-06-20,10039.0,10084.1,9998.5,10005.03,516822516.0,656864779596.49
2025-06-23,9950.14,10064.75,9950.14,10048.39,538583381.0,679840129781.38
2025-06-24,10074.27,10224.12,10074.27,10217.63,667686293.0,869731745358.6
2025-06-25,10240.13,10403.51,10233.15,10393.72,722467354.0,982615273048.4
2025-06-26,10389.23,10440.73,10340.69,10343.48,721904766.0,980082935680.33
2025-06-27,10371.81,10455.51,10343.3,10378.55,699213591.0,935385167115.65
2025-06-30,10405.96,10470.24,10399.92,10465.12,676811123.0,919747265886.61
2025-07-01,10458.39,10483.33,10407.17,10476.29,695943293.0,912479261475.99
2025-07-02,10455.83,10455.83,10386.49,10412.63,678825874.0,833849924712.12
2025-07-03,10431.03,10546.74,10431.03,10534.58,639360247.0,809544553038.61
2025-07-04,10534.99,10610.5,10480.72,10508.76,667665464.0,861316252714.15
2025-07-07,10488.11,10501.31,10426.55,10435.51,578881971.0,732452711989.16
2025-07-08,10431.78,10593.84,10431.78,10588.39,666334799.0,886442571409.16
2025-07-09,10592.51,10656.58,10557.81,10581.8,703429755.0,909224442195.26
2025-07-10,10593.7,10667.41,10562.16,10631.13,702268358.0,881009191214.75
2025-07-11,10637.45,10757.24,10610.8,10696.1,743294396.0,958583794708.33
2025-07-14,10705.44,10715.07,10663.87,10684.52,647071650.0,835648432520.65
2025-07-15,10700.37,10784.97,10651.15,10744.56,726515143.0,965211745503.07
2025-07-16,10749.71,10804.18,10697.4,10720.81,616738927.0,869623405330.5
2025-07-17,10718.85,10873.62,10718.85,10873.62,635724294.0,929583770621.53
2025-07-18,10902.72,10946.4,10865.89,10913.84,644821897.0,927427194950.64
2025-07-21,10937.6,11008.48,10922.52,11007.49,732596840.0,969074333171.49
2025-07-22,11004.01,11099.83,10970.22,11099.83,786153137.0,1052464845824.61
2025-07-23,11101.32,11158.22,11042.2,11059.04,772954593.0,1007553832442.24
2025-07-24,11069.6,11193.06,11069.6,11193.06,742250097.0,992466090729.86
2025-07-25,11196.2,11210.91,11139.32,11168.14,724401445.0,965727200355.13
2025-07-28,11176.39,11226.18,11114.93,11217.58,684039262.0,981041846806.53
2025-07-29,11199.63,11289.42,11136.28,11289.41,687782458.0,1009564173263.3
2025-07-30,11262.98,11307.62,11127.0,11203.03,713948130.0,1024651537565.84
2025-07-31,11208.46,11223.64,10976.21,11009.77,741311343.0,1090142295589.41
2025-08-01,11001.25,11068.31,10919.89,10991.32,624304840.0,913705309185.68
2025-08-04,10932.62,11041.56,10928.49,11041.56,588265628.0,858774512839.68
2025-08-05,11078.58,11106.96,11041.47,11106.96,637905912.0,939698369625.07
2025-08-06,11091.83,11177.88,11086.72,11177.78,695936984.0,1026846804876.63
2025-08-07,11189.49,11229.59,11089.58,11157.94,711415718.0,1075789507354.87
2025-08-08,11136.34,11184.55,11108.46,11128.67,681934695.0,996656917079.2
2025-08-11,11159.03,11311.88,11159.03,11291.43,713852946.0,1075643532272.42
2025-08-12,11292.46,11351.63,11255.48,11351.63,709632720.0,1103359004034.75
2025-08-13,11371.08,11558.59,11362.9,11551.36,795541705.0,1263914042151.63
2025-08-14,11557.0,11607.41,11417.93,11451.43,867991462.0,1329744664079.83
2025-08-15,11419.28,11647.39,11419.28,11634.67,798946151.0,1283986982869.71
2025-08-18,11690.94,11919.57,11642.59,11835.57,1002271708.0,1630221110289.94
2025-08-19,11827.9,11908.68,11774.92,11821.63,943169649.0,1527469705916.8
2025-08-20,11749.99,11926.74,11677.85,11926.74,894032919.0,1390733947684.37
2025-08-21,11965.8,12011.78,11865.46,11919.76,915642356.0,1426314862960.4
2025-08-22,11902.04,12167.28,11902.04,12166.06,891655701.0,1451618129559.81
2025-08-25,12291.12,12477.97,12246.56,12441.07,1070803277.0,1780233495782.84
2025-08-26,12398.81,12561.49,12361.49,12473.17,968856013.0,1564831995948.4
2025-08-27,12483.19,12665.36,12295.07,12295.07,1143640219.0,1838716010279.26
2025-08-28,12254.27,12571.37,12199.94,12571.37,1060772709.0,1705617179690.69
2025-08-29,12568.63,12791.18,12508.97,12696.15,900391593.0,1576605426828.86
2025-09-01,12773.22,12830.18,12663.34,12828.95,906187103.0,1541612589328.06
2025-09-02,12817.03,12857.16,12450.46,12553.84,991083796.0,1652213634701.33
2025-09-03,12599.96,12669.8,12393.09,12472.0,856848815.0,1351790359509.91
2025-09-04,12526.3,12580.09,11967.57,12118.7,899356047.0,1436365320805.17
2025-09-05,12140.76,12597.89,12085.54,12590.56,816494226.0,1325596804626.32
2025-09-08,12631.98,12689.17,12511.42,12666.84,822135722.0,1392846217814.04
2025-09-09,12598.29,12653.87,12434.84,12510.6,758347025.0,1200728197335.4
2025-09-10,12511.08,12621.19,12415.19,12557.68,716827859.0,1157008991306.09
2025-09-11,12570.87,12979.89,12516.35,12979.89,835692601.0,1420924654160.17
2025-09-12,12941.26,13048.52,12905.47,12924.13,868290492.0,1427118173099.4
2025-09-15,12971.43,13098.78,12943.4,13005.77,798857680.0,1291248301054.75
2025-09-16,13017.58,13071.22,12863.82,13063.97,889812067.0,1351636076564.58
2025-09-17,13062.64,13226.2,13004.38,13215.46,853723162.0,1370067340574.8
2025-09-18,13161.15,13328.1,12915.97,13075.66,1073785345.0,1769208959829.64
2025-09-19,13074.91,13182.6,13016.06,13070.86,819739634.0,1307489962649.13
2025-09-22,13119.83,13157.97,13006.36,13157.97,722355718.0,1179690201336.79
2025-09-23,13246.93,13267.9,12875.33,13119.82,860693568.0,1422691445409.53
2025-09-24,13037.08,13356.14,13009.64,13356.14,727910238.0,1311083097474.43
2025-09-25,13333.02,13529.33,13295.53,13445.9,740565637.0,1369884560258.93
2025-09-26,13394.79,13453.86,13205.63,13209.0,694552823.0,1219024952078.62
2025-09-29,13248.2,13531.98,13239.73,13479.43,675906008.0,1193253421058.28
2025-09-30,13504.65,13598.18,13460.32,13526.51,658567252.0,1208141143826.54
2025-10-09,13598.35,13806.69,13565.29,13725.56,797114828.0,1436312889659.58
2025-10-10,13633.19,13644.51,13304.6,13355.42,780249411.0,1383492750237.83
2025-10-13,12837.25,13256.51,12837.25,13231.47,742803634.0,1269338155679.16
2025-10-14,13369.56,13405.51,12844.02,12895.11,781349621.0,1366249533937.64
2025-10-15,12919.27,13123.28,12817.89,13118.75,664972505.0,1111306358134.02
2025-10-16,13064.26,13218.17,13033.37,13086.41,630427150.0,1061873251678.33
2025-10-17,13060.24,13091.76,12677.44,12688.94,667473475.0,1064934758204.82
2025-10-20,12877.7,12948.32,12742.84,12813.21,582877736.0,965101984813.51
2025-10-21,12880.17,13100.08,12848.32,13077.32,635613700.0,1035955935651.35
2025-10-22,12985.96,13078.64,12932.01,12996.61,593388178.0,926331521732.09
2025-10-23,12959.42,13042.34,12803.86,13025.45,614713854.0,924978489984.4
2025-10-24,13091.34,13289.18,13091.34,13289.18,652544989.0,1115717842832.42
2025-10-27,13448.92,13510.71,13346.81,13489.4,724022532.0,1296727492318.53
2025-10-28,13411.67,13572.9,13375.32,13430.1,682532176.0,1207098813660.01
2025-10-29,13484.01,13691.38,13475.65,13691.38,730709746.0,1287814408534.59
2025-10-30,13661.61,13700.25,13509.24,13532.13,773249173.0,1351618220861.17
2025-10-31,13517.17,13618.15,13378.21,13378.21,745760929.0,1286687778035.58
2025-11-03,13364.42,13404.06,13158.31,13404.06,716885878.0,1165427053025.22
2025-11-04,13373.55,13399.92,13094.21,13175.22,682919687.0,1062819658962.32
2025-11-05,12953.84,13273.24,12953.84,13223.56,702201489.0,1045207672200.32
2025-11-06,13272.47,13468.4,13272.47,13452.42,708963303.0,1124972130179.74
2025-11-07,13380.35,13496.7,13322.61,13404.06,700567747.0,1123566510494.06
2025-11-10,13453.37,13502.16,13306.66,13427.61,757097254.0,1213865329688.23
2025-11-11,13476.25,13493.17,13271.67,13289.01,733580236.0,1135223894878.01
2025-11-12,13240.7,13312.53,13120.71,13240.62,731002670.0,1104567011927.04
2025-11-13,13228.5,13488.63,13222.78,13476.52,748084542.0,1165561187893.87
2025-11-14,13323.45,13394.06,13216.03,13216.03,769416240.0,1120109421329.58
2025-11-17,13200.54,13251.78,13137.28,13202.0,748687701.0,1105057953098.89
2025-11-18,13161.7,13223.12,13022.44,13080.49,788847183.0,1135119123817.95
2025-11-19,13071.94,13164.97,13009.01,13080.09,695235914.0,1004999694822.15
2025-11-20,13215.07,13226.04,12970.56,12980.82,673147681.0,996847443319.79
2025-11-21,12752.72,12812.38,12538.07,12538.07,811578933.0,1140729557309.71
2025-11-24,12605.13,12655.29,12448.32,12585.08,689953294.0,1012234281702.61
2025-11-25,12692.09,12882.81,12684.29,12777.31,699842031.0,1089358574521.29
2025-11-26,12769.93,13012.33,12749.02,12907.83,686733778.0,1082326611514.24
2025-11-27,12903.91,13082.77,12863.26,12875.19,637558377.0,1011274506713.72
2025-11-28,12869.66,13000.07,12834.08,12984.08,611391069.0,940040409329.77
2025-12-01,13038.16,13149.4,12993.89,13146.72,694440764.0,1088279479837.36
2025-12-02,13130.07,13132.81,13011.11,13056.7,643851126.0,965989590305.02
2025-12-03,13071.16,13126.67,12922.68,12955.25,691706047.0,1022795744662.81
2025-12-04,12957.8,13042.96,12881.56,13006.72,634198084.0,925247252263.91
2025-12-05,13020.29,13164.48,12938.35,13147.68,669303065.0,1009028858320.19
2025-12-08,13178.96,13389.67,13178.96,13329.99,729089825.0,1197207361360.31
2025-12-09,13295.62,13398.25,13227.77,13277.36,688045902.0,1122792903262.72
2025-12-10,13251.27,13344.85,13126.21,13316.42,676290971.0,1048145055527.83
2025-12-11,13333.29,13388.26,13147.39,13147.39,705369907.0,1092762489870.08
2025-12-12,13174.45,13284.27,13085.42,13258.33,700998215.0,1182255359656.07
2025-12-15,13150.43,13244.03,13111.38,13112.09,627285731.0,1008834668219.45
2025-12-16,13084.88,13113.99,12851.22,12914.67,664521844.0,990879111832.3
2025-12-17,12927.39,13254.81,12927.39,13224.51,653501697.0,1044325059333.48
2025-12-18,13112.61,13205.22,13053.97,13053.97,590116207.0,950587343385.27
2025-12-19,13116.19,13217.44,13070.73,13140.21,657127412.0,987848687138.14
2025-12-22,13225.4,13349.08,13225.4,13332.73,653549135.0,1072183327535.67
2025-12-23,13338.93,13447.29,13305.76,13368.99,674894658.0,1092987268467.42
2025-12-24,13378.48,13497.1,13347.76,13486.42,640440440.0,1106339627476.98
2025-12-25,13472.7,13563.06,13407.37,13531.41,660794063.0,1139504120004.87
2025-12-26,13539.05,13674.87,13517.8,13603.89,741292910.0,1266547060139.61
2025-12-29,13604.3,13650.7,13494.96,13537.1,713871413.0,1235517815463.65
2025-12-30,13466.3,13645.56,13465.67,13604.07,718514686.0,1255086161237.52
2025-12-31,13627.26,13642.53,13491.68,13525.02,714128489.0,1215723077233.95
2026-01-05,13633.63,13828.97,13633.63,13828.63,830964827.0,1479013094043.2
2026-01-06,13830.3,14024.12,13827.79,14022.55,932350350.0,1630806367135.76
2026-01-07,14062.02,14111.18,13935.53,14030.56,914116991.0,1656796799732.89
2026-01-08,13971.89,14033.59,13883.81,13959.48,921000994.0,1617195870885.22
2026-01-09,13917.78,14139.54,13917.78,14120.15,1013968212.0,1833561233662.36
2026-01-12,14186.86,14391.28,14089.59,14366.91,1153063572.0,2155220030407.99
2026-01-13,14397.68,14458.88,14113.17,14169.4,1195529842.0,2169490551255.98
2026-01-14,14194.11,14459.21,14099.98,14248.6,1312625223.0,2334442999936.82
2026-01-15,14158.66,14328.6,14155.5,14306.73,971879564.0,1729648263302.93
2026-01-16,14374.54,14424.35,14257.59,14281.08,907401832.0,1688305163172.63
2026-01-19,14221.93,14392.88,14221.93,14294.05,832641604.0,1518289593889.72
2026-01-20,14307.55,14337.12,14033.22,14155.63,882652782.0,1556312998239.22
2026-01-21,14102.21,14320.94,14102.21,14255.13,793963043.0,1420516887653.26
2026-01-22,14313.63,14374.51,14223.34,14327.05,822514300.0,1489968420060.82
2026-01-23,14349.01,14449.84,14320.51,14439.66,982699102.0,1748367006031.13
2026-01-26,14492.42,14532.9,14277.67,14316.64,1023228090.0,1796342758750.1
2026-01-27,14283.78,14403.6,14105.13,14329.91,909686276.0,1605549118485.19
2026-01-28,14371.96,14411.65,14234.89,14342.89,883025460.0,1599884232499.98
2026-01-29,14332.7,14418.09,14252.2,14300.08,993915564.0,1744212991723.3
2026-01-30,14214.14,14291.57,13923.95,14205.89,902322925.0,1565681993055.53
2026-02-02,14128.87,14213.61,13815.28,13824.35,811142364.0,1421232461623.24
2026-02-03,13986.89,14129.6,13815.23,14127.11,782910934.0,1433511297107.37
2026-02-04,14072.41,14173.77,13958.08,14156.27,815238780.0,1417426397866.21
2026-02-05,14020.84,14074.36,13874.02,13952.71,726225381.0,1229230628001.21
2026-02-06,13801.03,14065.78,13726.86,13906.73,730349548.0,1247064306607.45
2026-02-09,14115.14,14211.7,14060.67,14208.44,726369602.0,1299746937980.24
2026-02-10,14200.76,14258.51,14165.43,14210.63,733002884.0,1223333554475.66
2026-02-11,14186.65,14250.34,14156.16,14160.93,681933201.0,1161644815719.24
2026-02-12,14177.97,14296.48,14177.29,14283.0,696259702.0,1243783316666.4
2026-02-13,14188.35,14258.83,14092.84,14100.19,640639616.0,1135871601132.4
2026-02-24,14313.86,14376.96,14214.41,14291.57,712425990.0,1263450465546.5
2026-02-25,14322.24,14512.85,14314.15,14475.87,793688511.0,1376578234842.2
2026-02-26,14495.86,14536.08,14408.88,14503.79,793134075.0,1471247125484.88
2026-02-27,14375.25,14497.96,14366.35,14495.09,781109596.0,1415655679930.41
2026-03-02,14327.65,14509.69,14285.67,14465.79,933794647.0,1674826283498.03
2026-03-03,14498.7,14526.06,14007.65,14022.39,970658945.0,1703720230871.1
2026-03-04,13854.37,14112.02,13854.37,13917.75,740464019.0,1252671984626.75
2026-03-05,14160.2,14202.76,13999.7,14088.84,758966477.0,1321994081961.92
2026-03-06,14015.54,14212.84,13969.34,14172.63,729278913.0,1221343285178.17
2026-03-09,13920.29,14103.63,13701.67,14067.5,837345656.0,1453438641341.65
2026-03-10,14239.3,14357.82,14239.3,14354.07,736222902.0,1361460406127.03
2026-03-11,14373.74,14531.02,14373.01,14465.41,770973777.0,1444776810521.05
2026-03-12,14457.63,14478.05,14245.77,14374.87,768805142.0,1363682636762.26
2026-03-13,14300.92,14454.31,14245.96,14280.78,774225691.0,1336399029933.99
2026-03-16,14291.15,14320.1,14097.82,14307.58,753016186.0,1288107044427.08
2026-03-17,14370.45,14400.36,14039.5,14039.73,753197038.0,1256632860398.87
2026-03-18,14108.92,14203.91,13944.37,14187.8,666055598.0,1169736139365.69
2026-03-19,14003.7,14098.69,13852.6,13901.57,679341018.0,1175704077687.75
2026-03-20,14021.46,14144.99,13856.49,13866.2,734132051.0,1321995589658.72
2026-03-23,13619.94,13758.97,13274.18,13345.51,852353152.0,1345299021022.04
2026-03-24,13514.67,13536.56,13169.25,13536.56,731464361.0,1151449425913.53
2026-03-25,13669.05,13835.03,13666.84,13801.0,723433703.0,1211975415470.16
2026-03-26,13756.87,13853.1,13573.12,13606.44,667004907.0,1095254633989.61
2026-03-27,13423.51,13842.4,13419.31,13760.37,630568985.0,1053577032454.18
2026-03-30,13618.79,13748.21,13536.56,13726.19,653413030.0,1076071343508.99
2026-03-31,13683.68,13783.97,13478.06,13478.06,664490771.0,1100705943239.18
2026-04-01,13731.39,13740.97,13603.79,13706.52,655763382.0,1115237775682.98
2026-04-02,13658.25,13680.63,13418.5,13486.94,636038710.0,1031097369725.09
2026-04-03,13553.65,13558.91,13345.61,13352.9,586572227.0,942677102178.64
2026-04-07,13392.94,13476.08,13305.51,13400.41,540630597.0,890489003616.88
2026-04-08,13717.22,14042.5,13694.91,14042.5,748327010.0,1360312858088.41
2026-04-09,13928.43,14058.05,13891.48,13996.27,653026389.0,1231594304739.59
2026-04-10,14098.02,14382.61,14095.88,14309.47,668726169.0,1367204589024.95
2026-04-13,14233.11,14440.26,14233.11,14407.86,623636577.0,1230931861395.23
2026-04-14,14514.69,14640.77,14463.93,14639.95,683376964.0,1385288551843.77
2026-04-15,14736.01,14738.53,14440.21,14498.45,697369584.0,1386392925686.46
2026-04-16,14546.35,14807.16,14522.86,14796.33,686456018.0,1365124844216.46
2026-04-17,14806.28,14916.39,14787.87,14885.42,695914499.0,1412063032872.27
2026-04-20,14870.9,15006.92,14845.97,14966.75,723332086.0,1494192077988.44
2026-04-21,14920.38,15017.75,14774.08,14982.14,701150038.0,1375194588677.84
2026-04-22,14897.96,15182.82,14897.96,15177.29,698955593.0,1466159216543.49
2026-04-23,15234.22,15248.43,14934.68,15043.45,761022818.0,1570096212348.62
2026-04-24,14951.74,15033.67,14795.22,14940.3,709729439.0,1498859076721.28
2026-04-27,14960.02,15054.46,14919.22,14995.75,709930001.0,1453399425007.84
2026-04-28,14925.22,14943.36,14772.46,14830.46,723727547.0,1422352274452.65
2026-04-29,14751.42,15139.71,14751.42,15120.92,736380398.0,1463521736269.4
2026-04-30,15157.07,15186.12,15044.86,15107.55,737703743.0,1464716733139.2
2026-05-06,15323.19,15534.67,15254.99,15459.62,826248677.0,1760931025004.14
2026-05-07,15541.3,15652.58,15439.48,15641.89,844489884.0,1784856104494.85
2026-05-08,15520.38,15639.39,15466.84,15563.8,826218480.0,1716868864518.01
2026-05-11,15697.44,15921.65,15622.33,15899.3,911634859.0,1954494738006.02
2026-05-12,15952.79,15952.79,15711.27,15824.92,847817149.0,1777383753936.14
2026-05-13,15713.54,16100.46,15713.54,16089.75,827341429.0,1792550090893.26
2026-05-14,16202.22,16207.75,15745.74,15745.74,873525492.0,1864136878632.09
2026-05-15,15753.19,15855.55,15447.4,15561.37,849695631.0,1825236172778.68
2026-05-18,15465.3,15658.11,15419.04,15530.23,738305604.0,1578895897760.35
2026-05-19,15469.36,15585.04,15221.35,15569.91,731216529.0,1580035927630.19
2026-05-20,15487.43,15622.21,15426.38,15569.98,726217958.0,1594787543004.13
2026-05-21,15707.96,15894.3,15232.6,15247.27,878984174.0,1885877969351.12
2026-05-22,15382.29,15624.97,15295.57,15597.3,763067278.0,1617472538531.95
2026-05-25,15716.39,15857.08,15547.16,15856.61,781225873.0,1760074861165.4
2026-05-26,15786.82,15894.55,15662.16,15876.16,823273532.0,1782006716930.75
2026-05-27,15868.9,16047.41,15656.65,15736.47,815871163.0,1765113240574.7
2026-05-28,15691.16,15889.83,15504.79,15861.89,747849432.0,1606824859646.23
2026-05-29,15957.12,15981.93,15492.84,15575.13,848879728.0,1786964795181.39
2026-06-01,15601.03,15717.45,15316.02,15340.36,760393033.0,1557686047539.39
2026-06-02,15410.7,15664.39,15203.8,15591.13,737350307.0,1512025925726.12
2026-06-03,15646.69,15962.36,15542.66,15704.71,792737877.0,1700522735410.96
2026-06-04,15540.06,15745.19,15517.94,15661.57,718939421.0,1483016698135.2
2026-06-05,15595.7,15710.14,15243.51,15314.7,818251186.0,1705304054213.09
2026-06-08,14835.37,15137.75,14681.64,14821.19,788640863.0,1525460875121.3
2026-06-09,14992.55,15274.72,14846.55,15268.71,718050679.0,1467207129010.39
2026-06-10,15062.51,15149.37,14817.11,14954.1,710462329.0,1392172809791.9
2026-06-11,14889.57,15062.75,14706.09,14851.98,669817686.0,1366466938778.45
2026-06-12,15149.52,15171.22,14943.43,14963.41,792336423.0,1677548225901.93
2026-06-15,15153.18,15531.11,15055.95,15531.11,757054683.0,1627612447173.24
2026-06-16,15584.37,15761.0,15537.5,15675.25,754828802.0,1695082857789.13
2026-06-17,15569.92,15885.49,15569.92,15880.95,745916232.0,1688618264452.58
2026-06-18,15826.79,16104.77,15825.32,16030.7,764976920.0,1749632939767.8
2026-06-22,16095.63,16374.02,15914.05,16372.5,876768616.0,2033198469703.68
2026-06-23,16324.24,16355.95,15756.41,15854.2,808549306.0,1846221650011.43
2026-06-24,15782.4,16068.41,15730.16,16051.32,790758052.0,1770135015355.83
2026-06-25,16099.76,16359.62,16058.85,16344.08,830961769.0,1975291467590.76
2026-06-26,16211.41,16215.45,15728.84,15782.22,837034655.0,1931214758275.27
2026-06-29,15781.79,15938.23,15487.92,15812.87,808457859.0,1851533399374.03
2026-06-30,15811.67,16232.23,15809.65,16205.56,745149838.0,1743431710302.17
2026-07-01,16226.97,16332.48,15988.42,16119.17,873614867.0,1961516088178.52
2026-07-02,15729.92,15886.7,15453.52,15498.81,857269760.0,1873367630200.87
2026-07-03,15480.12,15823.05,15432.89,15597.51,785895029.0,1716890416165.16
2026-07-06,15677.93,15749.36,15288.49,15416.8,768142319.0,1659011641303.46
2026-07-07,15345.39,15461.37,15081.92,15225.11,678476454.0,1384786224621.83
2026-07-08,15269.82,15292.12,14907.62,14939.73,654790391.0,1371167332745.72
2026-07-09,15038.47,15419.12,14781.24,15398.73,716541158.0,1549552442447.83
2026-07-10,15480.41,15581.94,15046.67,15046.67,828811174.0,1825441561910.04
2026-07-13,14908.98,14997.07,14437.07,14522.85,733844798.0,1482889150433.43
2026-07-14,14532.36,14924.87,14338.36,14924.87,674840592.0,1432171609319.26
2026-07-15,14970.77,15041.33,14741.8,14779.4,688984096.0,1344855609775.95
2026-07-16,14497.43,14780.46,14386.41,14488.65,665968453.0,1279356962406.61
2026-07-17,14348.22,14350.47,13586.49,13706.88,763770395.0,1408513306057.37
2026-07-20,13869.06,13972.99,13342.93,13610.23,772878368.0,1407475248646.14
2026-07-21,13656.08,14264.8,13364.41,14264.29,835911335.0,1560575057534.15
2026-07-22,14169.97,14360.37,13988.51,14061.44,681366334.0,1395196955422.29
2026-07-23,14116.02,14203.64,13991.83,14123.31,625578724.0,1169425765213.5
2026-07-24,13915.04,14061.03,13774.68,13774.68,568710893.0,1015773624020.71
2026-07-27,13768.6,14148.73,13689.01,14148.73,571360929.0,1045308334718.69
2026-07-28,13830.35,13940.99,13470.11,13509.68,573579930.0,1076097521112.23
2026-07-29,13498.75,13756.71,13267.64,13658.44,675056731.0,1209171341838.77
2026-07-30,13531.07,13619.03,13068.56,13285.8,686984750.0,1236331989082.34
2026-07-31,13690.0,13841.96,13578.93,13578.93,719395944.0,1354266631403.15
2026-08-03,13497.1,13570.51,13407.99,13448.29,618828696.0,1045128965551.37
2026-08-04,13572.95,13936.52,13537.76,13885.71,664836577.0,1205209291730.25
2026-08-05,13644.83,14246.38,13644.83,14144.2,732409197.0,1450911483782.83
2026-08-06,13981.44,14252.14,13922.41,14110.12,716171979.0,1361962798437.24
2026-08-07,14152.78,14396.07,14049.34,14311.01,719703760.0,1454876177586.06
2026-08-10,14348.95,14373.77,14102.66,14316.96,687533827.0,1356209535367.73
2026-08-11,14266.44,14447.1,14201.29,14259.44,643011992.0,1254248825404.68
2026-08-12,14253.12,14467.0,14237.2,14414.43,625395865.0,1166300715998.25
2026-08-13,14536.48,14584.3,14289.01,14289.44,738110176.0,1386713670829.04
2026-08-14,14335.41,14384.18,14203.99,14354.31,642557319.0,1152471301164.97
2026-08-17,14399.2,14704.55,14348.47,14704.27,641864873.0,1274638569156.23
2026-08-18,14692.03,14733.9,14459.72,14622.5,674616023.0,1265587019543.04
2026-08-19,14316.98,14367.37,13842.32,13890.15,696873243.0,1292934547196.71
2026-08-20,14032.97,14101.14,13870.18,13972.78,596570236.0,1060794886874.86
2026-08-21,13935.64,14132.04,13866.39,14094.17,543953914.0,995840925246.3
2026-08-24,14118.02,14118.15,13616.75,13794.29,563532457.0,1055417134838.03
2026-08-25,13683.91,13848.4,13568.51,13745.87,579779582.0,972970230987.21
2026-08-26,13761.36,13948.69,13714.05,13841.33,577607360.0,951499754726.53
2026-08-27,13876.79,14049.99,13808.62,14048.88,614047288.0,1115700225234.22
2026-08-28,14019.28,14148.68,13949.62,13953.07,630346080.0,1131349872245.8
2026-08-31,13764.41,14015.0,13740.74,14015.0,658824929.0,1116737592443.63
2026-09-01,14017.42,14018.51,13845.55,13872.38,684714331.0,1089095260912.68
2026-09-02,13732.18,13732.18,13549.77,13611.55,611501283.0,955810738696.03
2026-09-03,13711.07,13742.89,13531.53,13625.12,585378201.0,939033973419.69
2026-09-04,13725.65,13798.36,13448.79,13516.97,678475372.0,1092412648913.25
2026-09-07,13605.02,13811.26,13590.82,13774.91,587625706.0,1048114878843.43
2026-09-08,13782.86,13843.92,13655.84,13703.21,644275504.0,1044768430082.39
2026-09-09,13788.94,13788.94,13625.12,13723.32,603143763.0,981871743156.88
2026-09-10,13641.18,13713.87,13585.6,13617.67,559023425.0,867475137215.2
2026-09-11,13483.63,13522.3,13263.35,13471.26,636088925.0,1013712150759.75
2026-09-14,13333.07,13502.25,13288.83,13384.57,508969614.0,849894305507.74
2026-09-15,13362.17,13484.0,13273.31,13287.97,530714505.0,848733889794.72
2026-09-16,13276.85,13482.98,13185.83,13454.74,530896798.0,967980526765.43
2026-09-17,13409.88,13553.59,13374.04,13409.91,558256880.0,954361203597.09
2026-09-18,13563.74,13689.36,13470.77,13640.87,597152064.0,1082930845525.16
2026-09-21,13716.22,13779.0,13643.95,13730.02,631708071.0,1084694363403.19
2026-09-22,13858.62,13914.21,13691.09,13723.74,645794974.0,1127554799048.82
2026-09-23,13742.55,13742.55,13617.05,13636.07,585238919.0,930843553664.32
2026-09-24,13575.07,13577.86,13316.97,13316.97,526252665.0,869744360964.31
2026-09-28,13265.79,13267.65,12801.2,12858.75,540174267.0,898255357218.28
2026-09-29,12839.61,12955.25,12831.87,12901.95,482698062.0,747493244834.23
