date,open,high,low,close,volume,amount
2010-01-04,3289.75,3295.28,3243.32,3243.76,122446260,136464146432.0
2010-01-05,3254.47,3290.51,3221.46,3282.18,142274964,165339381760.0
2010-01-06,3277.52,3295.87,3253.04,3254.22,135131302,160284426240.0
2010-01-07,3253.99,3268.82,3176.71,3192.78,145228704,160533823488.0
2010-01-08,3177.26,3198.92,3149.02,3196.0,114602542,124813623296.0
2010-01-11,3301.61,3306.75,3197.33,3212.75,161502183,182514876416.0
2010-01-12,3205.71,3275.2,3180.08,3273.97,159128745,177844224000.0
2010-01-13,3204.98,3232.82,3165.49,3172.66,185213143,202360602624.0
2010-01-14,3183.38,3219.02,3165.6,3215.55,151986663,171208540160.0
2010-01-15,3217.19,3241.81,3197.22,3224.15,131414090,153643335680.0
2010-01-18,3213.64,3238.24,3202.21,3237.1,145703541,171726454784.0
2010-01-19,3242.22,3268.81,3236.84,3246.87,144950163,165774835712.0
2010-01-20,3252.04,3255.13,3148.33,3151.85,172555631,195394207744.0
2010-01-21,3154.19,3176.15,3126.9,3158.86,132639666,145694261248.0
2010-01-22,3118.72,3147.83,3062.63,3128.59,156427044,167218413568.0
2010-01-25,3103.32,3137.0,3092.93,3094.41,93994068,98070519808.0
2010-01-26,3094.85,3107.2,3001.96,3019.39,109494648,112348086272.0
2010-01-27,3020.54,3028.65,2972.63,2986.61,93150252,93409853440.0
2010-01-28,2985.21,3006.04,2963.89,2994.14,85167126,87828856832.0
2010-01-29,2979.74,3024.85,2968.45,2989.29,91271121,97625178112.0
2010-02-01,2981.37,2981.37,2912.89,2941.36,100564350,105912139776.0
2010-02-02,2955.75,2990.75,2930.56,2934.71,93734933,99637895168.0
2010-02-03,2945.03,3005.13,2890.02,3003.83,119005326,122261766144.0
2010-02-04,2983.05,3015.13,2968.68,2995.31,111441894,116737007616.0
2010-02-05,2936.2,2959.23,2918.91,2939.4,107746152,112754032640.0
2010-02-08,2936.45,2954.27,2922.19,2935.17,68452323,74134929408.0
2010-02-09,2932.09,2957.47,2929.21,2948.84,69093618,69304770560.0
2010-02-10,2967.14,2983.18,2958.22,2982.5,62322403,68177453056.0
2010-02-11,2985.08,3001.64,2976.08,2985.5,62462059,65796304896.0
2010-02-12,2996.09,3018.86,2993.44,3018.13,60694995,67723890688.0
2010-02-22,3016.7,3026.66,3002.81,3003.4,75193873,79980085248.0
2010-02-23,2998.91,2998.91,2938.75,2982.57,89011528,99815440384.0
2010-02-24,2964.98,3023.74,2955.07,3022.18,99625941,106781057024.0
2010-02-25,3026.66,3063.0,3022.37,3060.62,130544489,140960595968.0
2010-02-26,3053.5,3067.52,3041.69,3051.94,109599886,122741448704.0
2010-03-01,3057.01,3093.09,3054.55,3087.84,120949909,132858732544.0
2010-03-02,3089.71,3095.99,3060.96,3073.11,113653846,125959733248.0
2010-03-03,3074.1,3098.46,3061.47,3097.0,123134064,137578414080.0
2010-03-04,3098.07,3102.4,3016.22,3023.37,136744533,146744852480.0
2010-03-05,3026.64,3044.17,3011.09,3031.06,98280194,106750656512.0
2010-03-08,3036.42,3058.83,3030.91,3053.23,85598074,93590028288.0
2010-03-09,3053.26,3084.85,3028.69,3069.14,99564082,108844580864.0
2010-03-10,3067.15,3085.99,3034.74,3048.93,90553114,99858587648.0
2010-03-11,3050.64,3070.94,3025.31,3051.28,87850575,97785479168.0
2010-03-12,3051.47,3057.52,3011.97,3013.41,77895575,85619236864.0
2010-03-15,3010.72,3013.52,2963.49,2976.94,73318288,76588359680.0
2010-03-16,2974.49,2993.84,2963.44,2992.84,64986778,70928498688.0
2010-03-17,2999.81,3050.76,2994.89,3050.48,96339657,106714079232.0
2010-03-18,3053.16,3063.59,3035.02,3046.09,98192978,109864443904.0
2010-03-19,3046.75,3069.66,3031.02,3067.75,102391879,104729190400.0
2010-03-22,3069.66,3083.34,3061.76,3074.58,105968226,114941353984.0
2010-03-23,3076.96,3082.97,3051.21,3053.13,101281838,109922451456.0
2010-03-24,3058.93,3076.75,3052.21,3056.81,98158386,104740421632.0
2010-03-25,3051.36,3051.36,3012.31,3019.18,97324483,106404888576.0
2010-03-26,3017.22,3067.71,3009.91,3059.72,104093576,110540046336.0
2010-03-29,3076.05,3130.28,3071.69,3123.8,151903445,158427611136.0
2010-03-30,3123.83,3132.58,3113.77,3128.47,112628559,126808973312.0
2010-03-31,3129.57,3130.11,3101.76,3109.1,111534903,124511952896.0
2010-04-01,3111.94,3148.34,3111.94,3147.42,140784312,156081094656.0
2010-04-02,3154.77,3159.6,3141.87,3157.96,133339707,151580262400.0
2010-04-06,3170.61,3177.97,3141.93,3158.68,132234655,146262753280.0
2010-04-07,3156.31,3161.08,3132.24,3148.22,114137792,128495083520.0
2010-04-08,3143.45,3143.83,3110.26,3118.71,126899482,143865167872.0
2010-04-09,3118.93,3146.46,3114.79,3145.35,114165556,135452893184.0
2010-04-12,3151.89,3156.21,3111.9,3129.26,147730700,176520118272.0
2010-04-13,3129.69,3173.63,3101.48,3161.25,161433772,187820982272.0
2010-04-14,3161.55,3167.66,3145.55,3166.18,114888784,139342725120.0
2010-04-15,3168.14,3181.66,3135.99,3164.97,116473283,138487431168.0
2010-04-16,3159.67,3159.67,3121.37,3130.3,95126165,104799354880.0
2010-04-19,3096.78,3096.78,2977.77,2980.3,153147988,160088260608.0
2010-04-20,2980.08,2998.91,2941.35,2979.53,118165377,127159484416.0
2010-04-21,2984.62,3034.33,2972.1,3033.28,131151398,148225933312.0
2010-04-22,3021.29,3023.64,2978.46,2999.48,136997711,155532705792.0
2010-04-23,2995.57,3015.63,2966.78,2983.54,117602051,138032332800.0
2010-04-26,2988.08,2996.83,2965.83,2969.5,104096141,118656204800.0
2010-04-27,2962.15,2962.15,2866.34,2907.93,124398797,133424439296.0
2010-04-28,2883.17,2916.68,2865.47,2900.33,95519308,106520698880.0
2010-04-29,2912.2,2928.93,2867.94,2868.43,99942729,113842536448.0
2010-04-30,2867.65,2875.81,2820.95,2870.61,103631950,108077645824.0
2010-05-04,2821.35,2862.55,2809.13,2835.28,79010405,80475332608.0
2010-05-05,2804.51,2857.29,2770.33,2857.15,112685572,116421984256.0
2010-05-06,2838.95,2838.95,2735.0,2739.7,113710883,115810107392.0
2010-05-07,2685.99,2732.18,2665.81,2688.38,111599524,111011143680.0
2010-05-10,2690.86,2713.06,2646.59,2698.76,99885547,97794236416.0
2010-05-11,2745.6,2751.07,2638.53,2647.57,116181953,104271421440.0
2010-05-12,2628.02,2668.12,2604.2,2655.71,106781856,93549084672.0
2010-05-13,2653.58,2711.07,2646.9,2710.51,103204143,93473619968.0
2010-05-14,2692.1,2712.86,2677.19,2696.63,88118880,84334321664.0
2010-05-17,2663.88,2663.88,2557.24,2559.93,102158254,90516406272.0
2010-05-18,2555.14,2603.32,2529.63,2594.78,103796642,87281336320.0
2010-05-19,2581.63,2623.96,2554.98,2587.81,90466622,78977949696.0
2010-05-20,2571.54,2609.64,2551.45,2555.94,82742614,73910730752.0
2010-05-21,2492.57,2584.45,2481.97,2583.52,103033637,89265422336.0
2010-05-24,2596.32,2680.49,2596.32,2673.42,133321998,124403539968.0
2010-05-25,2654.36,2659.74,2609.09,2622.63,106011461,103243210752.0
2010-05-26,2620.85,2644.94,2610.51,2625.79,81570481,76555304960.0
2010-05-27,2615.1,2662.08,2583.55,2655.92,105685369,98495864832.0
2010-05-28,2680.4,2686.54,2641.41,2655.77,112506324,101415968768.0
2010-05-31,2647.87,2665.39,2591.53,2592.15,97390529,89185116160.0
2010-06-01,2577.76,2598.9,2534.27,2568.28,93289074,81840652288.0
2010-06-02,2548.54,2572.34,2521.06,2571.42,76092486,70990897152.0
2010-06-03,2575.77,2596.14,2551.53,2552.66,86990413,76458418176.0
2010-06-04,2536.23,2556.97,2527.87,2553.59,67027952,61720657920.0
2010-06-07,2508.33,2527.1,2491.66,2511.73,77361116,71384481792.0
2010-06-08,2510.08,2531.88,2491.65,2513.95,71810648,70326272000.0
2010-06-09,2523.88,2589.47,2501.12,2583.87,118099942,105209995264.0
2010-06-10,2561.55,2581.05,2554.79,2562.58,88318601,82079506432.0
2010-06-11,2574.9,2590.98,2566.62,2569.94,77718279,75181211648.0
2010-06-17,2588.97,2595.51,2559.72,2560.25,65401990,62786248704.0
2010-06-18,2556.6,2568.86,2505.33,2513.22,81520182,74230841344.0
2010-06-21,2517.29,2587.34,2504.31,2586.21,99521921,84003921920.0
2010-06-22,2579.63,2598.35,2572.96,2588.7,72428357,66888187904.0
2010-06-23,2576.34,2593.67,2546.52,2569.87,73981579,63488245760.0
2010-06-24,2563.64,2586.9,2554.34,2566.75,58237644,52107341824.0
2010-06-25,2556.54,2572.83,2534.27,2552.82,58477103,52749602816.0
2010-06-28,2550.65,2561.49,2528.39,2535.28,51436894,46192664576.0
2010-06-29,2534.5,2541.14,2425.93,2427.05,93473117,73376808960.0
2010-06-30,2409.54,2411.44,2382.36,2398.37,67271885,52558888960.0
2010-07-01,2393.95,2410.77,2371.78,2373.79,60830287,47582834688.0
2010-07-02,2371.32,2386.4,2319.74,2382.9,84619382,63295938560.0
2010-07-05,2358.76,2378.09,2335.57,2363.95,66879177,44746940416.0
2010-07-06,2358.28,2409.78,2356.55,2409.42,81002890,57628971008.0
2010-07-07,2407.67,2421.68,2392.57,2421.12,67152261,53658542080.0
2010-07-08,2429.68,2436.28,2402.0,2415.15,61164294,51353845760.0
2010-07-09,2416.58,2485.6,2398.68,2470.92,100721616,83453362176.0
2010-07-12,2468.54,2501.02,2455.81,2490.72,94617476,82893856768.0
2010-07-13,2468.69,2468.69,2439.24,2450.29,77640233,64591683584.0
2010-07-14,2456.1,2494.59,2456.1,2470.44,82805377,71385260032.0
2010-07-15,2465.99,2487.24,2423.65,2424.3,117510322,73453322240.0
2010-07-16,2414.68,2428.46,2389.07,2424.27,80934150,56986935296.0
2010-07-19,2399.58,2484.19,2392.27,2475.42,105709765,81159970816.0
2010-07-20,2477.75,2530.33,2477.46,2528.73,132382407,113278976000.0
2010-07-21,2529.62,2553.45,2520.15,2535.39,125845262,107158831104.0
2010-07-22,2525.98,2563.24,2522.2,2562.41,116699864,97057193984.0
2010-07-23,2566.85,2579.52,2549.24,2572.03,125865113,102633529344.0
2010-07-26,2576.37,2589.48,2556.47,2588.68,104540608,89753591808.0
2010-07-27,2581.59,2588.0,2565.64,2575.37,99031008,86319177728.0
2010-07-28,2574.32,2636.0,2564.16,2633.66,146193028,123955986432.0
2010-07-29,2635.05,2656.41,2623.94,2648.12,156572147,133051867136.0
2010-07-30,2642.85,2643.03,2614.73,2637.5,107066470,95401328640.0
2010-08-02,2635.81,2675.76,2633.65,2672.52,131925766,112156983296.0
2010-08-03,2678.79,2681.79,2626.72,2627.0,145598069,132380147712.0
2010-08-04,2620.5,2638.9,2589.99,2638.52,133762153,115185516544.0
2010-08-05,2636.24,2640.59,2606.62,2620.76,128048820,116955758592.0
2010-08-06,2618.71,2659.41,2598.91,2658.39,134772714,124990824448.0
2010-08-09,2656.36,2676.09,2650.4,2672.53,137100459,128442892288.0
2010-08-10,2672.79,2675.31,2594.34,2595.27,141535687,131287285760.0
2010-08-11,2587.61,2618.45,2586.02,2607.5,100286699,90162544640.0
2010-08-12,2584.92,2608.76,2570.96,2575.48,106481034,97353187328.0
2010-08-13,2576.69,2607.03,2564.84,2606.7,99461717,92588507136.0
2010-08-16,2603.79,2665.31,2596.77,2661.71,140100013,132298571776.0
2010-08-17,2663.18,2677.57,2654.01,2671.89,133731067,129954709504.0
2010-08-18,2674.5,2687.76,2654.41,2666.3,149040315,130297298944.0
2010-08-19,2669.43,2701.93,2659.3,2687.98,143211372,134944219136.0
2010-08-20,2677.02,2683.29,2636.91,2642.31,133844304,121635749888.0
2010-08-23,2637.82,2656.12,2629.71,2639.37,97571923,92616466432.0
2010-08-24,2636.53,2667.17,2614.56,2650.31,123896078,108055461888.0
2010-08-25,2634.95,2645.5,2595.73,2596.58,122661110,109756227584.0
2010-08-26,2604.88,2616.96,2590.61,2603.48,89344083,82918244352.0
2010-08-27,2602.5,2613.49,2588.64,2610.74,76986973,75938496512.0
2010-08-30,2622.27,2656.35,2620.19,2652.66,123486988,122287529984.0
2010-08-31,2644.79,2647.25,2626.79,2638.8,119586757,125726466048.0
2010-09-01,2641.05,2662.88,2604.49,2622.88,146411847,140401836032.0
2010-09-02,2646.89,2659.98,2636.42,2655.78,134796040,143355281408.0
2010-09-03,2658.13,2660.54,2631.85,2655.39,139408992,147162251264.0
2010-09-06,2667.2,2698.6,2664.24,2696.25,160113842,162059878400.0
2010-09-07,2698.22,2704.93,2679.02,2698.36,122360269,124792127488.0
2010-09-08,2687.71,2695.84,2674.32,2695.29,121039753,131883130880.0
2010-09-09,2698.64,2698.64,2651.6,2656.35,143897600,157340008448.0
2010-09-10,2657.24,2667.84,2628.83,2663.21,127547302,135542571008.0
2010-09-13,2665.66,2696.67,2660.61,2688.32,131056020,142229553152.0
2010-09-14,2694.07,2703.78,2678.97,2688.52,131193840,142244904960.0
2010-09-15,2688.39,2688.49,2645.86,2652.5,131545383,139548196864.0
2010-09-16,2646.92,2653.27,2583.34,2602.47,132904630,129965547520.0
2010-09-17,2607.55,2615.08,2592.53,2598.69,91459003,95490260992.0
2010-09-20,2601.48,2607.35,2573.63,2588.71,87931329,90694819840.0
2010-09-21,2593.76,2601.1,2580.18,2591.55,63513973,66941636608.0
2010-09-27,2600.54,2629.04,2597.14,2627.97,85235163,91411193856.0
2010-09-28,2625.33,2625.33,2607.02,2611.35,105640579,116434239488.0
2010-09-29,2608.92,2634.12,2603.93,2610.68,94705134,106652065792.0
2010-09-30,2599.72,2656.0,2597.6,2655.66,99965653,108229115904.0
2010-10-08,2681.25,2747.8,2677.99,2738.74,154842792,170309713920.0
2010-10-11,2755.03,2823.6,2755.03,2806.94,234107302,257132150784.0
2010-10-12,2795.76,2843.43,2782.34,2841.41,183345099,214009315328.0
2010-10-13,2842.14,2862.03,2826.22,2861.36,204856265,231006109696.0
2010-10-14,2881.55,2919.41,2864.52,2879.64,252315867,268050890752.0
2010-10-15,2863.74,2971.16,2858.22,2971.16,270345644,277649457152.0
2010-10-18,2985.46,3026.1,2944.72,2955.23,313731778,307579420672.0
2010-10-19,2949.63,3002.37,2931.91,3001.85,200031343,203737612288.0
2010-10-20,2947.51,3041.15,2942.5,3003.95,248942325,267939020800.0
2010-10-21,3009.23,3018.24,2958.55,2983.53,184194818,208327999488.0
2010-10-22,2976.75,2997.62,2954.62,2975.04,164470069,197210079232.0
2010-10-25,2979.71,3051.54,2959.3,3051.42,215013384,254642405376.0
2010-10-26,3065.84,3073.38,3017.82,3041.54,218718676,263036665856.0
2010-10-27,3031.65,3056.4,2988.87,2997.05,200359640,233282994176.0
2010-10-28,2989.29,3007.01,2969.3,2992.58,163821966,188158951424.0
2010-10-29,2993.3,2996.77,2955.48,2978.83,169299934,197660704768.0
2010-11-01,2986.89,3054.05,2986.89,3054.02,212136776,253939204096.0
2010-11-02,3061.63,3089.57,3029.32,3045.43,247101256,309231124480.0
2010-11-03,3044.02,3069.07,3017.1,3030.99,212275690,247261790208.0
2010-11-04,3035.37,3087.42,3035.37,3086.94,196342867,230744375296.0
2010-11-05,3129.87,3142.59,3105.92,3129.5,227970097,275354320896.0
2010-11-08,3140.4,3160.7,3124.09,3159.51,223699939,261671583744.0
2010-11-09,3159.02,3159.02,3110.34,3135.0,210097603,250331971584.0
2010-11-10,3120.44,3124.26,3093.88,3115.36,204678936,251614150656.0
2010-11-11,3108.51,3186.72,3102.77,3147.74,235039423,290302033920.0
2010-11-12,3121.92,3150.15,2975.16,2985.44,275732636,303388196864.0
2010-11-15,2984.87,3016.13,2939.68,3014.41,182643164,200616001536.0
2010-11-16,3007.64,3007.64,2885.75,2894.54,202748649,225428537344.0
2010-11-17,2852.48,2891.05,2824.12,2838.86,150755557,162051637248.0
2010-11-18,2855.6,2873.7,2827.18,2865.45,128359873,130717966336.0
2010-11-19,2879.66,2888.75,2806.64,2888.57,151705030,158924800000.0
2010-11-22,2861.61,2904.97,2852.77,2884.37,149004432,165210783744.0
2010-11-23,2872.17,2872.17,2791.58,2828.28,138528668,147786465280.0
2010-11-24,2794.86,2861.49,2794.86,2859.94,138859441,150474817536.0
2010-11-25,2875.86,2901.68,2856.96,2898.26,150993379,169509027840.0
2010-11-26,2890.29,2894.42,2851.96,2871.7,124679931,145357275136.0
2010-11-29,2861.15,2878.83,2841.79,2866.36,115034138,135520182272.0
2010-11-30,2863.41,2881.16,2758.92,2820.18,164585303,176139042816.0
2010-12-01,2810.54,2834.2,2795.81,2823.45,93095696,105726959616.0
2010-12-02,2860.46,2870.81,2841.47,2843.61,115736917,133725143040.0
2010-12-03,2846.73,2853.4,2822.74,2842.43,96481075,107496554496.0
2010-12-06,2850.38,2871.41,2831.7,2857.18,103928537,112639049728.0
2010-12-07,2843.77,2884.53,2809.11,2875.86,101184182,113049059328.0
2010-12-08,2868.73,2880.56,2843.94,2848.55,99224980,111757533184.0
2010-12-09,2837.61,2854.7,2808.51,2810.95,104740660,109956661248.0
2010-12-10,2798.74,2850.42,2792.52,2841.04,92410224,99589226496.0
2010-12-13,2850.32,2923.77,2847.66,2922.95,144036381,161839710208.0
2010-12-14,2928.3,2933.41,2912.42,2927.08,132789463,154467745792.0
2010-12-15,2927.26,2939.05,2905.65,2911.41,121115585,144768040960.0
2010-12-16,2908.86,2921.27,2891.86,2898.14,95086936,110768857088.0
2010-12-17,2896.77,2898.81,2881.0,2893.74,81044838,94717992960.0
2010-12-20,2901.47,2911.56,2804.56,2852.92,133646239,148829650944.0
2010-12-21,2857.59,2908.17,2846.63,2904.11,126443460,138778656768.0
2010-12-22,2910.73,2917.2,2867.05,2877.9,111527796,127590596608.0
2010-12-23,2874.2,2893.71,2849.84,2855.22,101062518,110854176768.0
2010-12-24,2841.35,2853.49,2813.5,2835.16,94833605,97556463616.0
2010-12-27,2842.81,2876.81,2774.54,2781.4,113573302,125178019840.0
2010-12-28,2768.03,2775.15,2730.41,2732.99,99402208,98704146432.0
2010-12-29,2735.48,2753.02,2721.48,2751.53,73072702,77247209472.0
2010-12-30,2751.97,2768.13,2724.54,2759.57,83045226,87203594240.0
2010-12-31,2759.16,2808.93,2758.13,2808.08,94574606,109728227328.0
2011-01-04,2825.33,2855.4,2810.11,2852.65,122603786,147099287552.0
2011-01-05,2833.12,2850.49,2824.3,2838.59,115080018,136605556736.0
2011-01-06,2838.44,2853.88,2816.95,2824.2,93262308,114393079808.0
2011-01-07,2820.67,2868.0,2807.87,2838.8,130892453,139308482560.0
2011-01-10,2832.62,2847.36,2786.86,2791.81,102350530,112231858176.0
2011-01-11,2783.48,2810.76,2770.34,2804.05,91000762,95790473216.0
2011-01-12,2811.78,2828.47,2788.13,2821.3,88306879,89286860800.0
2011-01-13,2830.53,2837.53,2810.87,2827.71,82491775,88898904064.0
2011-01-14,2817.05,2817.05,2780.44,2791.34,84545719,91633254400.0
2011-01-17,2772.45,2780.94,2698.78,2706.66,108833417,106820714496.0
2011-01-18,2696.15,2715.41,2683.37,2708.98,69954664,68839817216.0
2011-01-19,2707.82,2759.6,2700.81,2758.1,88787874,90985005056.0
2011-01-20,2752.8,2752.8,2676.13,2677.65,96939735,96876167168.0
2011-01-21,2668.68,2746.18,2667.29,2715.29,110451978,104579031040.0
2011-01-24,2716.52,2736.11,2690.65,2695.72,97761295,97331437568.0
2011-01-25,2691.69,2701.04,2661.45,2677.43,79592282,76698460160.0
2011-01-26,2677.17,2710.74,2676.77,2708.81,67051842,68095148032.0
2011-01-27,2690.82,2753.0,2677.21,2749.15,117284234,116641243136.0
2011-01-28,2741.31,2759.44,2733.29,2752.75,91330388,99291856896.0
2011-01-31,2751.53,2790.92,2748.54,2790.69,98398465,107657560064.0
2011-02-01,2795.07,2805.05,2785.3,2798.96,78654505,90772496384.0
2011-02-09,2778.7,2804.21,2764.87,2774.06,95661046,105899646976.0
2011-02-10,2769.65,2819.06,2760.18,2818.16,106859974,118279651328.0
2011-02-11,2815.12,2835.41,2807.6,2827.33,116818537,128777969664.0
2011-02-14,2828.57,2906.26,2828.57,2899.13,171236743,182199173120.0
2011-02-15,2900.43,2934.47,2892.64,2899.24,168122251,189514072064.0
2011-02-16,2893.68,2924.19,2882.55,2923.9,139229772,161636286464.0
2011-02-17,2929.25,2939.28,2905.03,2926.96,141037735,170609098752.0
2011-02-18,2924.23,2924.23,2890.26,2899.79,124413192,143486877696.0
2011-02-21,2886.54,2932.82,2884.19,2932.25,130003748,147746553856.0
2011-02-22,2941.32,2944.41,2851.62,2855.52,171422414,194421161984.0
2011-02-23,2844.99,2868.48,2839.2,2862.63,120439995,138999595008.0
2011-02-24,2861.39,2881.54,2854.56,2878.6,119196731,138582360064.0
2011-02-25,2876.78,2890.32,2848.65,2878.56,109603082,125575315456.0
2011-02-28,2880.17,2906.17,2861.82,2905.05,127274935,149576318976.0
2011-03-01,2906.28,2931.58,2901.55,2918.92,148645028,173892157440.0
2011-03-02,2905.51,2924.96,2883.57,2913.81,144173382,167054180352.0
2011-03-03,2918.73,2937.56,2900.76,2902.98,164828973,179827998720.0
2011-03-04,2902.19,2944.46,2898.08,2942.31,129271958,146052792320.0
2011-03-07,2952.72,3000.43,2952.72,2996.21,177510040,210234769408.0
2011-03-08,2996.73,3001.62,2976.6,2999.94,137269607,170430955520.0
2011-03-09,3002.55,3012.04,2989.34,3002.15,135053915,166821396480.0
2011-03-10,2995.77,2995.77,2954.37,2957.14,135238994,168228782080.0
2011-03-11,2942.42,2966.98,2927.68,2933.8,127845915,154274938880.0
2011-03-14,2923.98,2939.65,2914.46,2937.63,125582010,153795985408.0
2011-03-15,2927.98,2927.98,2850.95,2896.26,172272612,189815701504.0
2011-03-16,2894.25,2934.02,2894.25,2930.8,140044614,167171293184.0
2011-03-17,2906.96,2935.63,2885.65,2897.3,147421746,171981078528.0
2011-03-18,2920.81,2930.61,2900.87,2906.89,107808469,128490897408.0
2011-03-21,2913.91,2927.07,2895.15,2909.14,105097982,123623440384.0
2011-03-22,2917.69,2923.39,2884.75,2919.14,106469168,121852993536.0
2011-03-23,2919.02,2950.42,2911.63,2948.48,122810342,139787780096.0
2011-03-24,2949.85,2958.66,2942.13,2946.71,116307680,138238558208.0
2011-03-25,2948.54,2985.08,2946.7,2977.81,153205493,173562363904.0
2011-03-28,2985.36,3005.78,2979.2,2984.0,169306069,198231261184.0
2011-03-29,2979.86,2994.17,2953.54,2958.08,180640107,201697280000.0
2011-03-30,2955.45,2968.18,2935.75,2955.77,139370046,154444988416.0
2011-03-31,2954.65,2961.63,2914.38,2928.11,116767620,135660912640.0
2011-04-01,2932.48,2967.85,2924.39,2967.41,110219751,127272837120.0
2011-04-06,2964.21,3005.24,2963.9,3001.36,156718414,178704629760.0
2011-04-07,3003.2,3012.29,2990.31,3007.91,133886713,154311131136.0
2011-04-08,3005.37,3031.1,2998.34,3030.02,123817025,148542341120.0
2011-04-11,3037.91,3059.57,3019.89,3022.75,158087448,184386568192.0
2011-04-12,3012.79,3039.12,3003.45,3021.37,157956281,167117832192.0
2011-04-13,3006.83,3050.4,2994.47,3050.4,138585678,148905771008.0
2011-04-14,3049.67,3058.24,3036.73,3042.64,140801851,150275932160.0
2011-04-15,3036.34,3062.53,3020.16,3050.53,141741926,150697164800.0
2011-04-18,3040.53,3067.46,3037.19,3057.33,150764093,162870640640.0
2011-04-19,3038.81,3038.81,2996.22,2999.04,153485258,167927742464.0
2011-04-20,3005.98,3019.12,2992.67,3007.04,128317167,144904617984.0
2011-04-21,3021.77,3035.47,3012.54,3026.67,128332496,148319436800.0
2011-04-22,3025.7,3032.97,3004.47,3010.52,124375145,138236018688.0
2011-04-25,3003.03,3003.61,2964.64,2964.95,128284888,142058225664.0
2011-04-26,2956.95,2970.28,2931.5,2938.98,106497504,113890836480.0
2011-04-27,2946.33,2961.13,2907.66,2925.41,116709578,116293386240.0
2011-04-28,2937.95,2953.19,2884.84,2887.04,121275676,117862817792.0
2011-04-29,2886.63,2913.56,2871.01,2911.51,101989391,95097004032.0
2011-05-03,2911.51,2933.46,2890.23,2932.19,108343988,104159657984.0
2011-05-04,2916.84,2916.97,2860.07,2866.02,124379051,126914650112.0
2011-05-05,2854.77,2880.13,2849.91,2872.4,98861012,99921805312.0
2011-05-06,2842.76,2881.71,2834.46,2863.89,102577116,106606075904.0
2011-05-09,2868.24,2885.18,2861.42,2872.46,87632168,94783381504.0
2011-05-10,2876.98,2891.03,2865.1,2890.63,87583240,96995082240.0
2011-05-11,2890.35,2897.14,2868.35,2883.42,97584234,107788017664.0
2011-05-12,2864.98,2876.45,2843.1,2844.08,106428484,115013320704.0
2011-05-13,2846.31,2871.99,2832.25,2871.03,103797662,105286844416.0
2011-05-16,2864.38,2877.09,2846.31,2849.07,91146871,96655507456.0
2011-05-17,2846.45,2869.23,2821.2,2852.77,102872165,110882775040.0
2011-05-18,2846.73,2877.43,2843.68,2872.77,83814176,91304460288.0
2011-05-19,2879.39,2884.14,2856.83,2859.57,83407241,92002295808.0
2011-05-20,2858.31,2866.76,2850.45,2858.46,75151421,84605231104.0
2011-05-23,2853.29,2853.29,2771.12,2774.57,107910958,112663347200.0
2011-05-24,2766.06,2771.75,2744.78,2767.06,82556845,89829720064.0
2011-05-25,2764.56,2771.18,2737.33,2741.74,80872913,87059824640.0
2011-05-26,2755.39,2764.89,2734.54,2736.53,86296156,93521297408.0
2011-05-27,2739.39,2746.84,2708.55,2709.95,93607904,93187325952.0
2011-05-30,2704.49,2728.06,2689.21,2706.36,73811397,72145698816.0
2011-05-31,2707.56,2744.93,2702.09,2743.47,78432043,79055486976.0
2011-06-01,2737.06,2744.56,2726.5,2743.57,79444360,78783373312.0
2011-06-02,2715.32,2728.0,2676.54,2705.18,96806564,95553929216.0
2011-06-03,2701.77,2732.43,2701.25,2728.02,74710689,79125315584.0
2011-06-07,2720.97,2745.77,2717.31,2744.3,71784301,79913369600.0
2011-06-08,2742.04,2754.12,2715.25,2750.29,80551647,88231337984.0
2011-06-09,2743.54,2747.33,2702.7,2703.34,88705414,95853101056.0
2011-06-10,2696.13,2707.74,2672.32,2705.14,79638863,83971416064.0
2011-06-13,2687.65,2703.42,2669.4,2700.38,69760572,74062381056.0
2011-06-14,2696.22,2735.55,2691.67,2730.04,89853815,96063504384.0
2011-06-15,2717.68,2730.48,2705.07,2705.43,79347958,86069469184.0
2011-06-16,2685.63,2691.94,2663.12,2664.28,76455594,77300768768.0
2011-06-17,2661.41,2675.03,2641.39,2642.82,70244511,75238383616.0
2011-06-20,2635.83,2637.88,2610.99,2621.25,67629608,66141503488.0
2011-06-21,2628.02,2648.02,2618.81,2646.48,71564203,74109124608.0
2011-06-22,2648.53,2657.73,2633.47,2649.32,63745434,65344770048.0
2011-06-23,2640.66,2693.42,2630.34,2688.25,81092961,83468582912.0
2011-06-24,2678.05,2759.71,2674.3,2746.21,139445432,144335912960.0
2011-06-27,2746.79,2769.04,2743.5,2758.23,110150858,117141372928.0
2011-06-28,2759.71,2763.28,2736.4,2759.2,94974797,104902033408.0
2011-06-29,2757.4,2759.23,2727.25,2728.48,94571113,99758456832.0
2011-06-30,2729.99,2774.36,2729.99,2762.08,102322632,104379187200.0
2011-07-01,2767.83,2778.67,2752.97,2759.36,101893132,106444529664.0
2011-07-04,2770.94,2813.27,2770.94,2812.82,138419239,145547640832.0
2011-07-05,2812.72,2818.14,2799.11,2816.35,117236370,129553776640.0
2011-07-06,2811.81,2811.81,2780.73,2810.48,110007038,122990297088.0
2011-07-07,2813.19,2825.12,2793.89,2794.27,126737517,141310181376.0
2011-07-08,2797.03,2807.38,2784.13,2797.77,92237122,103601684480.0
2011-07-11,2789.45,2807.32,2780.67,2802.69,91836057,102142574592.0
2011-07-12,2783.72,2783.72,2752.19,2754.58,103674393,112393633792.0
2011-07-13,2756.03,2797.27,2756.03,2795.48,99659093,108678397952.0
2011-07-14,2798.21,2811.7,2788.98,2810.44,109687292,126290747392.0
2011-07-15,2803.58,2821.34,2794.16,2820.17,114861888,128574341120.0
2011-07-18,2821.36,2826.96,2807.11,2816.69,113465532,130225938432.0
2011-07-19,2804.92,2809.31,2790.69,2796.98,97197375,110702043136.0
2011-07-20,2810.44,2817.28,2779.38,2794.21,88551256,100294746112.0
2011-07-21,2795.9,2799.85,2763.42,2765.89,88746469,96644841472.0
2011-07-22,2769.86,2782.17,2763.8,2770.79,70211837,82498347008.0
2011-07-25,2759.63,2759.63,2680.75,2688.75,111242249,120856436736.0
2011-07-26,2685.75,2704.94,2677.12,2703.03,72881454,79482937344.0
2011-07-27,2690.14,2726.8,2680.43,2723.49,80407781,92082364416.0
2011-07-28,2701.77,2712.09,2684.66,2708.78,78474915,90451812352.0
2011-07-29,2706.5,2721.53,2681.27,2701.73,75471655,83784761344.0
2011-08-01,2697.57,2712.89,2688.53,2703.78,59000711,66073997312.0
2011-08-02,2689.97,2689.97,2651.28,2679.26,69993181,77994115072.0
2011-08-03,2659.12,2688.06,2654.36,2678.49,63981610,73381011456.0
2011-08-04,2683.19,2698.81,2675.53,2684.04,58872111,69338644480.0
2011-08-05,2620.28,2644.58,2605.14,2626.42,78571833,87777763328.0
2011-08-08,2599.29,2614.19,2497.92,2526.82,110302496,117550546944.0
2011-08-09,2468.03,2537.41,2437.68,2526.07,103723892,107745075200.0
2011-08-10,2562.39,2579.16,2544.95,2549.18,100369343,104038326272.0
2011-08-11,2508.86,2582.16,2505.01,2581.51,95597265,100089143296.0
2011-08-12,2593.4,2605.45,2585.85,2593.17,97171206,100034764800.0
2011-08-15,2598.14,2627.1,2584.41,2626.77,88676842,90997350400.0
2011-08-16,2627.85,2636.36,2601.5,2608.17,85226861,90247921664.0
2011-08-17,2603.96,2617.17,2596.04,2601.26,70109146,72200593408.0
2011-08-18,2601.99,2603.49,2556.86,2559.47,70989277,76087951360.0
2011-08-19,2519.65,2538.27,2513.75,2534.36,70606801,73771900928.0
2011-08-22,2534.57,2553.42,2507.78,2515.86,61214429,65524543488.0
2011-08-23,2524.88,2554.18,2514.95,2554.02,60944193,63210700800.0
2011-08-24,2562.41,2569.28,2536.26,2541.09,65462469,70690693120.0
2011-08-25,2546.4,2616.3,2545.05,2615.26,104537978,104570298368.0
2011-08-26,2602.21,2616.64,2593.24,2612.19,77850450,81503338496.0
2011-08-29,2595.47,2595.47,2570.84,2576.41,73696095,78406746112.0
2011-08-30,2592.6,2615.14,2563.69,2566.59,75910686,79541813248.0
2011-08-31,2566.53,2574.42,2545.1,2567.34,59169720,62236266496.0
2011-09-01,2569.8,2584.8,2547.85,2556.04,57290927,59881558016.0
2011-09-02,2551.56,2557.31,2517.62,2528.28,54436581,55969021952.0
2011-09-05,2510.1,2510.1,2478.2,2478.74,55031066,56402276352.0
2011-09-06,2465.56,2482.24,2459.54,2470.52,49223173,50140332032.0
2011-09-07,2480.94,2516.75,2475.22,2516.09,59665860,61951467520.0
2011-09-08,2523.96,2524.38,2498.11,2498.94,55271952,60046843904.0
2011-09-09,2506.97,2528.42,2487.15,2497.75,51253380,53535158272.0
2011-09-13,2467.73,2477.08,2453.8,2471.3,49930919,51851702272.0
2011-09-14,2478.59,2485.93,2439.37,2484.83,54065977,54761652224.0
2011-09-15,2482.86,2496.57,2477.65,2479.05,56003688,55860903936.0
2011-09-16,2490.18,2499.48,2475.76,2482.34,47986854,49584869376.0
2011-09-19,2469.6,2469.6,2437.17,2437.79,48746822,48599666688.0
2011-09-20,2433.72,2460.03,2426.7,2447.75,46265892,47956373504.0
2011-09-21,2450.12,2517.67,2438.85,2512.96,86689276,88188035072.0
2011-09-22,2491.21,2499.98,2442.46,2443.06,74695409,74891288576.0
2011-09-23,2411.83,2440.75,2400.14,2433.16,67302693,67947196416.0
2011-09-26,2416.23,2441.73,2384.64,2393.18,57425042,58915926016.0
2011-09-27,2410.99,2423.91,2395.16,2415.05,55231432,55315103744.0
2011-09-28,2427.29,2430.27,2383.4,2392.06,55758447,55720882176.0
2011-09-29,2378.42,2387.54,2358.57,2365.34,59191239,57021448192.0
2011-09-30,2368.4,2377.54,2348.22,2359.22,48818372,46104608768.0
2011-10-10,2363.08,2368.15,2338.69,2344.79,41745306,39926411264.0
2011-10-11,2401.74,2412.38,2323.41,2348.52,63975806,62773514240.0
2011-10-12,2335.49,2421.69,2318.63,2420.0,91508568,84438392832.0
2011-10-13,2412.83,2439.64,2406.28,2438.79,87860106,82192310272.0
2011-10-14,2429.89,2437.59,2409.29,2431.38,60673160,58276065280.0
2011-10-17,2434.49,2452.99,2424.73,2440.4,58267682,57704517632.0
2011-10-18,2423.28,2425.65,2378.67,2383.49,79525744,69338906624.0
2011-10-19,2387.83,2401.69,2374.42,2377.51,58534637,53173514240.0
2011-10-20,2365.91,2368.64,2315.9,2331.37,65425216,57867763712.0
2011-10-21,2330.51,2340.31,2313.78,2317.27,48436726,43725376768.0
2011-10-24,2322.02,2371.09,2307.15,2370.33,70874071,62971553792.0
2011-10-25,2366.4,2414.05,2357.39,2409.67,90888876,83635007488.0
2011-10-26,2398.19,2448.98,2394.73,2427.48,107447168,98578022400.0
2011-10-27,2432.47,2449.7,2426.31,2435.61,82408960,75098558464.0
2011-10-28,2462.08,2483.76,2456.18,2473.41,110032722,104186687488.0
2011-10-31,2470.25,2478.31,2455.2,2468.25,84172562,81783447552.0
2011-11-01,2450.33,2491.35,2445.53,2470.02,88892416,85052780544.0
2011-11-02,2437.87,2505.12,2433.72,2504.11,105468198,102082764800.0
2011-11-03,2510.84,2535.24,2507.3,2508.09,136576325,136305610752.0
2011-11-04,2525.24,2536.78,2512.9,2528.29,101873674,99981185024.0
2011-11-07,2518.9,2536.18,2507.61,2509.8,78867174,78893506560.0
2011-11-08,2514.26,2524.82,2500.02,2503.84,78672655,76914040832.0
2011-11-09,2512.59,2527.7,2489.02,2524.92,78208571,78141603840.0
2011-11-10,2498.59,2507.45,2478.14,2479.54,87111089,85463859200.0
2011-11-11,2483.96,2496.53,2472.76,2481.08,66137667,65005133568.0
2011-11-14,2498.67,2529.63,2496.33,2528.71,81229811,82523779072.0
2011-11-15,2525.95,2534.06,2518.7,2529.76,79227750,80497344512.0
2011-11-16,2529.07,2529.46,2456.86,2466.96,93382108,92396961792.0
2011-11-17,2467.7,2482.53,2459.16,2463.05,66414285,65902702080.0
2011-11-18,2448.39,2448.51,2411.04,2416.56,72180808,70566567936.0
2011-11-21,2416.73,2419.24,2396.09,2415.13,50170365,49511107840.0
2011-11-22,2400.98,2414.85,2387.83,2412.62,51443233,50689583360.0
2011-11-23,2415.2,2418.56,2390.65,2395.06,50547850,50043359744.0
2011-11-24,2379.15,2409.72,2370.69,2397.55,52154148,51411098368.0
2011-11-25,2393.33,2403.94,2372.62,2380.22,45362552,46246206976.0
2011-11-28,2383.89,2396.83,2372.16,2383.03,46064666,46414831616.0
2011-11-29,2398.99,2413.33,2388.2,2412.39,55123190,57068884992.0
2011-11-30,2406.33,2407.32,2319.44,2333.41,76611103,72215265280.0
2011-12-01,2392.48,2423.56,2376.92,2386.86,98650045,95200518144.0
2011-12-02,2374.9,2378.3,2344.85,2360.66,59868846,57320156672.0
2011-12-05,2363.11,2363.13,2327.61,2333.23,52214968,48641215744.0
2011-12-06,2326.66,2331.89,2310.16,2325.91,45917076,42625594880.0
2011-12-07,2325.56,2339.85,2317.81,2332.73,41570306,39767464448.0
2011-12-08,2329.91,2346.65,2302.64,2329.82,51473521,49219492864.0
2011-12-09,2315.51,2331.26,2309.46,2315.27,39988559,38885193984.0
2011-12-12,2312.15,2315.81,2290.26,2291.54,39632577,36516062464.0
2011-12-13,2283.22,2285.81,2245.87,2248.59,58627476,51593326592.0
2011-12-14,2241.39,2256.74,2224.73,2228.52,44079821,38621178624.0
2011-12-15,2215.79,2216.91,2179.47,2180.9,56712187,47305130496.0
2011-12-16,2179.51,2225.54,2170.75,2224.84,57265902,50568967424.0
2011-12-19,2208.07,2221.45,2164.89,2218.24,57818463,49717681408.0
2011-12-20,2209.7,2239.86,2206.52,2215.93,52761114,46564369408.0
2011-12-21,2230.18,2237.47,2188.71,2191.15,50877261,46125532160.0
2011-12-22,2178.57,2201.59,2149.42,2186.3,58986117,48023419136.0
2011-12-23,2183.91,2219.78,2178.14,2204.78,52421325,43478781952.0
2011-12-26,2193.66,2213.45,2186.07,2190.11,43613663,36403330816.0
2011-12-27,2186.71,2196.97,2162.72,2166.21,45712179,37400003584.0
2011-12-28,2157.65,2170.67,2134.02,2170.01,49633436,40007345152.0
2011-12-29,2161.18,2181.96,2157.11,2173.56,44749199,35989659648.0
2011-12-30,2177.52,2200.99,2177.52,2199.42,51943836,42698835712.0
2012-01-04,2212.0,2217.52,2168.64,2169.39,49245537,40632918528.0
2012-01-05,2160.9,2183.4,2145.56,2148.45,58743447,46603965440.0
2012-01-06,2148.15,2164.32,2132.63,2163.4,50583053,39465868032.0
2012-01-09,2164.74,2226.22,2148.45,2225.89,76759839,62132963584.0
2012-01-10,2221.83,2288.63,2218.27,2285.74,109585416,91045904384.0
2012-01-11,2282.91,2290.64,2265.19,2276.05,84441779,74264707072.0
2012-01-12,2268.74,2295.22,2265.25,2275.01,71569994,63945881088.0
2012-01-13,2277.08,2281.53,2225.74,2244.58,71474322,64030025728.0
2012-01-16,2230.43,2241.26,2206.04,2206.19,45859523,42884791296.0
2012-01-17,2206.53,2298.38,2196.12,2298.38,87803561,77406846976.0
2012-01-18,2298.83,2311.58,2257.9,2266.38,89940421,80655237120.0
2012-01-19,2266.08,2305.71,2259.34,2296.07,72498862,63886737664.0
2012-01-20,2300.5,2322.89,2293.89,2319.12,69922752,62906415616.0
2012-01-30,2324.49,2324.49,2284.29,2285.04,58413688,51868459264.0
2012-01-31,2285.95,2296.38,2277.05,2292.61,48738324,43777519872.0
2012-02-01,2288.07,2305.86,2263.34,2268.08,53553810,48554972416.0
2012-02-02,2273.85,2312.56,2268.69,2312.56,63471872,57682360320.0
2012-02-03,2306.66,2336.27,2300.98,2330.41,78943698,70249340928.0
2012-02-06,2334.25,2341.57,2317.42,2331.14,75734477,67305626624.0
2012-02-07,2319.42,2319.71,2278.82,2291.9,67326904,58091080448.0
2012-02-08,2291.81,2350.97,2286.82,2347.53,87114527,80885698560.0
2012-02-09,2344.22,2363.61,2333.93,2349.59,98032325,89658695680.0
2012-02-10,2342.01,2368.98,2339.88,2351.98,96501619,82222469120.0
2012-02-13,2332.05,2365.34,2325.03,2351.85,86263585,77715390464.0
2012-02-14,2348.88,2352.47,2332.25,2344.77,73130414,66294933760.0
2012-02-15,2340.46,2374.28,2335.1,2366.7,98861020,87632871424.0
2012-02-16,2363.9,2373.8,2342.07,2356.86,95051169,83758448640.0
2012-02-17,2366.63,2372.51,2344.76,2357.18,71924838,65121696768.0
2012-02-20,2383.69,2388.01,2362.01,2363.6,88911585,82306945024.0
2012-02-21,2365.49,2382.15,2345.05,2381.43,79348669,74538520576.0
2012-02-22,2380.5,2404.44,2374.03,2403.59,118684268,109092241408.0
2012-02-23,2401.74,2416.8,2396.71,2409.55,112553592,105469685760.0
2012-02-24,2410.88,2439.98,2405.27,2439.63,134903247,121550204928.0
2012-02-27,2447.41,2478.38,2444.63,2447.06,158073244,144685592576.0
2012-02-28,2440.91,2458.65,2431.83,2451.86,118361992,107000287232.0
2012-02-29,2446.23,2453.07,2426.33,2428.49,95536952,91908382720.0
2012-03-01,2418.79,2437.87,2418.33,2426.11,75083290,71067885568.0
2012-03-02,2430.1,2461.12,2430.1,2460.69,103228378,96453865472.0
2012-03-05,2464.85,2469.84,2442.11,2445.0,112693327,107604373504.0
2012-03-06,2439.78,2442.0,2406.05,2410.45,103709010,100674334720.0
2012-03-07,2391.2,2413.7,2388.52,2394.79,94790636,91730685952.0
2012-03-08,2401.1,2426.7,2401.1,2420.28,96782134,93410828288.0
2012-03-09,2425.89,2440.51,2414.97,2439.46,100624056,100411482112.0
2012-03-12,2438.55,2440.86,2420.84,2434.86,106223058,108158111744.0
2012-03-13,2432.84,2457.22,2428.61,2455.79,104649713,102576930816.0
2012-03-14,2464.92,2476.22,2382.83,2391.23,179786030,170736656384.0
2012-03-15,2388.06,2403.74,2366.02,2373.77,120025498,112260878336.0
2012-03-16,2377.76,2406.15,2368.31,2404.74,103675620,102406004736.0
2012-03-19,2401.22,2412.33,2383.67,2410.18,102153490,102981668864.0
2012-03-20,2407.54,2407.54,2376.03,2376.84,97903936,94620913664.0
2012-03-21,2384.71,2396.72,2361.22,2378.2,95686538,94949638144.0
2012-03-22,2376.99,2386.1,2364.13,2375.77,79348879,76900868096.0
2012-03-23,2369.08,2371.26,2342.12,2349.54,76862139,74138714112.0
2012-03-26,2349.08,2358.0,2339.14,2350.6,55427732,54051832832.0
2012-03-27,2358.54,2363.77,2344.3,2347.18,60881116,65159971584.0
2012-03-28,2341.0,2341.42,2281.43,2284.88,83645284,78231138304.0
2012-03-29,2276.74,2280.96,2242.34,2252.16,74248082,68018095616.0
2012-03-30,2256.04,2266.21,2246.24,2262.79,62024146,55962029824.0
2012-04-05,2258.03,2303.82,2251.39,2302.24,80101455,74602340352.0
2012-04-06,2299.05,2309.64,2291.56,2306.55,72136522,68863352832.0
2012-04-09,2300.05,2304.65,2284.44,2285.78,59760640,55129724416.0
2012-04-10,2281.02,2306.39,2258.85,2305.86,67345526,63133960704.0
2012-04-11,2286.72,2319.05,2280.03,2308.93,75130068,67516503040.0
2012-04-12,2310.48,2351.05,2307.84,2350.86,97687895,87315828736.0
2012-04-13,2351.51,2369.7,2346.94,2359.16,98774413,92321435648.0
2012-04-16,2346.31,2364.11,2342.2,2357.03,85322683,73752834048.0
2012-04-17,2355.37,2363.01,2333.34,2334.99,84688445,72470716416.0
2012-04-18,2341.14,2383.64,2337.86,2380.85,108612544,93123039232.0
2012-04-19,2378.63,2386.98,2369.46,2378.63,94272420,89960919040.0
2012-04-20,2374.66,2407.29,2372.13,2406.86,115522063,101772111872.0
2012-04-23,2403.52,2411.51,2383.07,2388.59,122907556,109412433920.0
2012-04-24,2380.24,2415.75,2350.4,2388.83,133722355,117494693888.0
2012-04-25,2382.21,2411.42,2376.62,2406.81,130972867,113070084096.0
2012-04-26,2408.56,2414.75,2393.26,2404.7,115529587,104823226368.0
2012-04-27,2402.43,2408.42,2393.87,2396.32,91228349,84016070656.0
2012-05-02,2421.08,2446.35,2407.79,2438.44,128006006,123975245824.0
2012-05-03,2433.59,2441.95,2427.73,2440.08,102248492,102185836544.0
2012-05-04,2437.46,2453.73,2427.97,2452.01,102204869,102378295296.0
2012-05-07,2441.76,2451.95,2432.74,2451.95,108830106,111395000320.0
2012-05-08,2451.57,2451.6,2431.02,2448.88,104855537,104969662464.0
2012-05-09,2432.47,2432.47,2407.51,2408.59,97902213,99521224704.0
2012-05-10,2409.95,2419.12,2402.2,2410.23,81698470,81054863360.0
2012-05-11,2406.07,2415.98,2393.38,2394.98,74863995,75815759872.0
2012-05-14,2408.26,2411.27,2377.98,2380.73,90526339,89364340736.0
2012-05-15,2367.08,2376.59,2354.61,2374.84,77922916,77334728704.0
2012-05-16,2369.29,2372.03,2344.5,2346.19,76733829,74181726208.0
2012-05-17,2347.18,2383.3,2342.35,2378.89,86870029,81458438144.0
2012-05-18,2364.9,2369.6,2338.24,2344.52,89689418,78956445696.0
2012-05-21,2343.57,2360.39,2330.32,2348.3,74840340,70052966400.0
2012-05-22,2355.73,2374.06,2354.87,2373.31,76779781,75374526464.0
2012-05-23,2369.26,2378.08,2350.55,2363.44,84216581,84886659072.0
2012-05-24,2359.68,2373.06,2344.58,2350.97,79206804,76840603648.0
2012-05-25,2350.54,2355.81,2327.41,2333.55,74019251,68024547840.0
2012-05-28,2325.32,2361.74,2309.07,2361.37,94962104,86735892480.0
2012-05-29,2361.0,2393.28,2358.37,2389.64,117157724,111363645440.0
2012-05-30,2385.39,2391.69,2378.13,2384.67,89809792,84828401664.0
2012-05-31,2370.01,2382.99,2362.31,2372.23,77890227,75383459840.0
2012-06-01,2373.22,2388.09,2365.44,2373.44,77021924,77078142976.0
2012-06-04,2346.98,2348.2,2308.23,2308.55,90179346,86903300096.0
2012-06-05,2313.74,2323.3,2304.05,2311.92,66078528,64099737600.0
2012-06-06,2315.56,2323.11,2301.03,2309.55,58532027,58562081280.0
2012-06-07,2324.67,2328.67,2288.67,2293.13,60232049,59646400512.0
2012-06-08,2306.22,2306.88,2276.71,2281.45,67924641,63755911168.0
2012-06-11,2282.89,2311.77,2278.16,2305.86,64197967,60177220352.0
2012-06-12,2295.07,2298.95,2280.95,2289.79,59941983,55298586624.0
2012-06-13,2289.71,2319.71,2284.65,2318.92,78454349,73945583616.0
2012-06-14,2306.78,2314.58,2293.06,2295.95,71633720,68928753664.0
2012-06-15,2299.78,2314.24,2283.4,2306.85,68687580,67855915008.0
2012-06-18,2313.53,2325.05,2309.71,2316.05,60594621,60309396224.0
2012-06-19,2313.45,2313.45,2298.39,2300.79,60135905,57869602304.0
2012-06-20,2300.41,2304.46,2291.54,2292.88,54103954,50568121856.0
2012-06-21,2288.45,2288.45,2253.79,2260.88,58992013,54696856320.0
2012-06-25,2253.51,2253.51,2223.05,2224.11,59768952,54809336064.0
2012-06-26,2214.65,2229.24,2203.94,2222.07,52940797,47281397760.0
2012-06-27,2219.94,2233.54,2213.32,2216.93,51049126,45220313856.0
2012-06-28,2220.24,2224.16,2195.35,2195.84,54182182,50299744768.0
2012-06-29,2190.58,2226.49,2188.72,2225.43,61441884,55964660480.0
2012-07-02,2234.32,2234.87,2215.36,2226.11,62196206,60638957824.0
2012-07-03,2225.57,2244.83,2219.05,2229.19,62703022,60441034752.0
2012-07-04,2233.33,2239.27,2219.45,2227.31,55273656,52367380224.0
2012-07-05,2218.22,2218.22,2192.65,2201.35,57967933,52088149248.0
2012-07-06,2203.73,2227.47,2185.52,2223.58,76557916,70766411776.0
2012-07-09,2210.71,2216.7,2168.61,2170.81,75111470,69313224704.0
2012-07-10,2166.95,2178.19,2156.73,2164.44,58993971,53225562112.0
2012-07-11,2160.02,2176.49,2156.6,2175.38,58614472,53413031936.0
2012-07-12,2172.06,2197.04,2152.67,2185.49,82133763,79627358208.0
2012-07-13,2180.17,2198.66,2177.92,2185.9,57546839,56114765568.0
2012-07-16,2187.89,2188.06,2146.15,2147.96,67487680,62714720000.0
2012-07-17,2142.43,2165.33,2141.48,2161.19,55184407,52050624768.0
2012-07-18,2159.86,2170.3,2138.79,2169.1,66552658,59282117120.0
2012-07-19,2164.27,2197.79,2159.94,2184.84,79338048,68350742528.0
2012-07-20,2180.01,2185.73,2162.06,2168.64,64346673,54549967104.0
2012-07-23,2154.17,2154.17,2135.56,2141.4,55677082,47984498176.0
2012-07-24,2132.32,2158.95,2131.01,2146.59,54411284,46650467072.0
2012-07-25,2141.04,2151.45,2132.83,2136.15,48575895,41112394752.0
2012-07-26,2134.99,2147.66,2124.16,2126.0,52884076,44906166016.0
2012-07-27,2132.01,2139.15,2120.63,2128.76,52076920,46680224000.0
2012-07-30,2128.16,2137.74,2107.63,2109.91,51992381,42406106624.0
2012-07-31,2109.32,2116.9,2100.25,2103.63,53456097,43470814464.0
2012-08-01,2101.72,2130.71,2101.71,2123.36,53804603,44407565312.0
2012-08-02,2120.15,2126.46,2103.5,2111.18,53467538,41781302272.0
2012-08-03,2113.96,2133.27,2108.33,2132.8,53371328,43755341312.0
2012-08-06,2129.15,2158.68,2127.26,2154.92,71843205,61162418944.0
2012-08-07,2153.09,2159.68,2148.9,2157.62,75049797,61939172352.0
2012-08-08,2158.98,2168.73,2153.02,2160.99,72869537,62324848128.0
2012-08-09,2159.43,2175.54,2148.69,2174.1,72529244,65269645568.0
2012-08-10,2172.96,2176.79,2165.28,2168.81,68368558,60929040640.0
2012-08-13,2164.04,2164.04,2134.55,2136.08,71352323,63097889024.0
2012-08-14,2137.05,2144.01,2119.25,2142.52,67571589,59676955648.0
2012-08-15,2138.28,2139.14,2118.5,2118.95,54609393,45974551808.0
2012-08-16,2116.08,2122.68,2109.66,2112.2,45173010,38983892736.0
2012-08-17,2111.65,2120.71,2100.79,2114.89,44390633,39157482496.0
2012-08-20,2102.23,2110.78,2089.02,2106.96,46717499,39258125568.0
2012-08-21,2106.38,2124.2,2103.07,2118.27,60756506,51476983808.0
2012-08-22,2118.88,2121.15,2097.6,2107.71,58441413,48951229952.0
2012-08-23,2106.96,2118.74,2097.08,2113.07,58472300,50332396288.0
2012-08-24,2108.36,2109.82,2089.22,2092.1,60178947,49673672960.0
2012-08-27,2085.37,2085.37,2055.38,2055.71,60314834,47863250944.0
2012-08-28,2054.97,2083.96,2052.49,2073.15,54422103,42097863936.0
2012-08-29,2066.82,2073.95,2051.77,2053.24,52209807,41622140160.0
2012-08-30,2044.03,2060.19,2032.54,2052.58,61963791,50764221696.0
2012-08-31,2046.29,2059.3,2044.65,2047.52,46143903,35269787904.0
2012-09-03,2044.82,2066.78,2041.16,2059.15,60635497,47911475456.0
2012-09-04,2060.61,2063.82,2039.27,2043.65,57462182,47574484992.0
2012-09-05,2038.87,2048.32,2029.05,2037.68,57649802,44886467584.0
2012-09-06,2040.67,2052.95,2036.37,2051.92,56091817,42728537088.0
2012-09-07,2062.99,2145.0,2062.99,2127.76,139932623,111136694272.0
2012-09-10,2128.06,2140.17,2120.49,2134.89,103580027,86110736384.0
2012-09-11,2127.52,2127.52,2107.22,2120.55,80426637,65762864384.0
2012-09-12,2129.69,2137.89,2109.14,2126.55,84114742,69157408768.0
2012-09-13,2123.84,2130.08,2110.0,2110.38,79044972,64590831360.0
2012-09-14,2127.39,2136.23,2111.12,2123.85,91248271,76179406848.0
2012-09-17,2120.62,2121.58,2077.48,2078.5,76392233,62461134336.0
2012-09-18,2069.34,2074.76,2053.66,2059.54,53794849,43632379904.0
2012-09-19,2061.06,2069.95,2055.2,2067.83,52243630,43550876160.0
2012-09-20,2060.31,2060.31,2023.08,2024.84,67482657,53959070976.0
2012-09-21,2020.55,2041.95,2018.26,2026.69,60289454,47695123456.0
2012-09-24,2015.77,2040.85,2005.26,2033.19,57637778,45575601408.0
2012-09-25,2028.63,2039.1,2021.81,2029.29,48219407,38445162496.0
2012-09-26,2027.85,2033.04,1999.48,2004.17,50400827,38415066368.0
2012-09-27,2003.1,2068.07,2002.32,2056.32,76691456,60338935808.0
2012-09-28,2042.89,2089.63,2040.35,2086.17,79448952,64802323456.0
2012-10-08,2084.85,2096.26,2063.09,2074.42,55131612,44793732352.0
2012-10-09,2081.59,2119.34,2081.59,2115.23,84563786,67520373248.0
2012-10-10,2111.59,2121.99,2102.53,2119.94,78912033,60531573760.0
2012-10-11,2114.23,2117.84,2101.14,2102.87,74497029,56744435968.0
2012-10-12,2109.07,2127.31,2092.51,2104.93,68262971,51434044928.0
2012-10-15,2105.02,2107.2,2085.11,2098.7,53940751,42308632832.0
2012-10-16,2097.05,2111.78,2089.69,2098.81,57818437,47242197248.0
2012-10-17,2104.28,2113.16,2088.04,2105.62,59874063,47070596352.0
2012-10-18,2108.5,2137.69,2107.49,2131.69,87191091,65711759616.0
2012-10-19,2129.82,2136.87,2125.74,2128.3,67641280,50605600256.0
2012-10-22,2118.52,2138.03,2112.75,2132.76,60117220,47534435072.0
2012-10-23,2132.11,2136.22,2111.92,2114.45,72683807,54013091584.0
2012-10-24,2106.83,2124.0,2104.67,2115.99,72886618,49728088832.0
2012-10-25,2114.76,2128.74,2100.61,2101.58,85393108,55690216704.0
2012-10-26,2100.1,2102.16,2058.06,2066.21,78606436,54248873728.0
2012-10-29,2061.85,2068.24,2053.09,2058.94,53635008,39078110976.0
2012-10-30,2059.2,2075.91,2054.26,2062.35,60569093,42767334912.0
2012-10-31,2061.12,2070.48,2053.58,2068.88,59527235,43159088640.0
2012-11-01,2070.02,2109.5,2069.95,2104.43,82886669,62606643968.0
2012-11-02,2105.45,2119.22,2096.53,2117.05,76557220,55869885440.0
2012-11-05,2113.33,2123.33,2104.58,2114.03,71538762,53222131968.0
2012-11-06,2113.66,2114.79,2078.47,2106.0,71343849,53697998848.0
2012-11-07,2102.42,2112.63,2093.29,2105.73,59380127,47163781120.0
2012-11-08,2091.25,2092.56,2070.65,2071.51,66594560,49276099840.0
2012-11-09,2066.5,2077.23,2062.42,2069.07,54223460,39065354496.0
2012-11-12,2069.21,2079.57,2061.84,2079.27,56694856,42083753216.0
2012-11-13,2078.13,2078.13,2044.04,2047.89,61087293,44605159168.0
2012-11-14,2047.26,2056.49,2040.17,2055.42,48093000,35883690752.0
2012-11-15,2045.46,2053.56,2029.87,2030.29,50556856,37082797824.0
2012-11-16,2026.56,2028.69,2001.71,2014.72,49581681,36821292800.0
2012-11-19,2013.25,2018.38,1995.72,2016.98,45327017,36090720256.0
2012-11-20,2020.43,2023.61,2004.17,2008.92,42580635,33372963584.0
2012-11-21,2008.21,2031.15,1995.17,2030.32,53282020,39658621440.0
2012-11-22,2021.21,2023.08,2009.72,2015.61,45577848,33727414016.0
2012-11-23,2020.02,2034.88,2017.0,2027.38,51551468,38278377984.0
2012-11-26,2023.34,2027.27,2014.03,2017.46,44779551,33110722048.0
2012-11-27,2012.07,2014.21,1990.34,1991.17,56627423,39089182720.0
2012-11-28,1984.48,1984.86,1968.21,1973.52,50505587,34492569600.0
2012-11-29,1972.93,1980.56,1961.82,1963.49,49540088,33179657984.0
2012-11-30,1961.81,1983.42,1959.33,1980.12,56893414,37739106816.0
2012-12-03,1977.25,1988.19,1957.88,1959.77,61653376,43027553536.0
2012-12-04,1956.62,1980.12,1949.46,1975.14,62378122,43054547456.0
2012-12-05,1973.11,2040.6,1970.2,2031.91,119973041,85475971072.0
2012-12-06,2029.56,2036.61,2018.38,2029.24,81459218,58452526336.0
2012-12-07,2028.77,2065.75,2023.96,2061.79,115157289,82158977024.0
2012-12-10,2067.32,2087.01,2064.61,2083.77,115383224,81469435904.0
2012-12-11,2077.56,2088.64,2070.19,2074.7,93370829,67930370560.0
2012-12-12,2073.27,2085.93,2066.39,2082.73,78559140,57115139840.0
2012-12-13,2077.42,2081.36,2059.47,2061.48,72272323,52179639552.0
2012-12-14,2062.69,2152.5,2062.54,2150.62,160873812,117707100160.0
2012-12-17,2152.1,2169.57,2151.94,2160.34,144242217,110556700672.0
2012-12-18,2155.86,2183.71,2144.73,2162.46,126099466,99028893696.0
2012-12-19,2158.67,2175.4,2154.29,2162.24,94391521,75813179392.0
2012-12-20,2156.19,2174.82,2142.95,2168.35,99384184,80073490432.0
2012-12-21,2169.57,2190.4,2148.17,2153.31,103372872,84574355456.0
2012-12-24,2150.65,2170.39,2149.82,2159.05,78469665,67970651904.0
2012-12-25,2154.32,2220.26,2146.86,2213.61,143327708,114873958400.0
2012-12-26,2211.59,2220.48,2206.79,2219.13,121858629,97153765376.0
2012-12-27,2223.66,2234.72,2204.79,2205.9,129023501,100393984000.0
2012-12-28,2207.91,2234.87,2204.0,2233.25,115924933,91970154496.0
2012-12-31,2236.46,2269.51,2236.46,2269.13,128031401,105541832704.0
2013-01-04,2289.51,2296.11,2256.56,2276.99,139469929,114627764224.0
2013-01-07,2271.66,2293.32,2266.86,2285.36,118162811,96872865792.0
2013-01-08,2284.65,2289.14,2262.98,2276.07,122907876,106428764160.0
2013-01-09,2271.3,2283.9,2259.05,2275.34,122014922,102823100416.0
2013-01-10,2274.38,2295.48,2268.65,2283.66,120066675,98236403712.0
2013-01-11,2285.19,2290.21,2234.95,2243.0,125068275,101550952448.0
2013-01-14,2236.29,2317.62,2235.11,2311.74,144749888,123614928896.0
2013-01-15,2312.47,2332.78,2309.32,2325.68,165645980,141013966848.0
2013-01-16,2322.16,2326.76,2279.51,2309.5,153511168,133107695616.0
2013-01-17,2305.14,2305.6,2275.88,2284.91,119101834,103214051328.0
2013-01-18,2295.81,2324.51,2285.97,2317.07,125438026,105391534080.0
2013-01-21,2321.49,2329.58,2305.1,2328.22,134680458,113016061952.0
2013-01-22,2326.49,2335.81,2301.3,2315.14,149466583,123370049536.0
2013-01-23,2308.52,2325.12,2296.49,2320.91,118179722,96956219392.0
2013-01-24,2320.26,2362.94,2287.3,2302.6,161031675,135604342784.0
2013-01-25,2300.0,2308.38,2288.26,2291.3,92605742,80267386880.0
2013-01-28,2295.35,2346.92,2295.35,2346.5,128383759,116916371456.0
2013-01-29,2347.22,2363.8,2337.35,2358.98,141853934,124916965376.0
2013-01-30,2360.75,2383.76,2347.89,2382.48,149878907,124856037376.0
2013-01-31,2383.43,2391.82,2371.23,2385.42,139707891,116205035520.0
2013-02-01,2377.41,2421.15,2369.57,2419.02,140818171,125554958336.0
2013-02-04,2425.92,2440.38,2417.58,2428.15,167551401,152533692416.0
2013-02-05,2411.0,2437.42,2403.3,2433.13,150754506,127096115200.0
2013-02-06,2432.68,2441.73,2427.7,2434.48,116579965,104583536640.0
2013-02-07,2430.69,2433.89,2394.22,2418.53,120008635,109335068672.0
2013-02-08,2416.62,2443.03,2414.4,2432.4,109070385,98965225472.0
2013-02-18,2441.91,2444.8,2415.43,2421.56,116174994,103657025536.0
2013-02-19,2420.26,2427.07,2373.53,2382.91,123473334,106330943488.0
2013-02-20,2383.49,2397.94,2370.61,2397.18,110280576,97222299648.0
2013-02-21,2378.82,2378.82,2309.17,2325.95,144059479,126627831808.0
2013-02-22,2322.94,2330.88,2308.76,2314.16,96981829,87579820032.0
2013-02-25,2320.62,2338.78,2315.01,2325.82,88367373,77642342400.0
2013-02-26,2313.74,2340.71,2289.89,2293.34,117638666,105917190144.0
2013-02-27,2297.77,2324.63,2292.03,2313.22,97824886,88262926336.0
2013-02-28,2322.32,2366.16,2308.92,2365.59,126950495,115918270464.0
2013-03-01,2364.54,2369.65,2330.86,2359.51,120312750,111531114496.0
2013-03-04,2332.08,2333.54,2259.25,2273.4,161750024,143046508544.0
2013-03-05,2274.81,2328.14,2270.1,2326.31,131136596,116721197056.0
2013-03-06,2333.61,2351.44,2321.6,2347.18,141333691,125364797440.0
2013-03-07,2340.44,2352.02,2304.27,2324.29,139756347,126085894144.0
2013-03-08,2326.42,2333.67,2314.59,2318.61,98794148,88438607872.0
2013-03-11,2314.68,2320.96,2296.58,2310.59,84111903,73919946752.0
2013-03-12,2309.16,2333.29,2264.83,2286.6,117664456,100637093888.0
2013-03-13,2282.17,2286.33,2253.25,2263.97,90972787,77688954880.0
2013-03-14,2255.77,2276.22,2253.31,2270.28,80294085,69218594816.0
2013-03-15,2269.31,2312.08,2250.0,2278.4,116477814,101542948864.0
2013-03-18,2267.29,2276.05,2239.21,2240.02,93122772,81486176256.0
2013-03-19,2244.26,2261.31,2232.02,2257.43,87582106,75497910272.0
2013-03-20,2257.74,2317.86,2257.42,2317.37,131241283,113974255616.0
2013-03-21,2318.21,2330.81,2311.6,2324.24,119200911,104723783680.0
2013-03-22,2321.4,2332.0,2314.97,2328.28,101167299,85951320064.0
2013-03-25,2334.74,2344.89,2319.91,2326.72,97031526,85418622976.0
2013-03-26,2318.58,2319.99,2281.12,2297.67,104449016,91804663808.0
2013-03-27,2299.38,2323.48,2289.0,2301.26,96331195,85704765440.0
2013-03-28,2273.55,2273.55,2232.91,2236.3,127658698,107593506816.0
2013-03-29,2238.49,2246.87,2228.81,2236.62,85565473,73358184448.0
2013-04-01,2229.46,2243.95,2227.31,2234.4,77411773,66997533952.0
2013-04-02,2234.9,2253.42,2220.44,2227.74,89714322,77596504064.0
2013-04-03,2232.69,2241.34,2217.25,2225.29,81795267,68801355776.0
2013-04-08,2196.24,2212.59,2180.67,2211.59,86257469,73666170880.0
2013-04-09,2215.47,2234.73,2215.47,2225.77,82896543,73135034368.0
2013-04-10,2224.93,2233.04,2212.56,2226.13,80619620,71090221056.0
2013-04-11,2236.98,2242.48,2217.26,2219.55,73632704,62082919424.0
2013-04-12,2218.09,2226.26,2204.44,2206.78,66846341,56121712384.0
2013-04-15,2199.91,2204.99,2177.39,2181.94,71632323,58073361664.0
2013-04-16,2169.63,2196.43,2165.78,2194.85,79992177,66916240128.0
2013-04-17,2195.03,2197.51,2178.47,2193.8,68314181,59937985536.0
2013-04-18,2181.82,2206.03,2175.44,2197.6,71616927,61782547200.0
2013-04-19,2201.12,2250.11,2200.58,2244.64,109660557,95278432256.0
2013-04-22,2236.4,2245.12,2232.26,2242.17,95233731,82244997120.0
2013-04-23,2242.62,2242.62,2182.81,2184.54,96541315,82185900032.0
2013-04-24,2187.35,2226.12,2184.11,2218.32,91600261,78859247616.0
2013-04-25,2213.19,2224.63,2191.85,2199.31,96704187,84398485504.0
2013-04-26,2203.89,2210.58,2173.86,2177.91,76673971,65151748352.0
2013-05-02,2170.78,2179.65,2161.14,2174.12,68337935,59784627968.0
2013-05-03,2179.05,2222.81,2179.05,2205.5,88583465,78263418880.0
2013-05-06,2212.5,2236.07,2212.5,2231.17,92268145,81614819328.0
2013-05-07,2227.86,2240.26,2219.44,2235.57,86452355,79040925696.0
2013-05-08,2242.39,2255.21,2235.42,2246.3,90371932,81308844032.0
2013-05-09,2246.96,2247.86,2221.38,2232.97,98531638,91048390656.0
2013-05-10,2228.82,2247.67,2225.81,2246.83,90335475,81203396608.0
2013-05-13,2247.68,2250.85,2231.36,2241.92,86211223,79191482368.0
2013-05-14,2238.9,2239.93,2205.87,2217.01,83244974,75658190848.0
2013-05-15,2217.09,2225.19,2213.58,2224.8,71722893,66558048256.0
2013-05-16,2221.34,2252.87,2210.77,2251.81,110284375,102124462080.0
2013-05-17,2249.81,2288.09,2248.41,2282.87,126126006,111148552192.0
2013-05-20,2286.33,2309.39,2281.9,2299.99,139150513,128843198464.0
2013-05-21,2297.11,2305.3,2290.12,2305.11,124173176,112997634048.0
2013-05-22,2303.75,2314.18,2292.43,2302.4,128360026,115149320192.0
2013-05-23,2293.81,2304.95,2274.1,2275.67,124019845,110980030464.0
2013-05-24,2281.45,2292.59,2270.25,2288.53,101441213,91939475456.0
2013-05-27,2286.66,2301.7,2283.94,2293.08,107325061,99882348544.0
2013-05-28,2293.4,2322.1,2281.47,2321.32,132632996,120231051264.0
2013-05-29,2323.54,2334.33,2321.17,2324.02,125250729,114228264960.0
2013-05-30,2316.25,2325.72,2310.49,2317.75,111913032,103500062720.0
2013-05-31,2320.74,2325.53,2299.37,2300.59,108162555,100597837824.0
2013-06-03,2300.21,2313.43,2294.11,2299.25,96882813,91601682432.0
2013-06-04,2297.1,2297.1,2264.76,2272.42,101895818,92273745920.0
2013-06-05,2270.71,2276.86,2260.87,2270.93,76483302,71058591744.0
2013-06-06,2264.43,2266.69,2240.07,2242.11,81538693,75121233920.0
2013-06-07,2242.26,2250.63,2205.07,2210.9,89978076,81001361408.0
2013-06-13,2190.1,2190.1,2126.22,2148.35,94371095,79663325184.0
2013-06-14,2150.06,2163.85,2142.78,2162.04,77857472,68680338176.0
2013-06-17,2165.99,2169.36,2147.03,2156.22,75757791,68383299328.0
2013-06-18,2158.55,2161.68,2138.35,2159.29,69632271,63473044736.0
2013-06-19,2150.82,2150.82,2115.79,2143.45,75425016,67003560192.0
2013-06-20,2132.81,2132.81,2082.82,2084.02,77787930,68064330240.0
2013-06-21,2058.98,2085.86,2042.88,2073.09,79673224,67440066304.0
2013-06-24,2068.86,2068.86,1958.4,1963.23,109198216,87920500736.0
2013-06-25,1948.31,1963.57,1849.65,1959.51,138158515,104703344640.0
2013-06-26,1954.47,1959.16,1922.82,1951.49,101192527,80816107520.0
2013-06-27,1955.13,1980.54,1942.37,1950.01,105813317,84219084800.0
2013-06-28,1935.52,1987.98,1925.65,1979.21,100737969,77513875456.0
2013-07-01,1965.99,1995.92,1957.57,1995.24,78051392,62691899904.0
2013-07-02,1992.89,2007.62,1978.43,2006.56,86415419,73917616128.0
2013-07-03,1996.51,1996.54,1965.52,1994.27,93466470,76630355968.0
2013-07-04,1982.87,2022.14,1974.1,2006.1,100394184,82628902912.0
2013-07-05,2006.19,2021.54,2002.37,2007.2,91345221,75126210560.0
2013-07-08,1983.21,1983.21,1953.12,1958.27,84136492,67087745536.0
2013-07-09,1953.6,1969.15,1946.37,1965.45,64538732,52215031552.0
2013-07-10,1962.84,2009.36,1960.28,2008.13,89797980,72778018816.0
2013-07-11,2011.02,2092.87,2010.4,2072.99,159970772,131003383808.0
2013-07-12,2068.04,2074.86,2036.05,2039.49,121174175,102907445248.0
2013-07-15,2046.12,2076.67,2037.25,2059.39,101470356,88023339008.0
2013-07-16,2054.6,2066.36,2038.54,2065.72,96737400,82870902784.0
2013-07-17,2061.19,2075.81,2043.23,2044.92,103251320,87993978880.0
2013-07-18,2038.4,2043.37,2016.9,2023.4,92132050,76618530816.0
2013-07-19,2025.32,2035.22,1990.25,1992.65,104577572,87481520128.0
2013-07-22,1977.73,2005.47,1970.64,2004.76,82922191,69649506304.0
2013-07-23,2008.95,2051.53,2005.09,2043.88,109517361,92711260160.0
2013-07-24,2035.69,2042.77,2010.42,2033.33,106655780,93700583424.0
2013-07-25,2037.34,2045.36,2016.43,2021.17,98545367,86249517056.0
2013-07-26,2013.19,2021.57,2000.8,2010.85,73800430,65538619648.0
2013-07-29,1997.84,1997.84,1969.85,1976.31,78683274,65866980352.0
2013-07-30,1981.45,2006.23,1965.36,1990.06,77219784,66157865216.0
2013-07-31,2000.79,2015.47,1987.88,1993.8,70160602,59394334208.0
2013-08-01,2000.82,2029.93,1997.06,2029.07,91256686,77395279872.0
2013-08-02,2039.51,2047.08,2025.65,2029.42,93592768,78906253312.0
2013-08-05,2031.72,2050.91,2025.23,2050.48,85517967,73277095936.0
2013-08-06,2043.65,2066.74,2034.96,2061.06,105580974,88690561024.0
2013-08-07,2056.37,2069.56,2043.75,2046.78,107712594,91260309504.0
2013-08-08,2044.44,2058.56,2037.25,2044.9,84133289,71954923520.0
2013-08-09,2052.24,2061.71,2030.13,2052.24,95316424,83036020736.0
2013-08-12,2058.42,2102.35,2055.72,2101.28,135128975,116489711616.0
2013-08-13,2101.32,2106.4,2093.8,2106.16,117708874,96430370816.0
2013-08-14,2109.23,2122.97,2093.04,2100.14,114437801,95791169536.0
2013-08-15,2099.28,2108.41,2079.97,2081.88,99396657,84735664128.0
2013-08-16,2075.98,2198.85,2061.65,2068.45,153063327,123125129216.0
2013-08-19,2055.13,2091.13,2052.7,2085.6,97446784,81501384704.0
2013-08-20,2081.97,2098.98,2066.07,2072.59,107381773,89117929472.0
2013-08-21,2076.27,2076.32,2056.91,2072.96,87445990,72860721152.0
2013-08-22,2069.31,2083.33,2062.37,2067.12,90928307,76018376704.0
2013-08-23,2075.93,2079.85,2029.36,2057.46,112426350,94571634688.0
2013-08-26,2061.42,2097.34,2056.13,2096.47,119932652,99157897216.0
2013-08-27,2095.44,2105.38,2090.43,2103.57,126341967,104591622144.0
2013-08-28,2092.31,2113.82,2080.86,2101.3,161392026,132239101952.0
2013-08-29,2108.44,2110.89,2088.24,2097.23,133268219,105259323392.0
2013-08-30,2097.22,2114.39,2089.09,2098.38,170075648,132055678976.0
2013-09-02,2104.09,2108.68,2078.46,2098.45,149158523,121084661760.0
2013-09-03,2100.45,2123.85,2095.46,2123.11,138893176,112421232640.0
2013-09-04,2121.68,2133.0,2115.75,2127.62,142000387,116457422848.0
2013-09-05,2125.25,2127.85,2115.24,2122.43,126544105,105776492544.0
2013-09-06,2119.33,2143.24,2119.02,2139.99,143260659,119152340992.0
2013-09-09,2151.35,2218.53,2151.35,2212.52,219427087,178881744896.0
2013-09-10,2214.81,2238.55,2202.82,2237.98,237206648,191083880448.0
2013-09-11,2244.96,2258.07,2233.0,2241.27,244349455,195427639296.0
2013-09-12,2236.17,2270.27,2226.29,2255.6,209715110,167300579328.0
2013-09-13,2251.46,2259.42,2228.48,2236.22,171984228,140600127488.0
2013-09-16,2244.46,2248.47,2226.17,2231.4,154884019,133580632064.0
2013-09-17,2230.39,2230.93,2184.92,2185.56,154542556,132460429312.0
2013-09-18,2185.94,2195.9,2172.04,2191.85,115111887,101333090304.0
2013-09-23,2199.36,2223.07,2198.34,2221.04,133174858,121468260352.0
2013-09-24,2219.47,2219.54,2187.24,2207.53,160415055,143330959360.0
2013-09-25,2206.23,2217.97,2193.72,2198.51,160212762,143779983360.0
2013-09-26,2192.23,2192.23,2154.72,2155.81,140415347,125680365568.0
2013-09-27,2150.96,2165.78,2149.59,2160.03,105401787,97811677184.0
2013-09-30,2167.73,2176.3,2165.16,2174.67,92810081,88982757376.0
2013-10-08,2171.9,2200.02,2161.49,2198.2,126710203,114992017408.0
2013-10-09,2191.39,2212.35,2185.18,2211.77,130871736,117966139392.0
2013-10-10,2214.41,2214.59,2186.48,2190.93,149775895,136575143936.0
2013-10-11,2201.41,2228.87,2200.53,2228.15,156892175,142271934464.0
2013-10-14,2232.22,2242.98,2226.4,2237.77,165983386,151626936320.0
2013-10-15,2237.93,2240.25,2221.14,2233.41,153722824,138541637632.0
2013-10-16,2228.11,2228.11,2183.4,2193.07,154638638,138165497856.0
2013-10-17,2201.71,2211.03,2183.25,2188.54,126767944,113138851840.0
2013-10-18,2188.71,2203.29,2184.36,2193.78,103724631,90814173184.0
2013-10-21,2198.11,2230.28,2190.39,2229.24,136694408,123936337920.0
2013-10-22,2227.34,2227.34,2204.24,2210.65,149132831,134994866176.0
2013-10-23,2213.27,2226.85,2177.73,2183.11,146347090,125789855744.0
2013-10-24,2178.82,2183.41,2159.87,2164.32,103008952,90001866752.0
2013-10-25,2163.69,2170.61,2122.68,2132.96,113924521,99671699456.0
2013-10-28,2135.88,2140.96,2123.07,2133.87,88401324,77889327104.0
2013-10-29,2135.23,2163.66,2093.2,2128.86,143092810,117347749888.0
2013-10-30,2126.69,2161.94,2121.84,2160.46,119643361,95233753088.0
2013-10-31,2155.51,2155.51,2137.47,2141.61,108063020,88638836736.0
2013-11-01,2139.88,2157.31,2132.63,2149.56,89118477,76271865856.0
2013-11-04,2156.09,2160.58,2143.21,2149.63,76147940,66305997056.0
2013-11-05,2139.84,2158.15,2124.84,2157.24,91900032,77963321344.0
2013-11-06,2149.39,2166.17,2138.78,2139.61,100487345,86547132416.0
2013-11-07,2136.63,2141.6,2119.19,2129.4,81842611,70177472512.0
2013-11-08,2120.92,2128.58,2103.51,2106.13,83096860,70325215232.0
2013-11-11,2103.3,2117.28,2093.63,2109.47,69678300,59934058752.0
2013-11-12,2110.72,2127.94,2108.4,2126.77,79446730,67951266304.0
2013-11-13,2117.89,2117.91,2086.01,2087.94,88257093,73376067584.0
2013-11-14,2087.12,2102.38,2078.99,2100.51,83799373,72089882624.0
2013-11-15,2100.9,2153.21,2100.79,2135.83,125894520,113364459520.0
2013-11-18,2147.37,2198.32,2143.77,2197.22,157502715,143246233600.0
2013-11-19,2198.32,2203.3,2186.11,2193.12,125082307,115941879808.0
2013-11-20,2201.47,2207.1,2186.64,2206.61,118961861,104820412416.0
2013-11-21,2197.01,2206.53,2177.74,2205.77,137245517,120005001216.0
2013-11-22,2206.47,2211.07,2188.77,2196.38,113866458,102450200576.0
2013-11-25,2186.06,2209.15,2181.42,2186.11,108282655,96747311104.0
2013-11-26,2184.33,2192.58,2176.18,2183.07,100460831,84536639488.0
2013-11-27,2181.73,2207.62,2176.85,2201.07,115384412,102163492864.0
2013-11-28,2204.38,2234.39,2202.62,2219.37,134456778,119645442048.0
2013-11-29,2221.62,2224.94,2212.26,2220.5,106959053,97834024960.0
2013-12-02,2203.12,2231.92,2172.63,2207.37,174281989,151936159744.0
2013-12-03,2196.82,2227.93,2193.25,2222.67,113506409,100776656896.0
2013-12-04,2219.97,2260.87,2215.92,2251.76,157292943,135497945088.0
2013-12-05,2252.72,2255.26,2239.14,2247.06,122048415,105837301760.0
2013-12-06,2242.56,2248.15,2228.63,2237.11,103700928,92254760960.0
2013-12-09,2241.79,2249.17,2231.73,2238.2,93273638,84432482304.0
2013-12-10,2239.86,2250.5,2231.68,2237.49,109043133,95556296704.0
2013-12-11,2228.63,2228.63,2193.16,2204.17,109473149,94389297152.0
2013-12-12,2199.32,2214.55,2194.9,2202.8,86108672,76003328000.0
2013-12-13,2188.26,2204.64,2183.84,2196.07,85101012,72637501440.0
2013-12-16,2197.23,2201.7,2159.99,2160.86,101387594,86422958080.0
2013-12-17,2161.54,2165.54,2146.31,2151.08,78578936,66921600512.0
2013-12-18,2150.41,2156.59,2142.62,2148.28,64173583,55420595200.0
2013-12-19,2153.67,2159.14,2126.25,2127.79,73123479,61496944128.0
2013-12-20,2128.37,2131.74,2082.85,2084.79,86775212,72198201344.0
2013-12-23,2089.54,2099.52,2068.54,2089.71,68146637,58435623936.0
2013-12-24,2094.07,2111.8,2079.81,2092.91,70251466,61697067264.0
2013-12-25,2095.02,2107.23,2088.3,2106.35,65139095,58136846592.0
2013-12-26,2102.66,2102.66,2070.55,2073.1,78541409,66767122176.0
2013-12-27,2074.59,2110.36,2069.59,2101.25,76756826,66394444800.0
2013-12-30,2108.88,2112.01,2095.06,2097.53,74085056,63038943232.0
2013-12-31,2090.68,2120.27,2087.42,2115.98,80474376,71456280576.0
2014-01-02,2112.13,2113.11,2101.02,2109.39,68485486,61921354752.0
2014-01-03,2101.54,2102.17,2075.9,2083.14,84497242,72372228096.0
2014-01-06,2078.68,2078.68,2034.01,2045.71,89587607,72895393792.0
2014-01-07,2034.22,2052.28,2029.25,2047.32,63402939,54638641664.0
2014-01-08,2047.26,2062.95,2037.11,2044.34,71647365,62941429760.0
2014-01-09,2041.77,2057.2,2026.45,2027.62,75941883,67605664000.0
2014-01-10,2023.54,2029.3,2008.01,2013.3,75616120,61044553216.0
2014-01-13,2014.98,2027.18,2000.4,2009.56,66544776,55616750592.0
2014-01-14,2007.16,2027.43,2001.14,2026.84,70366615,56687625216.0
2014-01-15,2024.23,2027.41,2010.2,2023.35,67436221,57740358144.0
2014-01-16,2022.54,2034.71,2014.41,2023.7,72755720,62829760768.0
2014-01-17,2017.52,2017.87,2001.33,2004.95,67305720,57039564032.0
2014-01-20,2001.89,2005.94,1984.82,1991.25,56271247,48298780928.0
2014-01-21,1992.02,2014.15,1992.02,2008.31,59844913,52017917440.0
2014-01-22,2009.97,2052.34,2008.93,2051.75,98892856,84126658560.0
2014-01-23,2048.33,2052.53,2039.05,2042.18,84210586,76083326976.0
2014-01-24,2037.67,2060.99,2034.45,2054.39,92947922,82346176512.0
2014-01-27,2044.27,2044.85,2029.63,2033.3,88815427,81914220544.0
2014-01-28,2036.4,2047.13,2026.99,2038.51,72529042,65751604480.0
2014-01-29,2042.18,2051.58,2039.77,2049.91,73865462,67694123520.0
2014-01-30,2045.93,2045.93,2031.47,2033.08,62615183,58264498432.0
2014-02-07,2022.32,2044.73,2014.7,2044.5,73598756,67829921792.0
2014-02-10,2049.98,2087.98,2049.98,2086.07,124331832,112722919424.0
2014-02-11,2086.18,2111.06,2082.52,2103.67,142211323,125266776064.0
2014-02-12,2103.83,2110.9,2096.51,2109.96,126333187,110804070400.0
2014-02-13,2106.93,2122.83,2096.97,2098.4,146532634,124377063424.0
2014-02-14,2097.32,2116.19,2095.09,2115.85,111517949,97399672832.0
2014-02-17,2124.88,2136.45,2117.69,2135.42,140244444,126213750784.0
2014-02-18,2134.14,2134.14,2113.13,2119.07,142869309,129786966016.0
2014-02-19,2116.92,2152.96,2111.17,2142.55,151261245,127818452992.0
2014-02-20,2152.89,2177.98,2136.48,2138.78,157052275,130938437632.0
2014-02-21,2131.59,2132.7,2098.33,2113.69,117662651,99514290176.0
2014-02-24,2099.72,2099.72,2058.79,2076.69,123555308,107202449408.0
2014-02-25,2077.28,2087.62,2026.54,2034.22,140132977,127823835136.0
2014-02-26,2026.61,2041.63,2014.38,2041.25,110112686,96117706752.0
2014-02-27,2045.1,2068.31,2036.39,2047.35,132163853,112875753472.0
2014-02-28,2040.62,2058.49,2020.94,2056.3,111637906,95684071424.0
2014-03-03,2052.07,2078.33,2047.07,2075.24,127460892,104980598784.0
2014-03-04,2068.11,2074.02,2050.12,2071.47,115925791,101116309504.0
2014-03-05,2073.29,2074.81,2050.18,2053.08,107733082,91623333888.0
2014-03-06,2050.03,2065.79,2030.95,2059.58,109290132,92561444864.0
2014-03-07,2058.38,2079.49,2050.47,2057.91,103709540,89332133888.0
2014-03-10,2042.35,2042.63,1995.55,1999.06,115696666,95032991744.0
2014-03-11,1994.42,2008.07,1985.6,2001.16,92705265,76870328320.0
2014-03-12,1996.24,2011.06,1974.38,1997.69,101361720,79293071360.0
2014-03-13,2000.69,2029.12,1996.53,2019.11,100978117,77979058176.0
2014-03-14,2008.82,2017.91,1990.98,2004.34,87775112,69925888000.0
2014-03-17,2009.88,2024.37,1999.25,2023.67,86250373,72017780736.0
2014-03-18,2026.22,2034.92,2020.41,2025.2,96777193,83580456960.0
2014-03-19,2019.98,2022.18,2002.44,2021.73,95180797,79473242112.0
2014-03-20,2017.22,2030.85,1993.0,1993.48,110333048,88630976512.0
2014-03-21,1987.68,2052.47,1986.07,2047.62,144477655,109438066688.0
2014-03-24,2050.83,2074.06,2043.33,2066.28,147700086,110244495360.0
2014-03-25,2063.32,2079.55,2057.49,2067.31,131822231,100173660160.0
2014-03-26,2070.57,2074.57,2057.65,2063.67,102611116,80463446016.0
2014-03-27,2060.81,2073.98,2042.71,2046.59,119149373,94996459520.0
2014-03-28,2046.85,2060.13,2035.24,2041.71,121681964,94221959168.0
2014-03-31,2043.05,2048.13,2024.19,2033.31,94356536,71573688320.0
2014-04-01,2031.01,2050.68,2028.1,2047.46,83286577,64512636928.0
2014-04-02,2049.42,2060.78,2046.74,2058.99,102658527,77940637696.0
2014-04-03,2063.5,2066.01,2037.45,2043.7,108618422,79480901632.0
2014-04-04,2037.55,2060.1,2035.22,2058.83,83189056,66368648192.0
2014-04-08,2054.53,2102.45,2052.9,2098.28,133370982,107966361600.0
2014-04-09,2100.65,2108.75,2095.64,2105.24,105340470,87366774784.0
2014-04-10,2105.88,2146.67,2098.08,2134.3,156789609,129842348032.0
2014-04-11,2130.37,2138.65,2120.18,2130.54,131768358,111636811776.0
2014-04-14,2127.41,2134.43,2116.61,2131.54,102077852,86591713280.0
2014-04-15,2125.9,2125.9,2098.15,2101.6,107531151,91135361024.0
2014-04-16,2097.21,2112.05,2092.16,2105.12,89361656,75099475968.0
2014-04-17,2108.95,2110.72,2095.71,2098.89,89896325,74257035264.0
2014-04-18,2091.48,2099.64,2081.19,2097.75,88155694,72555982848.0
2014-04-21,2085.98,2103.08,2065.23,2065.83,96378371,81654550528.0
2014-04-22,2062.79,2073.66,2047.33,2072.83,98719882,82468106240.0
2014-04-23,2068.08,2076.35,2059.11,2067.38,78531520,66156169472.0
2014-04-24,2064.16,2075.76,2056.19,2057.03,78185956,64407532288.0
2014-04-25,2060.54,2065.64,2035.57,2036.52,93042332,74155876352.0
2014-04-28,2033.34,2035.99,2000.14,2003.49,89795261,68541492480.0
2014-04-29,2001.9,2021.68,1997.64,2020.34,76221276,56776481024.0
2014-04-30,2020.44,2029.54,2016.58,2026.36,74528579,57677358080.0
2014-05-05,2022.18,2028.96,2007.35,2027.35,79933396,60093487872.0
2014-05-06,2024.26,2038.7,2021.48,2028.04,74609411,57548110848.0
2014-05-07,2023.15,2024.63,2008.45,2010.08,74360192,57558051840.0
2014-05-08,2006.85,2036.94,2005.69,2015.27,77865393,59529365504.0
2014-05-09,2016.5,2020.45,2001.3,2011.14,76224243,57505383680.0
2014-05-12,2022.93,2055.51,2016.64,2052.87,115742077,88097001472.0
2014-05-13,2055.08,2061.06,2043.55,2050.73,97223388,73741717504.0
2014-05-14,2049.27,2056.57,2042.74,2047.91,72011126,56455292416.0
2014-05-15,2044.38,2047.32,2022.86,2024.97,75845153,59773445376.0
2014-05-16,2023.6,2027.76,2012.69,2026.5,66353659,51625885184.0
2014-05-19,2023.01,2023.27,1996.02,2005.18,65329439,52975245824.0
2014-05-20,2011.85,2018.16,2002.76,2008.12,61345382,49549015040.0
2014-05-21,2001.31,2025.19,1991.06,2024.95,61811548,48415094272.0
2014-05-22,2023.15,2041.96,2018.88,2021.29,74728474,59501663488.0
2014-05-23,2020.11,2034.57,2017.74,2034.57,63488064,51464940032.0
2014-05-26,2042.03,2045.38,2035.09,2041.48,70281221,59840433408.0
2014-05-27,2039.79,2044.15,2032.84,2034.56,67577889,55920518656.0
2014-05-28,2034.56,2052.66,2029.34,2050.23,81338642,68602224896.0
2014-05-29,2051.84,2057.08,2039.24,2040.59,81242921,69472514048.0
2014-05-30,2040.39,2046.96,2031.37,2039.21,75148897,62353642496.0
2014-06-03,2039.2,2049.58,2037.3,2038.31,71584123,59296436992.0
2014-06-04,2037.99,2038.48,2012.91,2024.83,72412772,57467546368.0
2014-06-05,2019.44,2041.7,2016.18,2040.88,67949537,56376142080.0
2014-06-06,2040.86,2041.57,2022.16,2029.96,66021745,55124242432.0
2014-06-09,2024.94,2045.26,2023.2,2030.5,64788316,55139842304.0
2014-06-10,2033.21,2052.76,2026.39,2052.53,79623716,65406104832.0
2014-06-11,2049.13,2056.63,2045.41,2054.95,74444355,63177390336.0
2014-06-12,2051.58,2057.1,2045.96,2051.71,81711186,69306421248.0
2014-06-13,2049.21,2073.6,2048.62,2070.72,97174807,82546974720.0
2014-06-16,2070.7,2087.32,2069.44,2085.98,95939771,79953076224.0
2014-06-17,2080.48,2080.48,2064.67,2066.7,87800481,70923264000.0
2014-06-18,2064.38,2066.91,2051.75,2055.52,87245350,70472933376.0
2014-06-19,2054.62,2059.25,2017.65,2023.73,92914273,74628947968.0
2014-06-20,2013.41,2027.15,2010.53,2026.67,67167247,53224269312.0
2014-06-23,2026.23,2033.32,2022.92,2024.36,70485161,57772730112.0
2014-06-24,2023.7,2034.71,2021.75,2033.93,71214633,61684911104.0
2014-06-25,2030.43,2030.62,2018.36,2025.5,67539610,55989137920.0
2014-06-26,2025.66,2040.75,2025.31,2038.68,80955779,66534274816.0
2014-06-27,2031.91,2043.98,2025.07,2036.51,97592018,76710588416.0
2014-06-30,2038.61,2052.34,2038.53,2048.33,96666598,80011169792.0
2014-07-01,2051.23,2052.64,2041.94,2050.38,98457408,83499761664.0
2014-07-02,2049.49,2060.59,2044.04,2059.42,109553912,89304985600.0
2014-07-03,2051.63,2066.64,2048.08,2063.23,122926582,96182468608.0
2014-07-04,2062.36,2065.08,2054.22,2059.38,105008791,83596435456.0
2014-07-07,2058.13,2064.04,2050.89,2059.93,97168755,81471315968.0
2014-07-08,2058.13,2064.43,2047.2,2064.02,95053394,81584447488.0
2014-07-09,2061.64,2062.47,2037.6,2038.61,113305841,97183494144.0
2014-07-10,2036.54,2045.53,2034.96,2038.34,97943818,84748632064.0
2014-07-11,2033.87,2051.74,2033.0,2046.96,105088082,86253719552.0
2014-07-14,2047.74,2067.34,2044.9,2066.65,115119739,96357015552.0
2014-07-15,2065.9,2070.36,2059.68,2070.36,124488768,102893916160.0
2014-07-16,2068.34,2075.49,2061.57,2067.28,137128020,102029807616.0
2014-07-17,2062.89,2062.89,2046.19,2055.59,104491812,79106281472.0
2014-07-18,2047.5,2067.23,2046.0,2059.07,106641093,82510266368.0
2014-07-21,2057.77,2061.82,2049.18,2054.48,93857871,75706179584.0
2014-07-22,2050.5,2078.08,2049.81,2075.48,123191867,98702438400.0
2014-07-23,2074.2,2088.19,2072.23,2078.49,137292211,106702131200.0
2014-07-24,2079.63,2107.95,2079.63,2105.06,165676997,128677982208.0
2014-07-25,2108.71,2127.22,2106.71,2126.61,142495826,111411572736.0
2014-07-28,2135.25,2181.5,2135.25,2177.95,236185751,180414431232.0
2014-07-29,2179.83,2193.52,2172.1,2183.19,200264256,159282499584.0
2014-07-30,2178.18,2194.57,2177.24,2181.24,184922186,149566550016.0
2014-07-31,2179.54,2202.13,2173.9,2201.56,164691653,132438450176.0
2014-08-01,2194.17,2218.79,2184.64,2185.3,191475041,151884025856.0
2014-08-04,2190.04,2224.07,2186.92,2223.33,174097403,140088823808.0
2014-08-05,2224.63,2226.84,2206.85,2219.95,175386988,141474533376.0
2014-08-06,2212.0,2223.89,2192.99,2217.47,177711708,140362854400.0
2014-08-07,2216.66,2220.57,2185.76,2187.67,175233275,137306468352.0
2014-08-08,2188.71,2199.58,2180.6,2194.43,135181443,109728993280.0
2014-08-11,2199.43,2225.96,2198.31,2224.65,150583421,126096838656.0
2014-08-12,2222.7,2222.98,2210.0,2221.59,154799045,132393971712.0
2014-08-13,2223.05,2230.99,2202.44,2222.88,178062807,146490785792.0
2014-08-14,2221.54,2230.89,2204.38,2206.47,170149123,141706657792.0
2014-08-15,2207.23,2230.87,2203.24,2226.73,149978691,129406906368.0
2014-08-18,2229.8,2242.03,2228.13,2239.47,163928627,141492842496.0
2014-08-19,2242.34,2246.02,2227.93,2245.33,177744591,155445477376.0
2014-08-20,2241.66,2248.94,2233.89,2240.21,167658383,139628052480.0
2014-08-21,2239.57,2240.08,2211.63,2230.46,165733499,140879626240.0
2014-08-22,2228.97,2243.3,2225.27,2240.81,160111672,140353019904.0
2014-08-25,2241.1,2241.55,2222.01,2229.27,162119578,134450233344.0
2014-08-26,2225.29,2232.78,2200.62,2207.11,163507425,134123069440.0
2014-08-27,2207.03,2216.67,2204.05,2209.47,120885885,104090411008.0
2014-08-28,2210.48,2219.47,2194.86,2195.82,124229015,109266624512.0
2014-08-29,2198.95,2218.7,2193.26,2217.2,105202496,93043871744.0
2014-09-01,2220.13,2236.29,2217.69,2235.51,129166584,117215899648.0
2014-09-02,2239.68,2267.51,2234.38,2266.05,192124869,170931777536.0
2014-09-03,2268.4,2290.55,2268.1,2288.63,212478999,187558383616.0
2014-09-04,2290.03,2307.7,2283.28,2306.86,199489979,179385892864.0
2014-09-05,2311.3,2327.56,2307.45,2326.43,213181916,185839820800.0
2014-09-09,2328.43,2331.92,2315.89,2326.53,196990318,172908498944.0
2014-09-10,2318.5,2321.91,2306.42,2318.3,189828992,163454521344.0
2014-09-11,2315.73,2343.59,2304.6,2311.68,222221798,197232656384.0
2014-09-12,2308.35,2331.95,2302.77,2331.95,193471539,162102898688.0
2014-09-15,2330.19,2340.45,2321.59,2339.14,215112415,185393631232.0
2014-09-16,2341.03,2347.94,2293.87,2296.55,302694111,237659242496.0
2014-09-17,2298.98,2309.05,2282.79,2307.89,210842452,159121788928.0
2014-09-18,2303.85,2319.88,2297.93,2315.93,189089044,144518520832.0
2014-09-19,2312.98,2331.56,2305.52,2329.45,174648486,144345452544.0
2014-09-22,2323.55,2323.55,2284.38,2289.87,175842355,147841744896.0
2014-09-23,2289.09,2311.52,2289.02,2309.72,156855168,135396855808.0
2014-09-24,2302.23,2345.75,2297.88,2343.57,222525724,185690669056.0
2014-09-25,2352.86,2365.15,2336.8,2345.1,225688323,189260378112.0
2014-09-26,2339.29,2350.11,2329.96,2347.72,174748285,148220809216.0
2014-09-29,2353.71,2363.06,2346.58,2357.71,200111022,171130880000.0
2014-09-30,2361.32,2365.49,2354.27,2363.87,193918689,166933430272.0
2014-10-08,2368.58,2382.79,2354.29,2382.79,204397327,180337577984.0
2014-10-09,2383.86,2391.35,2367.11,2389.37,235920010,200271757312.0
2014-10-10,2380.75,2386.28,2365.07,2374.54,224671127,192248233984.0
2014-10-13,2366.43,2366.86,2341.12,2366.01,200899315,175425069056.0
2014-10-14,2362.8,2380.51,2349.19,2359.48,196831419,170160087040.0
2014-10-15,2358.23,2374.81,2344.37,2373.67,202804915,171766747136.0
2014-10-16,2361.13,2389.68,2353.41,2356.5,248201167,203805884416.0
2014-10-17,2352.78,2360.6,2312.83,2341.18,212300961,179433160704.0
2014-10-20,2346.05,2357.51,2340.46,2356.73,160022305,141820260352.0
2014-10-21,2355.03,2361.65,2337.55,2339.66,168828288,146786312192.0
2014-10-22,2339.22,2352.12,2324.59,2326.55,152698424,138524536832.0
2014-10-23,2322.32,2329.93,2297.33,2302.42,162636308,140596502528.0
2014-10-24,2303.08,2314.88,2296.66,2302.28,132225280,114330697728.0
2014-10-27,2293.57,2293.64,2279.84,2290.44,130261568,113379983360.0
2014-10-28,2294.01,2338.28,2294.01,2337.87,178590356,158147960832.0
2014-10-29,2343.72,2381.64,2339.71,2373.03,265588687,225067077632.0
2014-10-30,2371.89,2397.26,2365.92,2391.08,294645944,226611179520.0
2014-10-31,2393.18,2423.6,2384.48,2420.18,325763523,249915445248.0
2014-11-03,2425.23,2436.78,2418.17,2430.03,298821235,227196592128.0
2014-11-04,2428.27,2435.22,2417.22,2430.68,309013038,226503880704.0
2014-11-05,2432.17,2434.36,2415.5,2419.25,263606653,201859407872.0
2014-11-06,2419.62,2426.89,2401.75,2425.86,222005089,179644375040.0
2014-11-07,2427.9,2454.42,2407.44,2418.17,291172244,244157566976.0
2014-11-10,2436.63,2474.16,2428.19,2473.67,300628204,245233684480.0
2014-11-11,2483.65,2508.62,2445.96,2469.67,411904064,331257389056.0
2014-11-12,2454.6,2494.92,2444.81,2494.48,252933852,215738617856.0
2014-11-13,2495.0,2507.74,2471.41,2485.61,295037059,258311917568.0
2014-11-14,2477.97,2481.02,2457.04,2478.82,220607619,191924994048.0
2014-11-17,2506.86,2508.77,2472.45,2474.01,215687800,199264903168.0
2014-11-18,2474.18,2477.05,2449.81,2456.37,201062569,174659489792.0
2014-11-19,2452.15,2461.49,2442.71,2450.99,186235771,167069372416.0
2014-11-20,2443.28,2458.32,2437.48,2452.66,165495214,150799912960.0
2014-11-21,2452.64,2488.2,2446.65,2486.79,212239775,197809795072.0
2014-11-24,2505.53,2546.75,2495.52,2532.88,363485834,330291404800.0
2014-11-25,2532.0,2568.38,2527.08,2567.6,314315571,282168803328.0
2014-11-26,2572.65,2605.07,2570.4,2604.34,337127250,316521254912.0
2014-11-27,2615.37,2631.4,2599.11,2630.49,364075720,338960830464.0
2014-11-28,2629.63,2683.18,2622.06,2682.83,465880036,401951166464.0
2014-12-01,2691.73,2720.74,2668.84,2680.16,446791741,401120190464.0
2014-12-02,2667.82,2777.37,2665.69,2763.54,437733381,397238915072.0
2014-12-03,2768.68,2824.18,2733.87,2779.52,562120282,529777451008.0
2014-12-04,2783.47,2900.51,2772.43,2899.46,532687718,509218574336.0
2014-12-05,2926.57,2978.03,2813.05,2937.65,640500296,639191011328.0
2014-12-08,2907.81,3041.66,2879.85,3020.26,587570890,593478049792.0
2014-12-09,2992.49,3091.32,2834.59,2856.27,771998392,793361276928.0
2014-12-10,2855.94,2946.71,2807.68,2940.01,512886912,534989955072.0
2014-12-11,2912.35,2965.68,2892.61,2925.74,482632732,479801446400.0
2014-12-12,2929.36,2962.51,2914.96,2938.17,409480812,420410249216.0
2014-12-15,2921.45,2960.23,2890.9,2953.42,400371694,411487141888.0
2014-12-16,2953.81,3021.9,2943.91,3021.52,453842724,492716183552.0
2014-12-17,3031.95,3076.6,2993.33,3061.02,542503178,580338606080.0
2014-12-18,3062.8,3089.79,3030.32,3057.52,435904952,466524524544.0
2014-12-19,3053.07,3117.53,3018.42,3108.6,521073510,515580289024.0
2014-12-22,3129.27,3189.87,3090.51,3127.45,679371914,624481484800.0
2014-12-23,3085.08,3136.84,3025.67,3032.61,437762401,419467702272.0
2014-12-24,3039.21,3050.51,2934.91,2972.53,376805245,378726756352.0
2014-12-25,2992.46,3073.34,2969.87,3072.54,376947776,379017699328.0
2014-12-26,3078.0,3164.16,3064.18,3157.6,460700933,488915103744.0
2014-12-29,3212.56,3223.86,3126.94,3168.02,510111439,555904356352.0
2014-12-30,3160.8,3190.3,3130.35,3165.81,397725320,437263253504.0
2014-12-31,3172.6,3239.36,3157.26,3234.68,405998520,432319844352.0
2015-01-05,3258.63,3369.28,3253.88,3350.52,531352392,549760106496.0
2015-01-06,3330.8,3394.22,3303.18,3351.45,501661696,532398465024.0
2015-01-07,3326.65,3374.9,3312.21,3373.95,391918881,436416700416.0
2015-01-08,3371.96,3381.57,3285.09,3293.46,371131169,399230296064.0
2015-01-09,3276.97,3404.83,3267.51,3285.41,410240873,458648010752.0
2015-01-12,3258.21,3275.19,3191.58,3229.32,322064678,366273060864.0
2015-01-13,3223.54,3259.39,3214.41,3235.3,230725755,273588772864.0
2015-01-14,3242.34,3268.48,3193.98,3222.44,240190748,267204530176.0
2015-01-15,3224.07,3337.08,3207.54,3336.46,282546240,330610536448.0
2015-01-16,3343.6,3400.32,3340.49,3376.5,339876754,392253902848.0
2015-01-19,3189.73,3262.21,3095.07,3116.35,401098788,409885990912.0
2015-01-20,3114.56,3190.25,3100.48,3173.05,357080812,416295211008.0
2015-01-21,3189.08,3337.0,3178.34,3323.61,410956024,473758666752.0
2015-01-22,3327.32,3352.38,3293.98,3343.34,353382961,407874068480.0
2015-01-23,3357.1,3406.79,3328.29,3351.76,366249239,420979535872.0
2015-01-26,3347.26,3384.8,3321.31,3383.18,317541007,358427471872.0
2015-01-27,3389.85,3390.22,3290.22,3352.96,374517550,418298871808.0
2015-01-28,3325.72,3354.8,3294.66,3305.74,301927096,341564301312.0
2015-01-29,3259.0,3286.79,3234.24,3262.3,274658614,296424501248.0
2015-01-30,3273.75,3288.5,3210.31,3210.36,258312548,284265652224.0
2015-02-02,3148.14,3175.13,3122.57,3128.3,250861629,266849959936.0
2015-02-03,3156.09,3207.94,3129.73,3204.91,248192164,283355955200.0
2015-02-04,3212.82,3238.98,3171.14,3174.13,249098086,290155155456.0
2015-02-05,3251.21,3251.21,3135.82,3136.53,306139305,348266954752.0
2015-02-06,3120.09,3129.54,3052.94,3075.91,246749665,266502787072.0
2015-02-09,3063.51,3119.03,3049.11,3095.12,206108383,240719679488.0
2015-02-10,3090.49,3142.1,3084.25,3141.59,193817139,225084911616.0
2015-02-11,3145.76,3166.42,3139.05,3157.7,172840095,210862551040.0
2015-02-12,3157.96,3181.77,3134.24,3173.42,194592310,229691580416.0
2015-02-13,3186.81,3237.16,3182.79,3203.83,261290437,293017677824.0
2015-02-16,3206.14,3228.85,3195.88,3222.36,223797430,265950695424.0
2015-02-17,3230.88,3255.73,3230.77,3246.91,228332623,263340052480.0
2015-02-25,3256.48,3257.22,3215.55,3228.84,233348093,265143353344.0
2015-02-26,3222.15,3300.62,3202.19,3298.36,301263875,334347476992.0
2015-02-27,3296.83,3324.55,3291.01,3310.3,299163717,335019569152.0
2015-03-02,3332.72,3336.76,3298.67,3336.28,346445670,410259558400.0
2015-03-03,3317.7,3317.7,3260.43,3263.05,382044618,441593479168.0
2015-03-04,3264.18,3286.59,3250.48,3279.53,293639521,346789769216.0
2015-03-05,3264.08,3266.64,3221.67,3248.48,320663585,373579997184.0
2015-03-06,3248.04,3266.93,3234.53,3241.19,282915791,328344154112.0
2015-03-09,3224.31,3307.7,3198.37,3302.41,321495439,359927521280.0
2015-03-10,3289.08,3309.92,3277.09,3286.07,285817577,329955975168.0
2015-03-11,3289.59,3325.05,3278.47,3290.9,282985536,327573065728.0
2015-03-12,3314.81,3360.05,3300.49,3349.32,357295104,407192391680.0
2015-03-13,3359.49,3391.25,3352.15,3372.91,328410153,374041423872.0
2015-03-16,3391.16,3449.3,3377.09,3449.3,399132431,479355310080.0
2015-03-17,3469.6,3504.12,3459.69,3502.85,520939507,601500659712.0
2015-03-18,3510.5,3577.66,3503.85,3577.3,545217144,617366990848.0
2015-03-19,3576.02,3600.68,3546.84,3582.27,537346614,612249694208.0
2015-03-20,3587.08,3632.34,3569.38,3617.32,516661668,651771977728.0
2015-03-23,3640.1,3688.25,3635.49,3687.73,536062833,661574619136.0
2015-03-24,3692.57,3715.87,3600.7,3691.41,639554670,754884734976.0
2015-03-25,3680.95,3693.15,3634.56,3660.73,521886349,645498916864.0
2015-03-26,3641.94,3707.32,3615.01,3682.09,488647204,619515613184.0
2015-03-27,3686.13,3710.48,3656.83,3691.1,408945165,509298462720.0
2015-03-30,3710.61,3795.94,3710.61,3786.57,564702354,692125351936.0
2015-03-31,3822.99,3835.57,3737.04,3747.9,561676037,721294946304.0
2015-04-01,3748.34,3817.08,3742.21,3810.29,447458319,592418304000.0
2015-04-02,3827.69,3835.45,3775.89,3825.78,479299674,632028909568.0
2015-04-03,3803.38,3864.41,3792.21,3863.93,473033311,635651330048.0
2015-04-07,3899.42,3961.67,3891.73,3961.38,570447534,746424000512.0
2015-04-08,3976.53,4000.22,3903.65,3994.81,618085420,839159308288.0
2015-04-09,4006.13,4016.4,3900.03,3957.53,585176824,816710897664.0
2015-04-10,3947.49,4040.35,3929.32,4034.31,484283620,668504174592.0
2015-04-13,4072.72,4128.07,4057.29,4121.71,589814226,781667344384.0
2015-04-14,4125.78,4168.35,4091.26,4135.56,610683540,814645190656.0
2015-04-15,4135.65,4175.49,4069.01,4084.16,613005811,773125881856.0
2015-04-16,4055.92,4195.31,4031.24,4194.82,551242957,712082436096.0
2015-04-17,4254.72,4317.22,4238.91,4287.3,701706199,915633037312.0
2015-04-20,4301.35,4356.0,4190.68,4217.08,857132810,1147600604263.0
2015-04-21,4212.19,4294.38,4188.57,4293.62,634470628,862447783936.0
2015-04-22,4304.6,4400.19,4297.95,4398.49,680305085,976876961792.0
2015-04-23,4414.48,4444.41,4358.84,4414.51,667344660,963024928768.0
2015-04-24,4355.95,4416.38,4318.12,4393.69,628554995,916872937472.0
2015-04-27,4441.93,4529.73,4441.93,4527.4,671088522,975242092544.0
2015-04-28,4527.63,4572.39,4432.9,4476.21,767676416,1061172125696.0
2015-04-29,4446.12,4499.94,4398.64,4476.62,519834202,752401784832.0
2015-04-30,4483.01,4507.34,4441.05,4441.65,526727974,774349213696.0
2015-05-04,4441.34,4487.57,4387.42,4480.46,494173399,717540810752.0
2015-05-05,4479.85,4488.87,4282.24,4298.71,572858596,805566078976.0
2015-05-06,4311.64,4376.35,4187.37,4229.27,481732992,716536205312.0
2015-05-07,4197.9,4213.76,4108.01,4112.21,394566653,540206292992.0
2015-05-08,4152.98,4206.86,4099.04,4205.92,397428093,559648657408.0
2015-05-11,4231.27,4334.88,4187.82,4333.58,488750515,715246612480.0
2015-05-12,4342.37,4402.31,4317.98,4401.22,521866409,793463721984.0
2015-05-13,4402.38,4415.63,4342.48,4375.76,510490476,780754935808.0
2015-05-14,4372.82,4397.75,4329.04,4378.31,449077934,669882273792.0
2015-05-15,4366.82,4366.82,4278.55,4308.69,439706199,665965617152.0
2015-05-18,4277.9,4324.83,4260.51,4283.49,380057452,594559492096.0
2015-05-19,4285.78,4418.4,4285.78,4417.55,436735224,693812588544.0
2015-05-20,4434.98,4520.54,4432.28,4446.29,514106222,806080532480.0
2015-05-21,4456.44,4530.48,4438.26,4529.42,464996521,729080614912.0
2015-05-22,4584.98,4658.27,4562.99,4657.6,655591288,1007173226496.0
2015-05-25,4660.08,4814.67,4656.83,4813.8,682461391,1079295627264.0
2015-05-26,4854.85,4911.69,4779.08,4910.9,704892846,1138509348864.0
2015-05-27,4932.85,4958.16,4857.06,4941.71,681165379,1116261777408.0
2015-05-28,4943.74,4986.5,4614.24,4620.27,782964613,1247926026240.0
2015-05-29,4603.46,4698.19,4431.56,4611.74,611262410,955365593088.0
2015-06-01,4633.1,4829.5,4615.23,4828.74,593389036,934455504896.0
2015-06-02,4844.7,4911.57,4797.55,4910.53,623748099,998745751552.0
2015-06-03,4924.38,4942.06,4822.44,4909.98,611453839,1010179936256.0
2015-06-04,4912.94,4947.96,4647.41,4947.1,674952402,1052270231552.0
2015-06-05,5016.09,5051.63,4898.07,5023.1,772240794,1232300670976.0
2015-06-08,5045.69,5146.95,4997.48,5131.88,855035085,1309924524032.0
2015-06-09,5145.98,5147.45,5042.96,5113.53,729893806,1150808621056.0
2015-06-10,5049.2,5164.16,5001.49,5106.04,596969001,1006428192768.0
2015-06-11,5101.44,5122.46,5050.77,5121.59,563990523,974670610432.0
2015-06-12,5143.34,5178.19,5103.4,5166.35,625627855,1060167438336.0
2015-06-15,5174.42,5176.79,5048.74,5062.99,637803983,1064991965184.0
2015-06-16,5004.41,5029.68,4842.1,4887.43,550801408,895420555264.0
2015-06-17,4890.55,4983.66,4767.22,4967.9,537101169,830266748928.0
2015-06-18,4942.52,4966.77,4780.87,4785.36,507440899,785845075968.0
2015-06-19,4689.93,4744.08,4476.5,4478.36,452689626,685458198528.0
2015-06-23,4471.61,4577.94,4264.77,4576.49,473526129,693617192960.0
2015-06-24,4604.58,4691.77,4552.13,4690.15,543003709,815062691840.0
2015-06-25,4711.76,4720.7,4483.55,4527.78,572797532,865379729408.0
2015-06-26,4399.93,4456.9,4139.53,4192.87,565217874,787835744256.0
2015-06-29,4289.77,4297.48,3875.05,4053.03,673786350,904271396864.0
2015-06-30,4006.75,4279.97,3847.88,4277.22,709176648,941524660224.0
2015-07-01,4214.15,4317.05,4043.37,4053.7,598769426,838070927360.0
2015-07-02,4058.62,4080.39,3795.25,3912.77,586015611,736006856704.0
2015-07-03,3793.71,3927.13,3629.56,3686.92,548163110,648054099968.0
2015-07-06,3975.21,3975.21,3653.04,3775.91,831139308,943420424192.0
2015-07-07,3654.78,3750.57,3585.4,3727.12,698818683,776072544256.0
2015-07-08,3467.4,3599.25,3421.52,3507.19,680356923,700248338432.0
2015-07-09,3432.45,3748.48,3373.54,3709.33,656914611,673310982144.0
2015-07-10,3707.46,3959.22,3677.44,3877.8,586364255,680434151424.0
2015-07-13,3918.99,4030.2,3858.64,3970.39,643489006,782430543872.0
2015-07-14,3958.37,4035.44,3855.56,3924.49,670558799,830074683392.0
2015-07-15,3874.97,3914.27,3741.25,3805.7,601301325,700536524800.0
2015-07-16,3758.5,3877.51,3688.44,3823.18,492256200,569858936832.0
2015-07-17,3831.42,3994.48,3814.15,3957.35,481726267,593066979328.0
2015-07-20,3948.42,4021.32,3927.12,3992.11,539106714,688255569920.0
2015-07-21,3939.9,4041.82,3912.8,4017.68,504288028,646416846848.0
2015-07-22,3996.43,4042.34,3960.86,4026.04,520732224,678831919104.0
2015-07-23,4022.27,4132.61,4019.04,4123.92,563585966,743531876352.0
2015-07-24,4124.75,4184.45,4044.83,4070.91,627424860,843022069760.0
2015-07-27,3985.57,4051.16,3720.44,3725.56,556003246,721298087936.0
2015-07-28,3573.14,3762.53,3537.36,3663.0,563330043,685057523712.0
2015-07-29,3689.82,3792.07,3612.06,3789.17,434352084,557491965952.0
2015-07-30,3773.79,3844.37,3685.96,3705.77,457943227,615977922560.0
2015-07-31,3655.67,3729.51,3620.17,3663.73,350955745,460472254464.0
2015-08-03,3614.99,3648.94,3549.5,3622.91,363968732,445991591936.0
2015-08-04,3621.85,3757.03,3601.29,3756.54,362901665,464036241408.0
2015-08-05,3745.65,3782.35,3676.39,3694.57,366422979,483850276864.0
2015-08-06,3625.5,3710.57,3614.74,3661.54,274074662,357515149312.0
2015-08-07,3692.61,3756.74,3686.3,3744.21,340757184,445485031424.0
2015-08-10,3786.03,3943.62,3775.85,3928.42,497304320,652622008320.0
2015-08-11,3928.81,3970.34,3891.18,3927.91,538923461,712289931264.0
2015-08-12,3881.23,3937.77,3871.14,3886.32,442688279,597050257408.0
2015-08-13,3869.91,3955.79,3838.16,3954.56,430073303,578685517824.0
2015-08-14,3976.41,4000.68,3939.83,3965.33,467988216,647466471424.0
2015-08-17,3947.84,3994.54,3907.4,3993.67,460432059,626327678976.0
2015-08-18,3999.13,4006.34,3743.39,3748.16,543770821,722467246080.0
2015-08-19,3646.8,3811.43,3558.38,3794.11,475396239,599513276416.0
2015-08-20,3754.57,3788.0,3663.61,3664.29,390063058,501194993664.0
2015-08-21,3609.96,3652.84,3490.54,3507.74,369920479,450616483840.0
2015-08-24,3373.48,3388.36,3191.88,3209.91,334671793,358818881536.0
2015-08-25,3004.13,3123.03,2947.94,2964.97,352325110,358735781888.0
2015-08-26,2980.79,3092.04,2850.71,2927.29,466699663,461788983296.0
2015-08-27,2978.03,3085.42,2906.49,3083.59,400308398,404289306624.0
2015-08-28,3125.26,3235.84,3102.95,3232.35,443136929,474631024640.0
2015-08-31,3203.56,3207.86,3109.16,3205.99,397431383,431068602368.0
2015-09-01,3157.83,3180.33,3053.74,3166.62,432432468,420411621376.0
2015-09-02,3027.68,3194.49,3019.09,3160.17,438170153,423262355456.0
2015-09-07,3149.38,3217.58,3066.3,3080.42,296468114,302689722368.0
2015-09-08,3054.44,3174.71,3011.12,3170.45,255415465,263910383616.0
2015-09-09,3182.55,3256.74,3165.7,3243.09,375327977,412991426560.0
2015-09-10,3190.55,3243.28,3178.9,3197.89,273261760,299581091840.0
2015-09-11,3189.48,3223.76,3163.45,3200.23,224557821,252769468416.0
2015-09-14,3221.17,3229.48,3049.23,3114.8,346631158,373576802304.0
2015-09-15,3043.8,3081.7,2983.92,3005.17,249194445,243904589824.0
2015-09-16,2998.04,3182.93,2983.53,3152.26,277524524,281992257536.0
2015-09-17,3131.98,3204.7,3085.31,3086.06,317602893,337393270784.0
2015-09-18,3100.28,3122.05,3070.33,3097.92,209175398,218442428416.0
2015-09-21,3072.09,3159.88,3060.86,3156.54,239897354,259796672512.0
2015-09-22,3161.32,3213.48,3152.48,3185.62,274786153,305071325184.0
2015-09-23,3137.72,3164.04,3104.74,3115.89,236322670,257560035328.0
2015-09-24,3126.49,3151.17,3109.69,3142.69,212887724,231369056256.0
2015-09-25,3130.85,3149.95,3063.0,3092.35,236263872,248971120640.0
2015-09-28,3085.57,3103.07,3042.31,3100.76,156727529,166422396928.0
2015-09-29,3055.22,3068.3,3021.16,3038.14,163222674,169686597632.0
2015-09-30,3052.84,3073.3,3039.74,3052.78,146642450,156569198592.0
2015-10-08,3156.07,3172.28,3133.13,3143.36,234276050,258830340096.0
2015-10-09,3146.64,3192.72,3137.79,3183.15,234851446,256379113472.0
2015-10-12,3193.54,3318.71,3188.41,3287.66,386294715,435541020672.0
2015-10-13,3262.16,3298.63,3253.25,3293.23,297153134,334806097920.0
2015-10-14,3280.02,3307.31,3256.25,3262.44,295077740,330277519360.0
2015-10-15,3255.03,3338.3,3254.39,3338.07,316283850,362565554176.0
2015-10-16,3358.3,3393.02,3334.85,3391.35,395460575,459447812096.0
2015-10-19,3401.63,3423.4,3355.57,3386.7,378112184,453303627776.0
2015-10-20,3377.55,3425.51,3357.86,3425.33,318973757,383582515200.0
2015-10-21,3428.56,3447.26,3265.44,3320.68,458455429,518509232128.0
2015-10-22,3292.29,3373.78,3282.99,3368.74,323739341,375452024832.0
2015-10-23,3377.55,3422.02,3360.22,3412.43,347372854,425263087616.0
2015-10-26,3448.65,3457.52,3402.0,3429.58,365560852,453942505472.0
2015-10-27,3409.14,3441.56,3332.62,3434.34,328172769,408887226368.0
2015-10-28,3417.01,3439.76,3367.23,3375.2,293523284,361656184832.0
2015-10-29,3387.77,3411.71,3362.51,3387.31,235676027,294508412928.0
2015-10-30,3380.28,3417.2,3346.59,3382.56,243595118,307266772992.0
2015-11-02,3337.58,3391.06,3322.31,3325.08,230951130,286019330048.0
2015-11-03,3330.32,3346.27,3302.18,3316.7,192897428,244360564736.0
2015-11-04,3325.62,3459.65,3325.62,3459.64,339078730,426104385536.0
2015-11-05,3459.22,3585.66,3455.52,3522.82,553254948,678674612224.0
2015-11-06,3514.44,3596.38,3508.83,3590.03,429167032,543282200576.0
2015-11-09,3588.5,3673.76,3588.5,3646.88,503016681,636184064000.0
2015-11-10,3617.4,3669.53,3607.89,3640.49,429746575,560055119872.0
2015-11-11,3635.0,3654.88,3605.62,3650.25,360972652,467822206976.0
2015-11-12,3656.82,3659.31,3603.23,3632.9,361717601,482832625664.0
2015-11-13,3600.76,3632.56,3564.81,3580.84,345870932,468668657664.0
2015-11-16,3522.46,3607.61,3519.42,3606.96,276187057,369421832192.0
2015-11-17,3629.98,3678.27,3598.07,3604.79,383575468,521520361472.0
2015-11-18,3605.06,3617.07,3558.7,3568.47,297580733,392338755584.0
2015-11-19,3573.78,3618.21,3561.04,3617.06,247915576,328442613760.0
2015-11-20,3620.79,3640.53,3607.92,3630.5,310801971,413910904832.0
2015-11-23,3630.87,3654.75,3598.87,3610.31,315997473,414148235264.0
2015-11-24,3602.89,3616.48,3563.1,3616.11,248810524,327758499840.0
2015-11-25,3614.07,3648.37,3607.52,3647.93,273024858,380802940928.0
2015-11-26,3659.57,3668.38,3629.86,3635.55,306761582,426247413760.0
2015-11-27,3616.54,3621.9,3412.43,3436.3,354287524,464311246848.0
2015-11-30,3433.85,3470.37,3327.81,3445.41,304197903,387503652864.0
2015-12-01,3442.44,3483.41,3417.54,3456.31,252390756,330256748544.0
2015-12-02,3450.28,3538.85,3427.66,3536.91,301491479,369183039488.0
2015-12-03,3525.73,3591.73,3517.23,3584.82,281111255,338859089920.0
2015-12-04,3558.15,3568.97,3510.41,3524.99,251736412,319766835200.0
2015-12-07,3529.81,3543.95,3506.62,3536.93,208302579,280561586176.0
2015-12-08,3518.65,3518.65,3466.79,3470.07,224367311,297821728768.0
2015-12-09,3462.58,3495.7,3454.88,3472.44,195698844,267854864384.0
2015-12-10,3469.81,3503.65,3446.27,3455.5,200427517,279499706368.0
2015-12-11,3441.6,3455.55,3410.92,3434.58,182908879,245076422656.0
2015-12-14,3403.51,3521.78,3399.28,3520.67,215374620,279213531136.0
2015-12-15,3518.13,3529.96,3496.85,3510.35,200471342,276274950144.0
2015-12-16,3522.09,3538.69,3506.29,3516.19,193482309,265288654848.0
2015-12-17,3533.63,3583.41,3533.63,3580.0,283856476,381439614976.0
2015-12-18,3574.94,3614.7,3568.16,3578.96,273707904,365385805824.0
2015-12-21,3568.58,3651.06,3565.75,3642.47,299849280,398316969984.0
2015-12-22,3645.99,3652.64,3616.87,3651.77,261178762,360846041088.0
2015-12-23,3653.28,3684.57,3633.02,3636.09,298201802,419902926848.0
2015-12-24,3631.31,3640.22,3572.28,3612.49,227785226,315421253632.0
2015-12-25,3614.05,3635.26,3601.74,3627.91,198451110,274660040704.0
2015-12-28,3635.77,3641.59,3533.78,3533.78,269983278,369042821120.0
2015-12-29,3528.4,3564.17,3515.52,3563.74,182551923,250938908672.0
2015-12-30,3566.73,3573.68,3538.11,3572.88,187889610,267787665408.0
2015-12-31,3570.47,3580.6,3538.35,3539.18,176963658,254031073280.0
2016-01-04,3536.59,3538.69,3295.74,3296.26,184418424,240929157120.0
2016-01-05,3196.65,3328.14,3189.6,3287.71,266882084,328417226752.0
2016-01-06,3291.2,3362.97,3288.93,3361.84,238886671,285243224064.0
2016-01-07,3309.66,3309.66,3115.89,3125.0,70569124,79981989888.0
2016-01-08,3194.62,3235.45,3056.88,3186.41,286440822,324167135232.0
2016-01-11,3131.85,3166.22,3016.7,3016.7,271643692,286379626496.0
2016-01-12,3026.16,3047.66,2978.46,3022.86,207659622,224135434240.0
2016-01-13,3041.11,3059.01,2949.29,2949.6,194282107,208376045568.0
2016-01-14,2874.05,3012.29,2867.55,3007.65,212905644,218013655040.0
2016-01-15,2988.05,3001.71,2883.87,2900.97,198721697,206603968512.0
2016-01-18,2847.54,2945.45,2844.7,2913.84,164699694,173619961856.0
2016-01-19,2914.41,3012.07,2906.4,3007.74,205279703,222674800640.0
2016-01-20,2993.01,3016.28,2951.92,2976.69,216505475,234562924544.0
2016-01-21,2934.39,2998.79,2880.08,2880.48,191675668,203634573312.0
2016-01-22,2911.11,2931.36,2851.73,2916.56,159810734,170062245888.0
2016-01-25,2934.08,2955.78,2911.83,2938.51,153039058,164023398400.0
2016-01-26,2907.72,2911.99,2743.84,2749.78,210836055,212608151552.0
2016-01-27,2756.08,2768.77,2638.3,2735.56,215722045,207426674688.0
2016-01-28,2711.16,2740.54,2647.49,2655.66,171120279,167357415424.0
2016-01-29,2652.85,2755.37,2649.79,2737.6,186673106,180006813696.0
2016-02-01,2730.98,2735.25,2655.62,2688.85,156383744,152830742528.0
2016-02-02,2687.98,2755.16,2687.98,2749.57,158078211,158936801280.0
2016-02-03,2719.57,2746.07,2696.88,2739.25,148397217,146627121152.0
2016-02-04,2751.43,2793.3,2751.31,2781.02,170382019,175347388416.0
2016-02-05,2783.08,2790.06,2762.16,2763.49,141186284,145553629184.0
2016-02-15,2684.96,2760.36,2682.09,2746.2,129263931,129321054208.0
2016-02-16,2758.58,2840.62,2758.58,2836.57,195961615,198969135104.0
2016-02-17,2829.76,2868.7,2824.36,2867.34,216909924,225964249088.0
2016-02-18,2881.78,2893.22,2857.7,2862.89,219203873,230775054336.0
2016-02-19,2854.9,2872.72,2840.49,2860.02,163391414,178424844288.0
2016-02-22,2888.6,2933.96,2880.35,2927.18,232176041,238682816512.0
2016-02-23,2925.71,2928.05,2872.28,2903.33,199740664,211548950528.0
2016-02-24,2889.89,2929.87,2872.27,2928.9,213410383,227851644928.0
2016-02-25,2922.24,2922.24,2729.85,2741.25,270284416,271767142400.0
2016-02-26,2760.06,2784.75,2715.87,2767.21,191110472,190068985856.0
2016-02-29,2754.81,2755.89,2638.96,2687.98,207410708,194640195584.0
2016-03-01,2688.38,2747.56,2668.76,2733.17,187207442,182185537536.0
2016-03-02,2733.77,2852.7,2732.54,2849.68,270961784,259318767616.0
2016-03-03,2847.33,2878.45,2840.87,2859.76,287478211,279971934208.0
2016-03-04,2848.54,2880.37,2808.85,2874.15,312495168,294982111232.0
2016-03-07,2886.64,2911.84,2871.35,2897.34,217466836,208559325184.0
2016-03-08,2895.67,2902.62,2802.56,2901.39,233482660,220513955840.0
2016-03-09,2839.41,2863.01,2811.72,2862.56,183355384,177072558080.0
2016-03-10,2847.57,2863.18,2803.48,2804.73,138979461,141812412416.0
2016-03-11,2781.6,2815.61,2772.55,2810.31,127247555,128450314240.0
2016-03-14,2830.08,2889.82,2823.03,2859.5,194816031,202793148416.0
2016-03-15,2853.98,2865.79,2819.79,2864.37,163386668,170219524096.0
2016-03-16,2858.71,2881.53,2854.19,2870.43,186492536,190193856512.0
2016-03-17,2875.41,2921.0,2857.19,2904.83,200290212,213843632128.0
2016-03-18,2915.52,2971.55,2908.74,2955.15,313332736,328241160192.0
2016-03-21,2978.46,3028.32,2973.76,3018.8,352400438,380823080960.0
2016-03-22,3001.63,3019.1,2988.43,2999.36,270377321,311025315840.0
2016-03-23,2991.17,3012.56,2980.85,3009.96,216977462,256328163328.0
2016-03-24,2986.8,2998.15,2960.54,2960.97,237006403,274795126784.0
2016-03-25,2956.2,2981.41,2952.11,2979.43,175074345,200818438144.0
2016-03-28,2988.01,3008.17,2948.53,2957.82,202021240,232323731456.0
2016-03-29,2956.71,2962.2,2905.25,2919.83,182965345,201625833472.0
2016-03-30,2941.22,3001.11,2941.22,3000.65,210371451,234410622976.0
2016-03-31,3009.37,3023.41,2992.92,3003.92,220413445,252219756544.0
2016-04-01,2997.09,3009.67,2956.25,3009.53,206545866,217520533504.0
2016-04-05,3000.94,3057.33,2993.15,3053.06,256730345,276654686208.0
2016-04-06,3039.75,3059.79,3029.0,3050.59,232262052,254914555904.0
2016-04-07,3058.34,3062.36,3007.06,3008.42,220919506,243961815040.0
2016-04-08,2988.2,2996.17,2960.46,2984.96,187904632,207337095168.0
2016-04-11,3006.91,3048.98,3006.91,3033.96,220018324,252328394752.0
2016-04-12,3031.3,3036.82,3001.31,3023.65,182718669,207079809024.0
2016-04-13,3041.36,3097.17,3041.36,3066.64,310003246,331420684288.0
2016-04-14,3080.09,3086.7,3056.99,3082.36,208237829,235056058368.0
2016-04-15,3085.03,3089.95,3066.87,3078.12,189613051,224141312000.0
2016-04-18,3058.46,3058.46,3022.97,3033.66,183304512,208613085184.0
2016-04-19,3047.13,3054.5,3024.9,3042.82,156533199,180948013056.0
2016-04-20,3050.38,3055.69,2905.05,2972.58,283144220,311154872320.0
2016-04-21,2954.37,2990.67,2943.46,2952.89,189406848,206477127680.0
2016-04-22,2933.03,2960.21,2926.78,2959.24,137211668,148800430080.0
2016-04-25,2949.97,2954.09,2917.02,2946.67,125856243,140638756864.0
2016-04-26,2944.72,2965.43,2933.97,2964.7,117711603,134292459520.0
2016-04-27,2967.19,2976.02,2949.43,2953.67,130867640,150286303232.0
2016-04-28,2955.74,2959.51,2916.37,2945.59,138663273,154614697984.0
2016-04-29,2935.38,2950.58,2930.36,2938.32,109310628,128502730752.0
2016-05-03,2940.39,2993.53,2929.81,2992.64,168703644,195816603648.0
2016-05-04,2983.03,3004.42,2978.33,2991.27,165407107,189046374400.0
2016-05-05,2987.02,2999.12,2977.2,2997.84,144831383,163113775104.0
2016-05-06,2998.4,3003.59,2913.04,2913.25,206796498,234077433856.0
2016-05-09,2896.16,2896.16,2821.83,2832.11,180378330,188705685504.0
2016-05-10,2822.33,2845.24,2820.16,2832.59,120829309,128535265280.0
2016-05-11,2843.54,2857.25,2818.7,2837.04,135795466,146022522880.0
2016-05-12,2812.11,2839.28,2781.24,2835.86,136337656,140838629376.0
2016-05-13,2828.46,2850.09,2814.11,2827.11,114319711,123692646400.0
2016-05-16,2816.77,2851.23,2804.99,2850.86,114653591,126844297216.0
2016-05-17,2850.93,2860.32,2832.46,2843.68,123369065,140000997376.0
2016-05-18,2828.18,2828.25,2781.42,2807.51,140487826,149396819968.0
2016-05-19,2802.31,2829.4,2801.55,2806.91,111595072,124151054336.0
2016-05-20,2792.89,2825.95,2785.08,2825.48,108700900,123794591744.0
2016-05-23,2826.31,2848.07,2826.26,2843.65,120470456,139950366720.0
2016-05-24,2839.68,2839.7,2807.19,2821.67,111452444,121096060928.0
2016-05-25,2835.03,2843.17,2807.75,2815.09,103527265,117767630848.0
2016-05-26,2813.54,2827.09,2780.76,2822.44,114766797,127105183744.0
2016-05-27,2817.97,2832.8,2809.8,2821.05,109845824,123858866176.0
2016-05-30,2814.65,2830.97,2794.66,2822.45,106319588,115587477504.0
2016-05-31,2822.59,2917.14,2822.59,2916.62,215260342,236528504832.0
2016-06-01,2917.15,2929.08,2909.51,2913.51,188386422,219868045312.0
2016-06-02,2911.22,2925.67,2906.52,2925.23,159716915,185084899328.0
2016-06-03,2929.79,2945.52,2915.19,2938.68,172021023,211302477824.0
2016-06-06,2940.99,2945.94,2922.28,2934.1,141993743,172426792960.0
2016-06-07,2936.28,2938.44,2923.5,2936.04,132987868,163605602304.0
2016-06-08,2932.38,2937.99,2908.37,2927.16,143046072,177377308672.0
2016-06-13,2897.27,2911.16,2832.51,2833.07,169255434,198547767296.0
2016-06-14,2824.23,2843.46,2822.06,2842.19,119755274,138531749888.0
2016-06-15,2814.69,2894.26,2811.78,2887.21,166671068,197199331328.0
2016-06-16,2878.4,2887.74,2865.39,2872.82,173882767,201957154816.0
2016-06-17,2873.01,2900.3,2872.19,2885.1,171472517,195432493056.0
2016-06-20,2887.64,2891.66,2864.02,2888.81,136571052,163734437888.0
2016-06-21,2898.38,2919.3,2869.18,2878.56,164359089,198201921536.0
2016-06-22,2872.73,2905.98,2869.51,2905.55,130590423,156339384320.0
2016-06-23,2902.4,2904.11,2878.66,2891.96,136137375,163680268288.0
2016-06-24,2883.76,2899.57,2807.6,2854.29,190842609,214913449984.0
2016-06-27,2840.56,2895.73,2840.28,2895.7,156697472,189854732288.0
2016-06-28,2885.01,2913.58,2878.82,2912.56,173871048,211079307264.0
2016-06-29,2918.53,2934.0,2915.06,2931.59,193215585,223406350336.0
2016-06-30,2931.48,2938.14,2922.31,2929.61,154464929,187459796992.0
2016-07-01,2931.8,2944.99,2925.81,2932.48,141246226,173006184448.0
2016-07-04,2924.29,2992.5,2922.52,2988.6,222017132,253150363648.0
2016-07-05,2991.75,3010.27,2990.64,3006.39,235204449,270418010112.0
2016-07-06,2998.52,3017.65,2984.83,3017.29,212370921,246497841152.0
2016-07-07,3009.35,3024.11,2994.64,3016.85,222681667,270197133312.0
2016-07-08,3000.33,3001.55,2983.88,2988.09,168986860,209672667136.0
2016-07-11,2993.75,3022.94,2990.91,2994.92,224338225,271916498944.0
2016-07-12,2992.52,3049.68,2984.42,3049.38,259486295,288656744448.0
2016-07-13,3049.51,3069.05,3048.2,3060.69,253659384,279350870016.0
2016-07-14,3054.98,3057.05,3036.52,3054.02,180194803,208939032576.0
2016-07-15,3056.68,3062.68,3044.54,3054.3,172866399,202840551424.0
2016-07-18,3047.64,3058.32,3031.64,3043.56,177496563,206667710464.0
2016-07-19,3040.23,3043.6,3014.29,3036.6,155361467,187206721536.0
2016-07-20,3034.71,3043.0,3022.63,3027.9,138242816,171472916480.0
2016-07-21,3027.6,3053.33,3027.37,3039.01,163767370,200278454272.0
2016-07-22,3038.12,3039.27,3007.46,3012.82,162010181,197517348864.0
2016-07-25,3008.09,3027.12,3003.29,3015.83,144206582,175422001152.0
2016-07-26,3014.04,3050.61,3013.8,3050.17,156694505,185474469888.0
2016-07-27,3050.37,3057.42,2939.23,2992.0,280160914,316811390976.0
2016-07-28,2980.5,3003.36,2968.18,2994.32,190564951,217627000832.0
2016-07-29,2992.53,3000.05,2972.92,2979.34,150101535,170198564864.0
2016-08-01,2971.95,2972.88,2931.96,2953.39,147407762,162372673536.0
2016-08-02,2950.08,2971.28,2946.64,2971.28,115468900,129266872320.0
2016-08-03,2963.21,2981.16,2956.78,2978.46,141141332,159088263168.0
2016-08-04,2976.41,2982.86,2958.93,2982.43,133933302,153307963392.0
2016-08-05,2978.78,2991.68,2971.56,2976.7,141857101,161795981312.0
2016-08-08,2972.62,3004.72,2959.05,3004.28,155729833,172089655296.0
2016-08-09,3001.31,3025.91,2998.68,3025.68,169995446,187716866048.0
2016-08-10,3023.47,3033.2,3017.09,3018.75,164675164,184525185024.0
2016-08-11,3013.68,3038.05,3001.17,3002.64,161879480,179861524480.0
2016-08-12,3000.27,3051.05,2999.04,3050.67,168173658,179304886272.0
2016-08-15,3056.48,3137.48,3053.87,3125.2,297616507,327991128064.0
2016-08-16,3130.53,3140.44,3102.06,3110.04,278328934,308544860160.0
2016-08-17,3106.99,3114.25,3090.28,3109.55,213839636,243405250560.0
2016-08-18,3107.75,3125.58,3093.32,3104.11,229359081,256969678848.0
2016-08-19,3100.39,3113.34,3082.77,3108.1,194347453,212050972672.0
2016-08-22,3107.38,3112.74,3083.59,3084.8,185387927,207638876160.0
2016-08-23,3081.57,3101.11,3073.53,3089.71,161368965,179183489024.0
2016-08-24,3092.02,3097.15,3079.55,3085.88,145707441,168362528768.0
2016-08-25,3073.44,3073.44,3041.5,3068.33,174032980,200859750400.0
2016-08-26,3069.85,3087.65,3063.89,3070.31,149663900,176309497856.0
2016-08-29,3068.46,3074.94,3058.78,3070.03,144500006,166397345792.0
2016-08-30,3071.44,3082.99,3065.97,3074.68,140434811,163878821888.0
2016-08-31,3072.92,3087.7,3063.4,3085.49,141368609,168986116096.0
2016-09-01,3083.96,3088.7,3062.88,3063.3,155191094,177093296128.0
2016-09-02,3057.49,3072.52,3050.49,3067.35,150446920,170592141312.0
2016-09-05,3070.71,3085.49,3065.33,3072.09,144963318,161243676672.0
2016-09-06,3071.05,3095.51,3053.19,3090.71,172908524,193057730560.0
2016-09-07,3091.33,3105.68,3087.88,3091.93,186956764,207162122240.0
2016-09-08,3089.95,3096.78,3083.9,3095.95,145883771,165944471552.0
2016-09-09,3095.43,3101.79,3078.22,3078.85,160692923,182056230912.0
2016-09-12,3037.51,3040.95,2999.93,3021.98,206012086,221846568960.0
2016-09-13,3025.03,3029.72,3008.74,3023.51,135387579,152791306240.0
2016-09-14,3008.9,3017.94,2995.42,3002.85,133413402,148148969472.0
2016-09-19,3005.32,3026.65,3005.32,3026.05,119225027,133168828416.0
2016-09-20,3027.17,3027.82,3015.88,3023.0,118924116,139662303232.0
2016-09-21,3021.58,3032.45,3017.54,3025.87,115721213,134133727232.0
2016-09-22,3038.42,3054.44,3035.07,3042.31,139309555,159031062528.0
2016-09-23,3044.78,3046.8,3032.8,3033.9,125590976,147377737728.0
2016-09-26,3028.24,3028.24,2980.12,2980.43,144330286,162257248256.0
2016-09-27,2974.59,2998.23,2969.13,2998.17,121701450,133372706816.0
2016-09-28,3000.7,3000.7,2984.32,2987.86,104625697,116437377024.0
2016-09-29,2992.17,3009.2,2991.91,2998.48,113213919,122728570880.0
2016-09-30,2994.25,3009.2,2993.06,3004.7,101333563,112794537984.0
2016-10-10,3020.46,3048.24,3014.62,3048.14,160051105,175521792000.0
2016-10-11,3051.62,3066.1,3048.02,3065.25,167273495,183787646976.0
2016-10-12,3057.32,3060.51,3048.89,3058.5,142493578,159982960640.0
2016-10-13,3057.97,3065.0,3052.64,3061.34,154756726,166335868928.0
2016-10-14,3056.99,3064.79,3043.18,3063.81,155373706,163792994304.0
2016-10-17,3064.69,3068.81,3033.75,3041.17,163733266,180594077696.0
2016-10-18,3037.4,3084.19,3037.4,3083.88,182042460,196036128768.0
2016-10-19,3085.75,3096.22,3076.77,3084.72,182470144,197481136128.0
2016-10-20,3084.91,3089.68,3076.29,3084.46,160691364,177674543104.0
2016-10-21,3081.39,3101.85,3069.27,3090.94,187388073,201953660928.0
2016-10-24,3092.05,3137.03,3090.79,3128.25,240522350,250354393088.0
2016-10-25,3127.97,3132.5,3121.05,3131.94,203380897,220861464576.0
2016-10-26,3129.84,3129.84,3110.39,3116.31,191663263,215767707648.0
2016-10-27,3112.6,3114.76,3100.39,3112.35,158008788,182237126656.0
2016-10-28,3111.7,3128.64,3101.24,3104.27,181774124,212593008640.0
2016-10-31,3097.19,3102.3,3081.07,3100.49,151506765,178427744256.0
2016-11-01,3101.66,3122.61,3097.04,3122.44,160232033,195831590912.0
2016-11-02,3115.73,3118.98,3099.82,3102.73,182722066,221676544000.0
2016-11-03,3096.76,3140.93,3094.1,3128.94,222986260,265820360704.0
2016-11-04,3126.35,3141.33,3119.53,3125.32,197683197,239043256320.0
2016-11-07,3124.89,3139.2,3117.1,3133.33,179418491,210602323968.0
2016-11-08,3140.94,3156.88,3134.95,3147.89,190846979,221585117184.0
2016-11-09,3146.08,3146.95,3096.95,3128.37,241114959,277229391872.0
2016-11-10,3148.54,3172.31,3148.54,3171.28,244192602,285992812544.0
2016-11-11,3169.4,3202.74,3166.07,3196.04,310854579,343773949952.0
2016-11-14,3187.71,3221.46,3186.79,3210.37,329608312,346974629888.0
2016-11-15,3209.95,3214.29,3195.03,3206.99,240886351,267003871232.0
2016-11-16,3208.5,3210.89,3195.41,3205.06,221766994,244854509568.0
2016-11-17,3198.5,3211.05,3187.21,3208.45,214206241,226775851008.0
2016-11-18,3207.19,3212.39,3187.5,3192.85,209826639,235352064000.0
2016-11-21,3188.5,3229.76,3188.28,3218.15,230652844,263177809920.0
2016-11-22,3220.98,3249.68,3220.98,3248.35,261631547,292484829184.0
2016-11-23,3247.94,3262.88,3231.59,3241.14,249959593,277942468608.0
2016-11-24,3237.43,3257.86,3232.87,3241.74,232324526,267224711168.0
2016-11-25,3241.24,3262.44,3209.6,3261.94,233921600,259117039616.0
2016-11-28,3270.05,3288.34,3267.67,3277.0,281551252,300460150784.0
2016-11-29,3269.23,3301.21,3263.4,3282.92,320836288,348149350400.0
2016-11-30,3272.14,3277.27,3239.52,3250.03,243576054,262808739840.0
2016-12-01,3257.03,3279.67,3256.25,3273.31,237759864,261553934336.0
2016-12-02,3270.12,3279.71,3235.28,3243.84,259567204,281559097344.0
2016-12-05,3203.78,3219.52,3194.88,3204.71,223010394,238598033408.0
2016-12-06,3202.03,3215.31,3196.52,3199.65,157572692,177170153472.0
2016-12-07,3198.47,3222.43,3189.49,3222.24,169072847,189443846144.0
2016-12-08,3225.55,3228.12,3211.47,3215.36,170710172,197802065920.0
2016-12-09,3209.34,3244.8,3207.04,3232.88,204023956,226387156992.0
2016-12-12,3233.67,3245.09,3149.9,3152.97,274708462,294260137984.0
2016-12-13,3138.99,3162.5,3118.71,3155.04,185164495,203175456768.0
2016-12-14,3149.38,3170.02,3136.35,3140.53,201358886,219206160384.0
2016-12-15,3125.76,3138.78,3100.91,3117.68,189990625,212863238144.0
2016-12-16,3111.51,3128.87,3106.35,3122.98,164988700,189844754432.0
2016-12-19,3120.7,3125.28,3110.08,3118.08,154169715,174500241408.0
2016-12-20,3115.9,3117.01,3084.8,3102.88,157426760,171611881472.0
2016-12-21,3107.24,3140.25,3107.24,3137.43,186706606,204247805952.0
2016-12-22,3132.16,3143.17,3126.89,3139.56,167804989,185981558784.0
2016-12-23,3134.93,3138.4,3103.75,3110.15,166176768,189281177600.0
2016-12-26,3095.58,3122.88,3068.42,3122.57,152571881,170555609088.0
2016-12-27,3117.39,3127.88,3113.75,3114.66,141528940,162193907712.0
2016-12-28,3113.77,3118.78,3094.55,3102.24,135727086,154329653248.0
2016-12-29,3095.84,3111.8,3087.34,3096.1,132623291,149919182848.0
2016-12-30,3097.34,3108.84,3089.99,3103.64,133267131,151732781056.0
2017-01-03,3105.31,3136.46,3105.31,3135.92,141567186,159887138816.0
2017-01-04,3133.79,3160.1,3130.11,3158.79,167860851,195914293248.0
2017-01-05,3157.91,3168.5,3154.28,3165.41,174727644,199692025856.0
2017-01-06,3163.78,3172.03,3153.02,3154.32,183708966,207296036864.0
2017-01-09,3148.53,3173.14,3147.74,3171.24,171714076,192110579712.0
2017-01-10,3167.57,3174.58,3157.33,3161.67,179759217,194963218432.0
2017-01-11,3156.69,3167.03,3136.27,3136.75,178362222,189186457600.0
2017-01-12,3133.6,3144.97,3115.98,3119.29,148889239,161922297856.0
2017-01-13,3116.08,3130.51,3102.16,3112.76,156274214,174438555648.0
2017-01-16,3104.49,3105.14,3044.29,3103.43,257885996,262826041344.0
2017-01-17,3087.03,3108.91,3072.34,3108.77,136157860,154757554176.0
2017-01-18,3104.77,3123.72,3098.59,3113.01,131780129,144546717696.0
2017-01-19,3104.97,3115.78,3094.0,3101.3,123851420,139280461824.0
2017-01-20,3095.82,3125.66,3095.21,3123.14,122366776,141471809536.0
2017-01-23,3125.42,3145.84,3125.42,3136.77,132660393,148145737728.0
2017-01-24,3134.59,3149.53,3131.22,3142.55,125973880,134553853952.0
2017-01-25,3137.65,3151.47,3133.19,3149.55,112073828,126765830144.0
2017-01-26,3149.22,3163.1,3148.91,3159.17,113876772,125013192704.0
2017-02-03,3160.08,3162.68,3136.01,3140.17,92224737,108023660544.0
2017-02-06,3143.09,3158.84,3135.39,3156.98,127198282,150067695616.0
2017-02-07,3154.4,3159.54,3140.03,3153.09,128337441,152559087616.0
2017-02-08,3148.09,3167.45,3132.03,3166.98,144920187,170854125568.0
2017-02-09,3164.69,3186.84,3162.57,3183.18,191640328,209723158528.0
2017-02-10,3183.01,3205.05,3182.8,3196.7,239348913,245772165120.0
2017-02-13,3198.99,3219.41,3198.99,3216.84,220191508,236158767104.0
2017-02-14,3216.14,3219.4,3205.28,3217.93,188798088,204253822976.0
2017-02-15,3215.46,3236.0,3206.56,3212.99,241507707,257965244416.0
2017-02-16,3210.36,3230.27,3207.78,3229.62,216955942,226587611136.0
2017-02-17,3227.71,3238.4,3199.42,3202.07,226228178,248572751872.0
2017-02-20,3198.96,3241.46,3198.96,3239.96,232152097,250276130816.0
2017-02-21,3242.22,3254.33,3239.88,3253.32,211673065,233551175680.0
2017-02-22,3252.69,3261.38,3243.84,3261.22,207453775,234815324160.0
2017-02-23,3258.83,3264.08,3236.35,3251.38,209179799,236822581248.0
2017-02-24,3246.86,3253.96,3233.53,3253.43,186406362,213839036416.0
2017-02-27,3249.19,3251.65,3224.09,3228.66,182581071,211395715072.0
2017-02-28,3225.97,3242.68,3225.97,3241.73,151244319,186019287040.0
2017-03-01,3240.07,3259.98,3237.87,3246.93,190677550,225940967424.0
2017-03-02,3250.52,3256.81,3228.66,3230.03,181215076,223043960832.0
2017-03-03,3219.2,3221.16,3206.61,3218.31,157082368,192707923968.0
2017-03-06,3217.33,3234.66,3215.07,3233.86,156092157,193769172992.0
2017-03-07,3233.09,3242.66,3226.82,3242.41,164064236,209931206656.0
2017-03-08,3240.53,3245.3,3230.61,3240.66,160731387,198225780736.0
2017-03-09,3233.7,3233.87,3205.28,3216.75,167371108,199217647616.0
2017-03-10,3213.73,3222.32,3208.45,3212.76,136672742,173663170560.0
2017-03-13,3209.45,3237.12,3193.16,3237.02,163673761,206919741440.0
2017-03-14,3235.25,3246.33,3231.52,3239.33,146946022,191535128576.0
2017-03-15,3235.4,3243.71,3227.74,3241.76,144055683,185727250432.0
2017-03-16,3247.16,3269.77,3247.16,3268.94,189416003,244508344320.0
2017-03-17,3271.87,3274.19,3232.28,3237.45,200583224,262184046592.0
2017-03-20,3241.11,3251.13,3228.12,3250.81,170548431,213951758336.0
2017-03-21,3250.25,3262.22,3246.7,3261.61,162719306,219121270784.0
2017-03-22,3246.22,3255.78,3229.13,3245.22,189731648,244545458176.0
2017-03-23,3245.81,3262.09,3221.93,3248.55,193029143,258246692864.0
2017-03-24,3247.35,3275.21,3241.12,3269.45,219777915,267094163456.0
2017-03-27,3268.92,3283.24,3262.12,3266.96,201852675,249185542144.0
2017-03-28,3265.63,3265.63,3246.09,3252.95,161710013,203452481536.0
2017-03-29,3252.86,3262.1,3233.28,3241.31,216105574,245371850752.0
2017-03-30,3235.14,3240.02,3195.85,3210.24,247135480,265694871552.0
2017-03-31,3206.25,3226.25,3205.54,3222.51,196442921,214036160512.0
2017-04-05,3235.66,3270.65,3233.24,3270.3,248320202,273201156096.0
2017-04-06,3272.19,3286.67,3265.76,3281.0,245288000,262335586304.0
2017-04-07,3280.62,3295.19,3275.05,3286.62,236108943,266738323456.0
2017-04-10,3285.46,3285.46,3265.01,3269.39,232694615,279415193600.0
2017-04-11,3266.22,3290.39,3244.4,3288.97,281281249,326622408704.0
2017-04-12,3283.84,3284.93,3262.28,3273.83,269381791,311505522688.0
2017-04-13,3265.22,3281.14,3261.49,3275.96,207346875,223287214080.0
2017-04-14,3276.14,3276.71,3238.9,3246.07,214508559,224106680320.0
2017-04-17,3229.95,3229.95,3199.91,3222.17,212737188,227214680064.0
2017-04-18,3215.4,3225.05,3196.49,3196.71,188661353,211866767360.0
2017-04-19,3184.67,3189.44,3147.06,3170.69,213238075,225806057472.0
2017-04-20,3165.67,3178.18,3148.18,3172.1,190873984,220098232320.0
2017-04-21,3170.29,3180.79,3158.63,3173.15,164761741,184131440640.0
2017-04-24,3164.25,3164.25,3111.21,3129.53,186277435,197845254144.0
2017-04-25,3123.89,3145.27,3117.45,3134.57,153418307,174129250304.0
2017-04-26,3132.92,3152.95,3131.42,3140.85,169878108,197112872960.0
2017-04-27,3131.35,3155.0,3097.33,3152.19,211793073,235748319232.0
2017-04-28,3144.02,3154.73,3136.58,3154.66,162889900,183195770880.0
2017-05-02,3147.23,3154.78,3136.54,3143.71,154222963,176389918720.0
2017-05-03,3138.31,3148.28,3123.75,3135.35,163763924,190236602368.0
2017-05-04,3127.1,3143.82,3111.39,3127.37,177967485,200170852352.0
2017-05-05,3114.77,3117.61,3092.09,3103.04,176213642,200273907712.0
2017-05-08,3090.06,3093.45,3067.69,3078.61,180526904,198171688960.0
2017-05-09,3064.85,3084.21,3056.56,3080.53,135066675,152795901952.0
2017-05-10,3078.17,3090.82,3051.59,3052.78,160794452,181624152064.0
2017-05-11,3036.79,3063.56,3016.53,3061.5,191341901,197604069376.0
2017-05-12,3054.11,3090.49,3051.87,3083.51,159684099,175107244032.0
2017-05-15,3085.93,3098.91,3085.93,3090.23,135660728,158269607936.0
2017-05-16,3082.87,3113.51,3060.53,3112.96,173775565,193292103680.0
2017-05-17,3107.8,3119.58,3101.29,3104.44,168674158,194560593920.0
2017-05-18,3082.33,3103.44,3077.96,3090.14,148620035,168149516288.0
2017-05-19,3086.71,3095.48,3081.28,3090.63,129635231,150164226048.0
2017-05-22,3087.17,3103.94,3063.15,3075.68,153683730,170340982784.0
2017-05-23,3069.39,3084.24,3050.84,3061.95,178310600,195073654784.0
2017-05-24,3047.57,3064.81,3022.3,3064.07,139813353,152669200384.0
2017-05-25,3055.34,3114.66,3052.83,3107.83,191391841,201910124544.0
2017-05-26,3101.29,3120.66,3100.39,3110.06,155923487,171327385600.0
2017-05-31,3125.32,3143.28,3111.56,3117.18,152950431,177913311232.0
2017-06-01,3108.42,3113.52,3097.68,3102.62,163015718,180782624768.0
2017-06-02,3094.23,3110.39,3081.85,3105.54,142504924,154454347776.0
2017-06-05,3102.11,3105.5,3084.83,3091.66,132570299,143429804032.0
2017-06-06,3084.54,3102.86,3078.79,3102.13,113439964,127804624896.0
2017-06-07,3101.76,3140.77,3098.95,3140.32,173229015,194287943680.0
2017-06-08,3136.47,3153.26,3132.83,3150.33,152277660,178894299136.0
2017-06-09,3147.45,3165.92,3146.11,3158.4,160136335,181584883712.0
2017-06-12,3149.53,3164.95,3135.31,3139.88,146729426,170223276032.0
2017-06-13,3134.01,3155.99,3131.04,3153.74,128318280,148457869312.0
2017-06-14,3146.75,3149.17,3125.35,3130.67,138347041,160641228800.0
2017-06-15,3125.59,3137.58,3117.08,3132.49,146954245,171124531200.0
2017-06-16,3126.37,3134.25,3117.86,3123.17,129652759,149215477760.0
2017-06-19,3122.16,3146.77,3121.78,3144.37,134891758,151741796352.0
2017-06-20,3148.02,3150.46,3134.61,3140.01,141191803,162498015232.0
2017-06-21,3148.99,3157.03,3132.62,3156.21,136688269,167048216576.0
2017-06-22,3152.24,3186.98,3146.64,3147.45,191344005,220438437888.0
2017-06-23,3138.44,3158.05,3118.09,3157.87,154843648,175568523264.0
2017-06-26,3157.0,3187.89,3156.98,3185.44,173579210,200419303424.0
2017-06-27,3183.42,3193.46,3172.46,3191.2,148201198,167523799040.0
2017-06-28,3183.63,3193.44,3170.78,3173.2,146516721,162081099776.0
2017-06-29,3174.98,3188.77,3174.28,3188.06,128755471,147249799168.0
2017-06-30,3176.95,3193.24,3171.57,3192.43,121464543,143195602944.0
2017-07-03,3192.0,3196.29,3177.02,3195.91,140305718,156575784960.0
2017-07-04,3192.89,3193.06,3174.31,3182.8,141114967,161454563328.0
2017-07-05,3179.22,3207.31,3174.71,3207.13,148296484,173554012160.0
2017-07-06,3203.86,3215.95,3188.77,3212.44,175809288,202209615872.0
2017-07-07,3203.82,3219.52,3195.29,3217.96,176715415,201938313216.0
2017-07-10,3208.46,3223.34,3203.21,3212.63,198928010,222828310528.0
2017-07-11,3201.52,3226.91,3199.22,3203.04,187837263,205493366784.0
2017-07-12,3201.93,3215.2,3177.93,3197.54,186900879,201799622656.0
2017-07-13,3192.36,3219.27,3190.34,3218.16,195303611,210820894720.0
2017-07-14,3212.03,3222.98,3204.85,3222.42,160126774,174312136704.0
2017-07-17,3219.79,3230.35,3139.5,3176.46,266205274,274653249536.0
2017-07-18,3159.73,3187.67,3150.13,3187.57,190623060,196452360192.0
2017-07-19,3181.4,3232.94,3179.73,3230.98,272420726,269771018240.0
2017-07-20,3227.5,3246.24,3225.43,3244.86,232108393,245825421312.0
2017-07-21,3236.59,3247.71,3231.96,3237.98,206003251,221956911104.0
2017-07-24,3230.9,3261.1,3230.07,3250.6,233056399,250631192576.0
2017-07-25,3249.14,3261.65,3233.14,3243.69,205573873,213405499392.0
2017-07-26,3244.46,3264.85,3228.04,3247.67,213542006,228460519424.0
2017-07-27,3243.76,3251.93,3220.64,3249.78,228485944,242572083200.0
2017-07-28,3240.17,3256.37,3232.96,3253.24,182226880,198428585984.0
2017-07-31,3252.75,3276.95,3251.19,3273.03,246039439,253525921792.0
2017-08-01,3274.37,3292.64,3273.5,3292.64,237194593,256419942400.0
2017-08-02,3288.52,3305.43,3282.04,3285.06,266730629,279352340480.0
2017-08-03,3279.99,3293.37,3262.16,3272.93,233277005,243549544448.0
2017-08-04,3269.32,3287.19,3261.31,3262.08,275906340,285634760704.0
2017-08-07,3257.67,3280.1,3243.72,3279.46,231173379,231874371584.0
2017-08-08,3277.19,3285.48,3269.66,3281.87,252043538,255770185728.0
2017-08-09,3277.81,3277.94,3263.85,3275.57,235597906,237815123968.0
2017-08-10,3269.73,3282.52,3236.18,3261.75,240684623,251854041088.0
2017-08-11,3237.92,3245.12,3200.75,3208.54,262962995,266998263808.0
2017-08-14,3206.04,3240.05,3206.04,3237.36,190346796,209096077312.0
2017-08-15,3235.23,3263.59,3235.1,3251.26,182297997,204595859456.0
2017-08-16,3247.85,3248.78,3228.87,3246.45,176852050,200832532480.0
2017-08-17,3253.84,3269.14,3251.46,3268.43,203622551,228376944640.0
2017-08-18,3253.24,3275.08,3248.08,3268.72,191122483,218437742592.0
2017-08-21,3274.58,3287.52,3270.48,3286.91,186122483,209718591488.0
2017-08-22,3287.61,3293.48,3274.94,3290.23,186537992,222927491072.0
2017-08-23,3283.8,3299.46,3274.44,3287.7,179832207,204330422272.0
2017-08-24,3287.96,3297.99,3266.36,3271.51,163468938,186245058560.0
2017-08-25,3271.46,3331.91,3271.46,3331.52,205839483,227141029888.0
2017-08-28,3336.13,3375.03,3336.13,3362.65,257461437,305319882752.0
2017-08-29,3362.06,3374.59,3354.46,3365.23,219504535,268916097024.0
2017-08-30,3361.82,3376.65,3357.08,3363.63,246863311,279640797184.0
2017-08-31,3361.46,3367.36,3340.69,3360.81,234419781,269133107200.0
2017-09-01,3365.99,3381.93,3358.47,3367.12,282497585,313722093568.0
2017-09-04,3369.72,3381.4,3359.13,3379.58,267427850,296348434432.0
2017-09-05,3377.2,3390.82,3371.57,3384.32,216552947,245596606464.0
2017-09-06,3372.43,3391.01,3364.76,3385.39,229090785,262034653184.0
2017-09-07,3383.63,3387.79,3363.18,3365.5,221118684,264037023744.0
2017-09-08,3364.43,3380.89,3353.69,3365.24,198405184,235160227840.0
2017-09-11,3365.35,3384.81,3360.05,3376.42,219011018,256888811520.0
2017-09-12,3381.49,3391.07,3370.85,3379.49,272910318,325024952320.0
2017-09-13,3374.72,3387.14,3366.54,3384.15,194550715,230733410304.0
2017-09-14,3383.47,3391.64,3361.33,3371.43,221306488,256744423424.0
2017-09-15,3365.15,3365.53,3345.33,3353.62,219765816,252910686208.0
2017-09-18,3352.51,3371.75,3352.51,3362.86,190319675,227938635776.0
2017-09-19,3365.53,3370.4,3344.71,3356.84,191129692,220728729600.0
2017-09-20,3352.18,3370.1,3346.53,3366.0,192196662,225839071232.0
2017-09-21,3364.7,3377.88,3356.88,3357.81,197448696,231946125312.0
2017-09-22,3347.16,3356.45,3334.98,3352.53,179234007,206583468032.0
2017-09-25,3344.59,3350.96,3334.94,3341.55,169621294,202401689600.0
2017-09-26,3336.35,3347.16,3332.6,3343.58,132628595,159039635456.0
2017-09-27,3340.82,3349.69,3340.3,3345.27,143086945,168981336064.0
2017-09-28,3343.84,3344.6,3336.18,3339.64,149444301,181955629056.0
2017-09-29,3340.31,3357.01,3340.31,3348.94,144862444,175892824064.0
2017-10-09,3403.25,3410.17,3366.97,3374.38,191736056,227440594944.0
2017-10-10,3373.34,3384.03,3358.79,3382.99,179423841,231148613632.0
2017-10-11,3381.49,3395.78,3379.16,3388.28,181476705,231154507776.0
2017-10-12,3385.53,3390.2,3372.53,3386.1,161809380,201667862528.0
2017-10-13,3384.49,3395.75,3383.24,3390.52,139954765,181118459904.0
2017-10-16,3393.21,3400.51,3374.77,3378.47,174330619,221650690048.0
2017-10-17,3373.23,3382.41,3365.56,3372.04,125381724,162910826496.0
2017-10-18,3373.53,3383.23,3371.92,3381.79,157228792,194298765312.0
2017-10-19,3374.64,3378.74,3359.63,3370.17,158476495,187921293312.0
2017-10-20,3363.51,3379.76,3360.1,3378.65,127172851,155065094144.0
2017-10-23,3382.28,3385.28,3374.71,3380.7,130846290,164369440768.0
2017-10-24,3376.6,3388.69,3374.12,3388.25,139897510,178552877056.0
2017-10-25,3384.86,3398.3,3382.03,3396.9,123131223,160060698624.0
2017-10-26,3397.52,3414.24,3391.45,3407.57,183768625,238596128768.0
2017-10-27,3404.5,3421.1,3402.11,3416.81,170257172,212377186304.0
2017-10-30,3413.87,3419.73,3357.28,3390.34,208349286,257776652288.0
2017-10-31,3381.0,3397.1,3376.12,3393.34,153498207,199929585664.0
2017-11-01,3393.97,3410.35,3388.6,3395.91,180566126,231978377216.0
2017-11-02,3391.65,3391.65,3372.21,3383.31,166864266,210014969856.0
2017-11-03,3377.74,3380.57,3347.36,3371.74,172714790,207437946880.0
2017-11-06,3369.69,3389.38,3356.53,3388.17,154636467,204311224320.0
2017-11-07,3389.47,3415.15,3387.95,3413.57,190571745,242595950592.0
2017-11-08,3409.15,3434.49,3404.88,3415.46,185436470,242025594880.0
2017-11-09,3410.67,3428.77,3408.62,3427.79,158650427,205433671680.0
2017-11-10,3423.18,3438.79,3414.33,3432.67,189276503,255772110848.0
2017-11-13,3435.18,3449.16,3435.08,3447.83,205389053,266738130944.0
2017-11-14,3446.54,3450.49,3419.69,3429.55,196472673,267435421696.0
2017-11-15,3416.21,3423.75,3396.38,3402.52,168792077,239734190080.0
2017-11-16,3393.19,3409.65,3390.59,3399.25,156684332,220862464000.0
2017-11-17,3392.68,3403.28,3373.29,3382.91,249458153,313750355968.0
2017-11-20,3361.36,3393.11,3337.12,3392.4,176524682,228308135936.0
2017-11-21,3382.36,3419.8,3377.6,3410.5,196871803,265303851008.0
2017-11-22,3417.33,3442.18,3404.29,3430.46,213567094,273674731520.0
2017-11-23,3425.01,3429.42,3342.33,3351.92,215265393,270469025792.0
2017-11-24,3340.38,3360.75,3328.33,3353.82,159569664,207623884800.0
2017-11-27,3346.66,3347.05,3315.26,3322.23,166439171,205803397120.0
2017-11-28,3311.23,3333.8,3300.78,3333.66,138247800,167062933504.0
2017-11-29,3335.57,3343.06,3305.57,3337.86,183805932,217769439232.0
2017-11-30,3328.64,3340.92,3306.28,3317.19,156595850,192076783616.0
2017-12-01,3315.1,3324.52,3302.44,3317.62,139198300,177490259968.0
2017-12-04,3310.38,3324.0,3304.1,3309.62,148053289,185025359872.0
2017-12-05,3301.69,3315.74,3300.51,3303.68,208278863,243489599488.0
2017-12-06,3291.31,3296.2,3254.61,3293.96,151604452,179174379520.0
2017-12-07,3283.28,3291.28,3259.16,3272.05,132105900,161764589568.0
2017-12-08,3264.48,3297.13,3258.76,3289.99,133209313,165761650688.0
2017-12-11,3290.49,3322.67,3288.29,3322.2,131965985,172986433536.0
2017-12-12,3320.31,3320.31,3280.33,3280.81,124604828,160978616320.0
2017-12-13,3278.4,3304.01,3273.32,3303.04,111998648,145295310848.0
2017-12-14,3302.93,3309.53,3282.57,3292.44,120544236,151346085888.0
2017-12-15,3287.53,3287.53,3259.39,3266.14,130940618,161877917696.0
2017-12-18,3268.03,3280.54,3254.18,3267.92,120700388,149738225664.0
2017-12-19,3266.02,3296.94,3266.02,3296.54,115140134,150786584576.0
2017-12-20,3296.74,3300.21,3276.12,3287.6,137745119,167961849856.0
2017-12-21,3281.12,3309.22,3267.4,3300.06,142127928,173740097536.0
2017-12-22,3297.69,3307.33,3293.44,3297.06,124047327,152099442688.0
2017-12-25,3296.21,3312.3,3270.44,3280.46,146893635,177293590528.0
2017-12-26,3277.84,3307.3,3274.33,3306.12,142434501,174679265280.0
2017-12-27,3302.46,3307.08,3270.35,3275.78,162674890,198264676352.0
2017-12-28,3272.29,3304.1,3263.73,3296.38,175371671,208019861504.0
2017-12-29,3295.25,3308.22,3292.77,3307.17,141586836,170356756480.0
2018-01-02,3314.03,3349.05,3314.03,3348.32,202278861,227788460032.0
2018-01-03,3347.74,3379.92,3345.29,3369.11,213836150,258366521344.0
2018-01-04,3371.0,3392.83,3365.29,3385.71,206955287,243090767872.0
2018-01-05,3386.46,3402.07,3380.25,3391.75,213060682,248187842560.0
2018-01-08,3391.55,3412.73,3384.56,3409.48,236165107,286213218304.0
2018-01-09,3406.11,3417.23,3403.59,3413.9,191488550,238249975808.0
2018-01-10,3414.11,3430.21,3398.84,3421.83,209094996,254515441664.0
2018-01-11,3415.58,3426.48,3405.64,3425.34,173812132,218414133248.0
2018-01-12,3423.88,3435.42,3417.98,3428.94,174063404,215961456640.0
2018-01-15,3428.95,3442.5,3402.31,3410.49,232009283,286362734592.0
2018-01-16,3403.47,3437.58,3401.96,3436.59,211475469,266578817024.0
2018-01-17,3438.58,3465.2,3430.51,3444.67,261045030,316532678656.0
2018-01-18,3449.88,3476.55,3448.79,3474.75,220039555,267692642304.0
2018-01-19,3481.62,3498.43,3474.29,3487.86,247536732,294189072384.0
2018-01-22,3476.99,3503.39,3475.67,3501.36,217487534,261295714304.0
2018-01-23,3504.34,3547.22,3504.34,3546.5,238705905,282091888640.0
2018-01-24,3553.48,3569.49,3527.11,3559.47,252954496,307629215744.0
2018-01-25,3555.17,3571.48,3528.03,3548.31,243413422,287989534720.0
2018-01-26,3535.49,3574.9,3534.2,3558.13,222698296,258149515264.0
2018-01-29,3563.64,3587.03,3510.27,3523.0,236026964,285417005056.0
2018-01-30,3511.5,3523.05,3484.66,3488.01,186369976,224681693184.0
2018-01-31,3470.51,3495.45,3454.73,3480.83,207253404,242657959936.0
2018-02-01,3478.67,3495.09,3424.42,3446.98,260504707,292882255872.0
2018-02-02,3419.22,3463.16,3388.86,3462.08,208120550,236278755328.0
2018-02-05,3411.67,3487.72,3406.24,3487.5,217673754,252198768640.0
2018-02-06,3418.01,3440.12,3364.22,3370.65,280555476,318818541568.0
2018-02-07,3412.74,3425.54,3304.01,3309.26,260939715,295264428032.0
2018-02-08,3281.04,3307.16,3225.71,3262.05,201262500,222348685312.0
2018-02-09,3172.85,3180.11,3062.74,3129.85,256389176,272095088640.0
2018-02-12,3128.37,3168.12,3113.6,3154.12,153310830,171003183104.0
2018-02-13,3176.11,3219.22,3176.11,3184.96,151527598,172045205504.0
2018-02-14,3188.25,3203.5,3171.38,3199.16,100322826,114552201216.0
2018-02-22,3237.57,3269.92,3234.11,3268.56,138730445,157303881728.0
2018-02-23,3275.43,3294.13,3258.49,3289.02,145790369,159502516224.0
2018-02-26,3307.29,3335.99,3281.61,3329.57,188568602,213333037056.0
2018-02-27,3328.67,3328.67,3284.63,3292.07,174219369,204394381312.0
2018-02-28,3264.06,3277.83,3239.84,3259.41,151043535,180233814016.0
2018-03-01,3235.09,3280.15,3228.58,3273.75,159098319,185277784064.0
2018-03-02,3248.45,3269.94,3242.27,3254.53,150861064,178602991616.0
2018-03-05,3255.87,3269.4,3236.72,3256.93,144835988,174148636672.0
2018-03-06,3266.49,3290.25,3243.65,3289.64,195358047,224381788160.0
2018-03-07,3288.86,3308.41,3264.76,3271.67,168665019,193489334272.0
2018-03-08,3268.35,3289.5,3261.55,3288.41,149827520,175895392256.0
2018-03-09,3291.43,3309.72,3283.56,3307.17,168424509,202349182976.0
2018-03-12,3319.21,3333.56,3313.55,3326.7,206532436,247894175744.0
2018-03-13,3324.12,3333.88,3307.38,3310.24,177114353,202375118848.0
2018-03-14,3298.67,3304.98,3287.35,3291.38,157491085,183457632256.0
2018-03-15,3277.51,3297.1,3273.2,3291.11,148573606,179516616704.0
2018-03-16,3290.21,3300.56,3269.28,3269.88,141203648,167761534976.0
2018-03-19,3264.93,3280.57,3251.05,3279.25,137954980,169772208128.0
2018-03-20,3257.22,3292.57,3252.43,3290.64,139881080,166979883008.0
2018-03-21,3299.73,3314.21,3268.88,3280.95,168398277,208617684992.0
2018-03-22,3281.26,3288.8,3242.76,3263.48,150432978,184471728128.0
2018-03-23,3172.77,3188.24,3110.66,3152.76,275532014,293405065216.0
2018-03-26,3117.32,3134.27,3091.46,3133.72,186366351,215910260736.0
2018-03-27,3164.8,3172.78,3143.57,3166.65,189073382,227085086720.0
2018-03-28,3130.57,3165.21,3117.53,3122.29,163500488,208617852928.0
2018-03-29,3127.26,3174.51,3098.25,3160.53,170312384,210920222720.0
2018-03-30,3161.78,3177.72,3152.89,3168.9,154646597,196006699008.0
2018-04-02,3169.78,3192.34,3159.99,3163.18,177727777,226253565952.0
2018-04-03,3130.01,3144.33,3119.13,3136.63,152216673,189692715008.0
2018-04-04,3147.05,3163.34,3128.87,3131.11,146976681,193492824064.0
2018-04-09,3125.44,3146.09,3110.3,3138.29,139608622,177236918272.0
2018-04-10,3144.26,3190.65,3139.08,3190.32,168201359,206087413760.0
2018-04-11,3197.37,3220.84,3191.59,3208.08,175867197,211420422144.0
2018-04-12,3203.28,3205.25,3177.05,3180.16,148231314,185040056320.0
2018-04-13,3192.04,3197.9,3155.5,3159.05,127552310,163651751936.0
2018-04-16,3152.89,3153.11,3096.1,3110.65,154415695,192233349120.0
2018-04-17,3112.97,3118.76,3064.03,3066.8,147222845,185428029440.0
2018-04-18,3091.91,3096.89,3041.62,3091.4,159290504,202238971904.0
2018-04-19,3094.27,3127.44,3090.29,3117.38,160056804,196198985728.0
2018-04-20,3105.46,3111.17,3065.92,3071.54,155147090,185139068928.0
2018-04-23,3063.44,3085.06,3045.94,3068.01,131686341,157854793728.0
2018-04-24,3069.75,3136.04,3069.75,3128.93,162274806,195545006080.0
2018-04-25,3112.4,3122.91,3107.0,3117.97,127311053,161298141184.0
2018-04-26,3119.5,3121.93,3067.93,3075.03,133972736,163783774208.0
2018-04-27,3082.41,3088.03,3049.91,3082.23,131225644,179520262144.0
2018-05-02,3087.41,3097.6,3064.76,3081.18,134184566,168246153216.0
2018-05-03,3074.52,3105.66,3056.16,3100.86,139985620,173444960256.0
2018-05-04,3093.12,3104.09,3086.78,3091.03,118711265,148436365312.0
2018-05-07,3094.9,3136.84,3091.66,3136.64,138948186,178243870720.0
2018-05-08,3135.29,3169.7,3134.06,3161.5,146927060,189011648512.0
2018-05-09,3160.14,3165.37,3145.66,3159.15,122637268,153456427008.0
2018-05-10,3169.05,3176.14,3155.53,3174.41,133000755,165440364544.0
2018-05-11,3179.8,3180.76,3162.21,3163.26,130659748,167364288512.0
2018-05-14,3167.04,3183.81,3163.48,3174.03,129327352,172410691584.0
2018-05-15,3180.42,3192.81,3164.52,3192.12,124549051,162990788608.0
2018-05-16,3180.23,3191.95,3166.81,3169.56,130524969,174590980096.0
2018-05-17,3170.01,3172.77,3148.62,3154.28,113995566,150598840320.0
2018-05-18,3151.08,3193.45,3144.78,3193.3,136516918,168038055936.0
2018-05-21,3206.18,3219.74,3203.34,3213.84,164459412,202663464960.0
2018-05-22,3211.25,3214.59,3192.23,3214.35,144292685,185721667584.0
2018-05-23,3205.44,3205.44,3168.96,3168.96,157807649,199358099456.0
2018-05-24,3167.94,3173.53,3152.07,3154.65,124085801,160658186240.0
2018-05-25,3148.41,3156.73,3131.07,3141.3,128610844,166554050560.0
2018-05-28,3136.81,3149.66,3115.96,3135.08,128755919,168191258624.0
2018-05-29,3129.62,3143.21,3112.15,3120.46,135717801,177826107392.0
2018-05-30,3081.14,3085.4,3041.0,3041.44,155115126,191995195392.0
2018-05-31,3061.83,3098.08,3054.27,3095.47,140475533,185199038464.0
2018-06-01,3084.75,3102.09,3059.78,3075.14,129872200,166548881408.0
2018-06-04,3083.43,3098.4,3076.99,3091.19,114593902,154671611904.0
2018-06-05,3088.01,3114.77,3080.04,3114.21,118735593,164806307840.0
2018-06-06,3109.17,3117.52,3103.53,3115.18,120196134,162879954944.0
2018-06-07,3121.18,3128.72,3105.58,3109.5,127784970,167174303744.0
2018-06-08,3100.6,3100.68,3053.29,3067.15,134688220,161178783744.0
2018-06-11,3057.34,3063.61,3037.91,3052.78,108563786,143037325312.0
2018-06-12,3053.03,3081.45,3034.1,3079.8,113275095,154469093376.0
2018-06-13,3071.46,3071.46,3044.12,3049.8,119607887,155935264768.0
2018-06-14,3038.07,3066.05,3032.41,3044.16,115469486,147588825088.0
2018-06-15,3037.45,3048.8,3008.73,3021.9,144532572,162196017152.0
2018-06-19,2982.65,2984.97,2871.35,2907.82,230550067,241203642368.0
2018-06-20,2889.98,2925.56,2872.16,2915.73,144301420,153334280192.0
2018-06-21,2912.0,2940.59,2872.62,2875.81,154378332,159713161216.0
2018-06-22,2855.58,2891.97,2837.14,2889.76,126143130,127161475072.0
2018-06-25,2903.45,2908.62,2857.87,2859.34,121917688,132350472192.0
2018-06-26,2829.99,2850.24,2803.78,2844.51,125918469,138447245312.0
2018-06-27,2842.4,2854.26,2798.8,2813.18,129420833,142413496320.0
2018-06-28,2799.9,2825.99,2782.45,2786.9,118357906,129687433216.0
2018-06-29,2789.81,2848.37,2782.38,2847.42,125671685,135652376576.0
2018-07-02,2841.58,2845.68,2756.81,2775.56,137035034,147562758144.0
2018-07-03,2774.57,2786.89,2722.45,2786.89,142498465,161668030464.0
2018-07-04,2776.63,2793.18,2754.16,2759.13,123262180,131016163328.0
2018-07-05,2755.34,2777.52,2727.94,2733.88,129226112,132993667072.0
2018-07-06,2731.35,2768.87,2691.02,2747.23,136294380,148193038336.0
2018-07-09,2752.45,2815.79,2752.45,2815.11,121549309,135654526976.0
2018-07-10,2819.71,2828.49,2800.62,2827.62,117062748,132633112576.0
2018-07-11,2780.7,2794.36,2752.44,2777.77,126821148,138318176256.0
2018-07-12,2771.04,2844.19,2771.04,2837.66,146980201,170319085568.0
2018-07-13,2831.43,2835.46,2818.85,2831.18,117689349,146300878848.0
2018-07-16,2827.08,2837.51,2804.49,2814.04,107767150,129411190784.0
2018-07-17,2806.89,2806.92,2774.76,2798.12,105409221,124035198976.0
2018-07-18,2801.78,2818.4,2786.04,2787.26,120961165,138557149184.0
2018-07-19,2791.01,2805.01,2764.49,2772.54,114486492,129374568448.0
2018-07-20,2769.75,2837.86,2753.84,2829.27,145907689,155661123584.0
2018-07-23,2815.2,2863.57,2809.62,2859.54,173382797,186996846592.0
2018-07-24,2862.27,2911.46,2862.27,2905.56,229578307,228701876224.0
2018-07-25,2911.45,2912.31,2894.04,2903.65,167800207,166412079104.0
2018-07-26,2905.79,2915.3,2875.7,2882.23,168428201,157496680448.0
2018-07-27,2879.69,2889.69,2864.11,2873.59,146371610,132419371008.0
2018-07-30,2871.94,2896.01,2850.3,2869.05,151652250,145988587520.0
2018-07-31,2866.9,2884.68,2854.32,2876.4,118931118,119528767488.0
2018-08-01,2882.51,2897.4,2823.93,2824.53,149514348,151692873728.0
2018-08-02,2815.34,2815.34,2726.48,2768.02,174179003,169769316352.0
2018-08-03,2763.4,2777.66,2740.43,2740.44,127006364,129134686208.0
2018-08-06,2736.52,2760.47,2692.32,2705.16,129753057,132993798144.0
2018-08-07,2711.74,2779.37,2696.04,2779.37,149579743,147259486208.0
2018-08-08,2771.13,2779.91,2741.07,2744.07,147688714,139969761280.0
2018-08-09,2729.58,2801.66,2726.22,2794.38,151660334,151079878656.0
2018-08-10,2791.4,2806.11,2777.51,2795.31,121532232,123112595456.0
2018-08-13,2769.02,2789.8,2742.56,2785.87,127532242,129460539392.0
2018-08-14,2780.74,2789.44,2766.57,2780.96,109571077,112465395712.0
2018-08-15,2777.25,2777.7,2721.24,2723.26,116161787,118707675136.0
2018-08-16,2691.43,2732.95,2672.74,2705.19,120277878,117580996608.0
2018-08-17,2723.89,2730.33,2665.59,2668.97,112445294,115499397120.0
2018-08-20,2673.07,2698.47,2653.11,2698.47,110784164,114047614976.0
2018-08-21,2700.34,2739.17,2696.29,2733.83,113586839,122260217856.0
2018-08-22,2731.96,2731.96,2709.06,2714.61,93664640,98463969280.0
2018-08-23,2714.87,2736.01,2700.8,2724.62,98446469,107826016256.0
2018-08-24,2717.08,2748.82,2705.32,2729.43,100516270,102665801728.0
2018-08-27,2736.32,2780.9,2736.32,2780.9,132762578,141429678080.0
2018-08-28,2782.29,2791.39,2769.4,2777.98,118749368,125118578688.0
2018-08-29,2774.86,2778.54,2762.35,2769.29,100156928,101220663296.0
2018-08-30,2769.33,2780.53,2736.35,2737.74,106060943,106400403456.0
2018-08-31,2730.11,2744.63,2710.54,2725.25,109758743,114813353984.0
2018-09-03,2716.4,2722.85,2692.36,2720.73,102213010,104817688576.0
2018-09-04,2720.65,2756.61,2712.38,2750.58,109010307,113708888064.0
2018-09-05,2741.38,2745.47,2704.34,2704.34,105002268,107269447680.0
2018-09-06,2697.58,2719.41,2683.74,2691.59,99017833,106266079232.0
2018-09-07,2696.68,2728.55,2683.72,2702.3,107523292,113840070656.0
2018-09-10,2698.01,2703.43,2667.32,2669.48,103559171,102860718080.0
2018-09-11,2668.49,2680.57,2652.7,2664.8,99865946,96884580352.0
2018-09-12,2659.74,2672.07,2647.17,2656.11,90026757,93448204288.0
2018-09-13,2679.21,2689.06,2653.19,2686.58,107335014,112464142336.0
2018-09-14,2688.78,2694.92,2675.29,2681.64,100005007,104992358400.0
2018-09-17,2671.29,2671.29,2647.92,2651.79,88238889,86962597888.0
2018-09-18,2644.3,2700.19,2644.3,2699.95,115767992,113031888896.0
2018-09-19,2694.8,2746.08,2690.99,2730.85,141550318,140107010048.0
2018-09-20,2732.17,2743.96,2724.08,2729.24,111387464,104875868160.0
2018-09-21,2733.87,2797.49,2722.03,2797.48,158016643,148976357376.0
2018-09-25,2775.07,2790.03,2771.16,2781.14,111983178,108528046080.0
2018-09-26,2785.32,2827.34,2783.34,2806.81,139567706,145058770944.0
2018-09-27,2805.79,2810.51,2786.32,2791.77,123997696,123447709696.0
2018-09-28,2794.26,2821.75,2791.84,2821.35,134290455,125369991168.0
2018-10-08,2768.21,2771.94,2710.18,2716.51,149501389,141531553792.0
2018-10-09,2713.73,2734.31,2711.2,2721.01,116771899,110292459520.0
2018-10-10,2723.72,2743.55,2703.06,2725.84,113485737,111312453632.0
2018-10-11,2643.07,2661.28,2560.32,2583.46,197150702,170057760768.0
2018-10-12,2574.04,2615.92,2536.67,2606.91,170081636,142803210240.0
2018-10-15,2605.91,2611.97,2564.74,2568.1,118576197,105214738432.0
2018-10-16,2567.76,2597.72,2536.44,2546.33,119419144,106792247296.0
2018-10-17,2574.31,2582.55,2517.57,2561.61,129953997,117388357632.0
2018-10-18,2544.91,2544.91,2485.62,2486.42,125428513,106576760832.0
2018-10-19,2460.08,2553.39,2449.2,2550.47,147323558,130095923200.0
2018-10-22,2565.64,2675.41,2565.64,2654.88,211888448,197309812736.0
2018-10-23,2652.65,2659.81,2583.26,2594.82,178343544,166919413760.0
2018-10-24,2579.97,2640.4,2577.77,2603.29,160060408,142082166784.0
2018-10-25,2540.93,2606.1,2531.53,2603.8,162032978,137630179328.0
2018-10-26,2610.9,2626.12,2580.84,2598.85,158936120,133415493632.0
2018-10-29,2593.59,2595.54,2529.19,2542.1,134241923,122500038656.0
2018-10-30,2538.57,2586.92,2521.78,2568.05,166682309,152385933312.0
2018-10-31,2573.01,2612.92,2567.03,2602.78,180550349,154894737408.0
2018-11-01,2617.03,2636.8,2603.65,2606.24,200903931,180253806592.0
2018-11-02,2649.25,2676.48,2628.87,2676.48,225026921,207861567488.0
2018-11-05,2665.43,2673.19,2639.27,2665.43,193760100,168588914688.0
2018-11-06,2660.72,2660.86,2635.32,2659.36,163669478,138800934912.0
2018-11-07,2659.84,2675.68,2639.25,2641.34,173201987,147261808640.0
2018-11-08,2660.09,2662.37,2632.3,2635.63,159635487,128668815360.0
2018-11-09,2621.24,2621.24,2598.16,2598.87,152446308,121260494848.0
2018-11-12,2593.2,2631.17,2590.21,2630.52,175031309,142351429632.0
2018-11-13,2600.5,2666.49,2597.35,2654.88,249282447,189607223296.0
2018-11-14,2648.31,2658.31,2627.96,2632.24,238449352,176970432512.0
2018-11-15,2632.14,2668.17,2631.89,2668.17,207848722,171882491904.0
2018-11-16,2669.78,2695.57,2657.03,2679.11,242198848,204983603200.0
2018-11-19,2681.9,2703.51,2674.18,2703.51,231662828,196562706432.0
2018-11-20,2684.29,2690.83,2643.36,2645.85,215891310,180870410240.0
2018-11-21,2619.82,2653.8,2617.77,2651.5,182596447,149375782912.0
2018-11-22,2655.9,2658.0,2634.48,2645.43,149309064,125570174976.0
2018-11-23,2640.67,2642.03,2577.35,2579.48,191474550,149975642112.0
2018-11-26,2580.84,2595.0,2568.03,2575.81,134314540,108158091264.0
2018-11-27,2585.83,2592.53,2566.17,2574.68,123658437,102226563072.0
2018-11-28,2575.45,2601.96,2561.56,2601.74,145963474,119578492928.0
2018-11-29,2613.78,2617.55,2567.44,2567.44,157168737,129472446464.0
2018-11-30,2564.56,2590.21,2555.32,2588.19,139329021,112219828224.0
2018-12-03,2647.13,2665.3,2629.18,2654.8,207478956,187831787520.0
2018-12-04,2651.56,2666.08,2644.9,2665.96,167940559,144143400960.0
2018-12-05,2629.83,2660.39,2625.91,2649.8,154502057,133730209792.0
2018-12-06,2629.82,2633.68,2603.13,2605.18,141661650,129092980736.0
2018-12-07,2609.34,2614.58,2599.28,2605.89,109074993,97727664128.0
2018-12-10,2589.19,2599.76,2576.24,2584.58,113199670,99148144640.0
2018-12-11,2587.01,2596.15,2583.2,2594.09,101304364,85404123136.0
2018-12-12,2608.11,2610.01,2595.07,2602.15,103518300,88998195200.0
2018-12-13,2607.14,2645.84,2599.46,2634.05,150738115,132396105728.0
2018-12-14,2627.28,2629.16,2593.74,2593.74,145942487,123724984320.0
2018-12-17,2587.26,2598.97,2573.87,2597.97,117363251,102960848896.0
2018-12-18,2583.63,2599.15,2563.57,2576.65,117033370,99306536960.0
2018-12-19,2578.68,2579.87,2547.08,2549.56,107661796,93713174528.0
2018-12-20,2544.5,2554.86,2516.02,2536.27,120566497,103504982016.0
2018-12-21,2526.55,2527.42,2498.69,2516.25,115671201,101360623616.0
2018-12-24,2506.74,2529.44,2500.44,2527.01,97339853,85760933888.0
2018-12-25,2503.95,2513.96,2462.84,2504.82,140670561,114766008320.0
2018-12-26,2501.12,2513.83,2492.07,2498.29,108799629,93989531648.0
2018-12-27,2527.72,2532.0,2483.09,2483.09,135406843,112479760384.0
2018-12-28,2483.62,2505.11,2478.32,2493.9,119245251,105980854272.0
2019-01-02,2497.88,2500.28,2456.42,2465.29,109932014,97592573952.0
2019-01-03,2461.78,2488.48,2455.93,2464.36,124397496,106922790912.0
2019-01-04,2446.02,2515.32,2440.91,2514.87,168877668,139298676736.0
2019-01-07,2528.7,2536.98,2515.51,2533.09,177305011,145513242624.0
2019-01-08,2530.3,2531.34,2520.16,2526.46,158099182,123379040256.0
2019-01-09,2536.42,2574.41,2536.16,2544.34,191887931,160812527616.0
2019-01-10,2543.85,2551.82,2531.66,2535.1,159874327,132692332544.0
2019-01-11,2539.55,2554.79,2533.36,2553.83,149444101,122375663616.0
2019-01-14,2553.33,2556.29,2533.01,2535.76,144825464,116243415040.0
2019-01-15,2537.37,2571.5,2532.43,2570.34,160265531,137374982144.0
2019-01-16,2569.07,2574.24,2563.01,2570.42,149301540,126876315648.0
2019-01-17,2573.57,2582.56,2557.71,2559.64,162468134,127546126336.0
2019-01-18,2567.74,2598.88,2565.9,2596.01,190767237,151270432768.0
2019-01-21,2599.06,2618.98,2599.06,2610.51,163425116,139915485184.0
2019-01-22,2609.64,2609.64,2573.06,2579.7,152537774,122995437568.0
2019-01-23,2575.26,2589.51,2572.41,2581.0,131426798,105101324288.0
2019-01-24,2584.65,2597.29,2569.7,2591.69,154042045,131575042048.0
2019-01-25,2596.26,2617.0,2595.63,2601.72,159394025,135415169024.0
2019-01-28,2615.71,2630.32,2591.1,2596.98,146981765,127465635840.0
2019-01-29,2592.35,2601.74,2559.98,2594.25,155581112,126749048832.0
2019-01-30,2584.75,2598.81,2575.41,2575.57,120502572,101103927296.0
2019-01-31,2581.33,2606.63,2571.58,2584.57,154303869,126013247488.0
2019-02-01,2597.78,2618.48,2590.55,2618.23,131986849,111522627584.0
2019-02-11,2613.17,2654.1,2613.17,2653.9,154898857,137307189248.0
2019-02-12,2654.03,2674.48,2648.83,2671.89,184101179,156741541888.0
2019-02-13,2674.52,2727.07,2666.52,2721.07,243794010,207125315584.0
2019-02-14,2715.53,2729.46,2707.49,2719.7,197037348,170330836992.0
2019-02-15,2712.79,2715.63,2679.78,2682.39,196004265,169823260672.0
2019-02-18,2699.82,2754.36,2699.82,2754.36,260436006,224184078336.0
2019-02-19,2759.5,2780.78,2737.59,2755.65,288046272,247121051648.0
2019-02-20,2761.06,2767.41,2739.98,2761.22,245972526,205446930432.0
2019-02-21,2759.94,2794.01,2744.98,2751.8,298649969,253033377792.0
2019-02-22,2749.46,2804.23,2736.33,2804.23,301481411,264518881280.0
2019-02-25,2838.39,2961.8,2838.39,2961.28,528658591,465991434240.0
2019-02-26,2969.1,2995.68,2938.62,2941.52,565557967,492396544000.0
2019-02-27,2939.93,2997.49,2924.64,2953.82,474976453,411837620224.0
2019-02-28,2950.05,2965.3,2930.2,2940.95,350206602,298763952128.0
2019-03-01,2954.4,2994.01,2930.83,2994.01,345786199,307337666560.0
2019-03-04,3015.94,3090.8,3006.94,3027.58,525649436,480603656192.0
2019-03-05,3019.88,3054.96,3009.45,3054.25,424142528,382768537600.0
2019-03-06,3060.43,3103.83,3050.11,3102.1,555006364,485478322176.0
2019-03-07,3103.67,3129.94,3074.98,3106.42,583817065,525725224960.0
2019-03-08,3038.34,3075.05,2969.58,2969.86,577855473,525598244864.0
2019-03-11,2969.08,3028.25,2963.58,3026.99,426213028,404368420864.0
2019-03-12,3049.08,3093.39,3029.9,3060.31,511173158,487066632192.0
2019-03-13,3062.33,3065.29,3013.93,3026.95,453214625,451247304704.0
2019-03-14,3013.6,3041.16,2968.82,2990.69,373141798,356240351232.0
2019-03-15,3000.88,3048.12,2999.43,3021.75,341206139,344721502208.0
2019-03-18,3027.8,3096.42,3009.51,3096.42,397797179,398469603328.0
2019-03-19,3099.9,3113.43,3076.36,3090.98,350908859,353216790528.0
2019-03-20,3084.17,3102.52,3053.45,3090.64,358557504,349295407104.0
2019-03-21,3094.12,3125.02,3086.85,3101.46,414251182,403939835904.0
2019-03-22,3100.73,3107.28,3064.88,3104.15,364848346,356678336512.0
2019-03-25,3058.8,3087.0,3041.95,3043.03,380278761,375375663104.0
2019-03-26,3057.56,3062.69,2988.49,2997.1,353498020,341444825088.0
2019-03-27,3012.26,3022.76,2987.77,3022.72,291390356,295075954688.0
2019-03-28,3009.8,3025.78,2991.78,2994.94,288106424,289554567168.0
2019-03-29,3000.68,3093.03,2999.99,3090.76,375082990,386699608064.0
2019-04-01,3111.66,3176.62,3111.66,3170.36,466124692,480085938176.0
2019-04-02,3183.27,3193.27,3164.91,3176.82,447068982,462662082560.0
2019-04-03,3159.15,3219.26,3152.33,3216.3,430548636,442622042112.0
2019-04-04,3233.69,3254.14,3216.85,3246.57,469117668,475156381696.0
2019-04-08,3271.27,3288.45,3210.52,3244.81,504518403,506431238144.0
2019-04-09,3240.39,3251.65,3215.7,3239.66,364169997,380272975872.0
2019-04-10,3224.65,3264.78,3204.88,3241.93,380134408,395669975040.0
2019-04-11,3241.55,3254.13,3185.55,3189.96,353031880,360684556288.0
2019-04-12,3184.86,3199.28,3168.04,3188.63,289788997,288908972032.0
2019-04-15,3233.46,3253.98,3177.27,3177.79,348809784,355666128896.0
2019-04-16,3164.4,3253.6,3153.21,3253.6,357918753,360166633472.0
2019-04-17,3250.15,3275.33,3239.8,3263.12,357541796,354509889536.0
2019-04-18,3261.07,3271.39,3241.83,3250.2,325539942,323508178944.0
2019-04-19,3250.15,3274.33,3226.81,3270.8,315198003,315131920384.0
2019-04-22,3278.49,3279.49,3206.88,3215.04,353217388,359154298880.0
2019-04-23,3211.87,3231.58,3186.76,3198.59,328361208,324870184960.0
2019-04-24,3203.56,3210.65,3156.61,3201.61,274872164,278410854400.0
2019-04-25,3190.59,3193.75,3123.03,3123.83,325879130,309076082688.0
2019-04-26,3108.16,3129.21,3085.8,3086.4,280873853,274776403968.0
2019-04-29,3090.63,3107.76,3050.03,3062.5,292114885,289063280640.0
2019-04-30,3052.62,3088.41,3052.62,3078.34,222302518,225498128384.0
2019-05-06,2984.73,2986.54,2876.47,2906.46,326972270,314336518144.0
2019-05-07,2914.29,2937.28,2889.07,2926.39,253281769,245444214784.0
2019-05-08,2873.14,2929.43,2866.7,2893.76,231530519,218892619776.0
2019-05-09,2871.2,2888.86,2845.04,2850.95,200041134,197446881280.0
2019-05-10,2878.23,2941.45,2838.38,2939.21,282306808,274176262144.0
2019-05-13,2905.07,2921.41,2892.17,2903.71,212029883,202624126976.0
2019-05-14,2872.83,2909.2,2872.83,2883.61,208345354,201223315456.0
2019-05-15,2902.64,2945.39,2902.64,2938.68,230519700,226262786048.0
2019-05-16,2933.5,2956.17,2929.06,2955.71,248385700,226203070464.0
2019-05-17,2955.77,2956.78,2873.8,2882.3,266301642,247875178496.0
2019-05-20,2874.8,2882.63,2838.45,2870.6,209472443,199210774528.0
2019-05-21,2867.71,2919.24,2862.5,2905.97,211387023,202777776128.0
2019-05-22,2905.52,2912.4,2879.64,2891.7,200026906,193629368320.0
2019-05-23,2880.84,2885.14,2846.96,2852.52,197340308,192869486592.0
2019-05-24,2847.84,2871.86,2846.02,2852.99,167205491,162689314816.0
2019-05-27,2851.28,2898.13,2833.04,2892.38,196720901,193768714240.0
2019-05-28,2890.27,2924.04,2887.08,2909.91,223310556,227253813248.0
2019-05-29,2894.83,2934.98,2890.66,2914.7,198958820,202855038976.0
2019-05-30,2903.42,2907.85,2881.38,2905.81,205758789,197105557504.0
2019-05-31,2904.5,2922.91,2895.58,2898.7,195230579,191280402432.0
2019-06-03,2901.74,2920.83,2875.9,2890.08,215943555,208073322496.0
2019-06-04,2887.64,2888.39,2851.97,2862.28,188463542,181118914560.0
2019-06-05,2882.94,2888.77,2858.57,2861.42,181561047,175200845824.0
2019-06-06,2862.33,2862.33,2822.19,2827.8,177064412,164850548736.0
2019-06-10,2833.01,2861.13,2824.36,2852.13,166585917,162489831424.0
2019-06-11,2854.07,2927.43,2854.07,2925.72,260525796,254479986688.0
2019-06-12,2917.22,2924.7,2903.88,2909.38,240255775,223063953408.0
2019-06-13,2905.29,2918.42,2885.92,2910.74,212957791,191748206592.0
2019-06-14,2913.0,2924.32,2879.66,2881.97,215435796,194303111168.0
2019-06-17,2880.42,2902.48,2877.39,2887.62,153964961,143141638144.0
2019-06-18,2891.09,2898.33,2874.31,2890.16,147705321,136935231488.0
2019-06-19,2944.12,2953.34,2916.21,2917.8,230756974,225567256576.0
2019-06-20,2917.33,2997.39,2915.09,2987.12,291011538,288296546304.0
2019-06-21,2990.37,3010.35,2989.25,3001.98,286973834,276662460416.0
2019-06-24,3004.29,3012.83,2994.42,3008.15,210493893,211237183488.0
2019-06-25,3004.91,3004.91,2948.99,2982.07,243699244,244315078656.0
2019-06-26,2964.62,2986.91,2958.46,2976.28,174449533,172516057088.0
2019-06-27,2982.61,3011.54,2981.05,2996.79,195397048,208618647552.0
2019-06-28,2992.24,2992.24,2961.22,2978.88,181431524,183641767936.0
2019-07-01,3024.62,3045.37,3014.69,3044.9,250840433,266541056000.0
2019-07-02,3042.58,3048.48,3033.78,3043.94,214520625,229566615552.0
2019-07-03,3031.83,3031.83,3006.32,3015.26,212296174,218657992704.0
2019-07-04,3015.68,3024.5,2991.91,3005.25,194415132,202266390528.0
2019-07-05,3004.74,3014.85,2990.92,3011.06,156755428,163180843008.0
2019-07-08,2997.81,2997.81,2918.72,2933.36,211541268,205568815104.0
2019-07-09,2928.82,2937.76,2912.81,2928.23,145110605,154251423744.0
2019-07-10,2935.19,2936.75,2908.16,2915.3,135483538,141236256768.0
2019-07-11,2928.06,2945.8,2907.89,2917.76,143692521,152181407744.0
2019-07-12,2915.34,2938.53,2905.81,2930.55,137794760,142918868992.0
2019-07-15,2921.55,2955.0,2886.7,2942.19,167643397,176533200896.0
2019-07-16,2938.64,2944.82,2931.29,2937.62,131811750,140766388224.0
2019-07-17,2933.02,2942.07,2924.46,2931.69,149631616,152162963456.0
2019-07-18,2921.74,2921.74,2901.18,2901.18,149888827,149088841728.0
2019-07-19,2909.68,2939.6,2909.68,2924.2,149469553,149071212544.0
2019-07-22,2925.79,2927.16,2879.69,2886.97,180674959,204289433600.0
2019-07-23,2886.9,2901.36,2883.05,2899.94,129310508,148077350912.0
2019-07-24,2907.93,2936.45,2907.79,2923.28,155245763,178858102784.0
2019-07-25,2923.19,2937.36,2916.15,2937.36,145684385,175356383232.0
2019-07-26,2928.06,2948.33,2924.45,2944.54,139343388,158774665216.0
2019-07-29,2943.92,2948.47,2932.98,2941.01,127991846,147439132672.0
2019-07-30,2946.26,2965.63,2946.26,2952.34,148316462,170866348032.0
2019-07-31,2944.4,2944.4,2926.49,2932.51,141052347,164607873024.0
2019-08-01,2920.85,2927.34,2901.75,2908.77,142389814,171115634688.0
2019-08-02,2861.33,2872.47,2851.44,2867.84,184888443,216327401472.0
2019-08-05,2854.58,2863.69,2821.5,2821.5,167419423,196891484160.0
2019-08-06,2776.99,2787.42,2733.92,2777.56,231123727,255209230336.0
2019-08-07,2789.02,2792.69,2768.68,2768.68,157716751,176475729920.0
2019-08-08,2784.18,2799.69,2782.24,2794.55,149539564,178156146688.0
2019-08-09,2805.59,2808.33,2770.48,2774.75,148240292,171140337664.0
2019-08-12,2781.98,2814.99,2776.62,2814.99,131563433,162523258880.0
2019-08-13,2798.05,2802.04,2790.61,2797.26,130916506,153957511168.0
2019-08-14,2824.49,2829.89,2807.72,2808.91,144014641,173944885248.0
2019-08-15,2762.34,2815.9,2756.83,2815.8,152772152,173670539264.0
2019-08-16,2817.57,2840.32,2811.8,2823.82,148582344,186139369472.0
2019-08-19,2835.52,2883.1,2829.85,2883.1,214546668,247092215808.0
2019-08-20,2879.08,2892.08,2875.0,2880.0,189677207,209774346240.0
2019-08-21,2875.47,2885.59,2872.56,2880.33,159019666,183187275776.0
2019-08-22,2887.66,2888.5,2867.55,2883.44,149206216,169662169088.0
2019-08-23,2885.15,2902.46,2878.74,2897.43,159156826,192567132160.0
2019-08-26,2851.02,2870.49,2849.24,2863.57,169895363,191036669952.0
2019-08-27,2879.52,2919.64,2879.41,2902.19,208141793,230999691264.0
2019-08-28,2901.63,2905.44,2887.01,2893.76,183097902,201805049856.0
2019-08-29,2896.0,2898.6,2878.59,2890.92,178613082,196332769280.0
2019-08-30,2907.38,2914.58,2874.1,2886.24,193959951,224751169536.0
2019-09-02,2886.94,2928.48,2883.68,2924.11,202786808,226043695104.0
2019-09-03,2925.94,2930.15,2915.2,2930.15,189001216,225070157824.0
2019-09-04,2927.75,2957.41,2925.88,2957.41,225495908,251212693504.0
2019-09-05,2972.66,3015.84,2972.66,2985.86,305438707,340200665088.0
2019-09-06,2996.62,2999.94,2981.6,2999.6,216826035,258318745600.0
2019-09-09,3023.78,3026.24,3005.69,3024.74,243377751,286236532736.0
2019-09-10,3027.41,3027.41,3005.38,3021.2,240012946,275321753600.0
2019-09-11,3029.93,3030.56,3004.22,3008.81,229837363,263389556736.0
2019-09-12,3016.63,3033.47,3005.19,3031.24,196968701,224576024576.0
2019-09-16,3041.92,3042.93,3020.05,3030.75,221878958,237442265088.0
2019-09-17,3023.71,3023.71,2970.57,2978.12,223338061,237738934272.0
2019-09-18,2984.08,2996.4,2982.4,2985.66,168046700,199953633280.0
2019-09-19,2992.92,2999.28,2975.4,2999.28,162690616,193206550528.0
2019-09-20,3004.81,3011.34,2996.19,3006.45,182145303,218390585344.0
2019-09-23,2998.4,2998.4,2960.83,2977.08,168139451,199130550272.0
2019-09-24,2979.48,3002.9,2973.76,2985.34,163902761,206245806080.0
2019-09-25,2977.67,2977.67,2955.43,2955.43,168543135,203782754304.0
2019-09-26,2964.48,2970.04,2928.26,2929.09,188932541,216277561344.0
2019-09-27,2929.49,2939.08,2920.93,2932.17,132905777,153311002624.0
2019-09-30,2927.92,2936.48,2905.19,2905.19,116646812,142591700992.0
2019-10-08,2905.76,2933.02,2905.76,2913.57,125535813,151980793856.0
2019-10-09,2902.08,2924.86,2891.54,2924.86,130424143,150940229632.0
2019-10-10,2923.71,2949.24,2918.23,2947.71,134239752,157159976960.0
2019-10-11,2954.82,2980.79,2943.01,2973.66,161203745,182747394048.0
2019-10-14,2993.96,3026.38,2989.81,3007.88,208614802,221201756160.0
2019-10-15,3005.66,3005.66,2986.3,2991.05,155376904,169531932672.0
2019-10-16,2992.61,3010.42,2975.92,2978.71,149885496,166791548928.0
2019-10-17,2979.99,2986.72,2969.57,2977.33,122527613,136051253248.0
2019-10-18,2982.34,2987.2,2933.24,2938.14,149990679,162018271232.0
2019-10-21,2933.9,2940.32,2917.69,2939.62,132475108,145685880832.0
2019-10-22,2945.6,2954.64,2934.39,2954.38,117482048,130381742080.0
2019-10-23,2952.97,2957.3,2934.63,2941.62,123812882,139653652480.0
2019-10-24,2944.01,2953.04,2927.06,2940.92,126540291,141667233792.0
2019-10-25,2940.47,2958.24,2920.52,2954.93,136860705,160224092160.0
2019-10-28,2958.69,2980.13,2956.96,2980.05,173731482,198817013760.0
2019-10-29,2979.04,2979.04,2954.18,2954.18,166110057,195288080384.0
2019-10-30,2949.46,2953.3,2934.83,2939.32,158798111,181529501696.0
2019-10-31,2944.84,2946.75,2923.52,2929.06,161571484,181801938944.0
2019-11-01,2924.34,2959.83,2917.15,2958.2,159907374,175630839808.0
2019-11-04,2964.58,2983.06,2964.58,2975.49,167248364,188710096896.0
2019-11-05,2977.7,3008.31,2968.03,2991.56,179891594,203691630592.0
2019-11-06,2992.04,2995.56,2969.72,2978.6,165263547,183985238016.0
2019-11-07,2978.15,2988.96,2969.12,2978.71,136952678,155834875904.0
2019-11-08,2993.98,2998.76,2962.84,2964.18,149742108,173867229184.0
2019-11-11,2949.96,2949.96,2906.77,2909.97,157916106,166285139968.0
2019-11-12,2913.0,2918.3,2891.51,2914.82,129729155,139060727808.0
2019-11-13,2913.02,2913.86,2893.97,2905.24,129765842,146943635456.0
2019-11-14,2907.74,2917.37,2899.62,2909.87,129145449,151576182784.0
2019-11-15,2911.35,2917.83,2891.2,2891.34,135519462,152576393216.0
2019-11-18,2889.55,2911.38,2884.09,2909.2,124433178,144677412864.0
2019-11-19,2904.28,2933.99,2902.86,2933.99,135417605,155770740736.0
2019-11-20,2928.11,2930.49,2907.42,2911.05,137357530,158543196160.0
2019-11-21,2902.55,2910.36,2891.53,2903.64,123458606,139851206656.0
2019-11-22,2906.24,2925.02,2873.99,2885.29,158623365,180593827840.0
2019-11-25,2885.61,2906.61,2880.65,2906.17,178587428,174234583040.0
2019-11-26,2912.52,2915.04,2897.93,2907.06,170004664,165496766464.0
2019-11-27,2905.4,2914.49,2893.42,2903.19,133862205,137449697280.0
2019-11-28,2902.36,2909.84,2883.43,2889.69,119522468,122616545280.0
2019-11-29,2885.97,2892.39,2858.58,2871.98,122612969,140371316736.0
2019-12-02,2874.45,2888.89,2870.24,2875.81,128755807,139351760896.0
2019-12-03,2869.88,2884.86,2857.32,2884.7,123778742,135278612480.0
2019-12-04,2876.91,2882.5,2869.42,2878.12,125543652,135879221248.0
2019-12-05,2886.52,2902.0,2885.08,2899.47,143163095,159736594432.0
2019-12-06,2902.28,2912.01,2894.75,2912.01,134128878,149507334144.0
2019-12-09,2914.46,2919.59,2905.25,2914.48,160796526,174546477056.0
2019-12-10,2908.94,2919.2,2902.79,2917.32,170123999,180617289728.0
2019-12-11,2922.6,2928.26,2915.0,2924.42,165541087,175716089856.0
2019-12-12,2926.34,2926.34,2913.48,2915.7,151760804,166044164096.0
2019-12-13,2937.78,2969.98,2935.85,2967.68,211978586,234036543488.0
2019-12-16,2970.97,2984.64,2958.71,2984.39,211862118,237666762752.0
2019-12-17,2985.26,3039.38,2982.5,3022.42,293032253,302090899456.0
2019-12-18,3021.47,3033.23,3011.72,3017.04,244089692,259173629952.0
2019-12-19,3017.15,3021.42,3007.99,3017.07,208624264,220688293888.0
2019-12-20,3019.64,3027.48,3002.26,3004.94,215075756,223305035776.0
2019-12-23,2999.04,3009.34,2960.44,2962.75,205716618,218484273152.0
2019-12-24,2965.83,2983.82,2960.68,2982.68,163030249,167366668288.0
2019-12-25,2980.43,2988.29,2970.66,2981.88,175654029,189608562688.0
2019-12-26,2981.25,3007.35,2980.4,3007.35,182440425,195586080768.0
2019-12-27,3006.85,3036.11,3003.63,3005.04,247102779,258118737920.0
2019-12-30,2998.17,3041.4,2983.34,3040.02,248066529,267382992896.0
2019-12-31,3036.39,3051.68,3030.51,3050.12,217429023,226763993088.0
2020-01-02,3066.34,3098.1,3066.34,3085.2,292470208,327197122560.0
2020-01-03,3089.02,3093.82,3074.52,3083.79,261496668,289991708672.0
2020-01-06,3070.91,3107.2,3065.31,3083.41,312575841,331182551040.0
2020-01-07,3085.49,3105.45,3084.33,3104.8,276583112,288159227904.0
2020-01-08,3094.24,3094.24,3059.13,3066.89,297872553,306517393408.0
2020-01-09,3082.64,3097.33,3080.13,3094.88,243435648,271716020224.0
2020-01-10,3102.29,3105.22,3081.4,3092.29,210442463,241555668992.0
2020-01-13,3091.49,3115.57,3075.38,3115.57,210621005,258524057600.0
2020-01-14,3120.67,3127.17,3105.6,3106.82,229973770,271542439936.0
2020-01-15,3103.17,3107.94,3082.04,3090.04,202313024,232913444864.0
2020-01-16,3095.73,3096.37,3070.88,3074.08,203375475,236843360256.0
2020-01-17,3081.46,3091.95,3067.25,3075.5,190304300,242273046528.0
2020-01-20,3082.11,3096.31,3070.48,3095.79,210493340,271122456576.0
2020-01-21,3085.79,3085.79,3051.23,3052.14,234830738,286268096512.0
2020-01-22,3038.49,3069.25,3006.27,3060.75,223852864,278456922112.0
2020-01-23,3037.95,3045.04,2955.35,2976.53,272763233,327490359296.0
2020-02-03,2716.7,2766.58,2716.7,2746.61,215912102,257019596800.0
2020-02-04,2685.27,2786.16,2685.27,2783.29,364046200,374068465664.0
2020-02-05,2792.37,2842.74,2778.86,2818.09,309761823,349184114688.0
2020-02-06,2826.89,2876.59,2807.61,2866.51,316392143,358582591488.0
2020-02-07,2858.93,2875.96,2838.77,2875.96,309479642,362384162816.0
2020-02-10,2860.5,2891.85,2851.05,2890.49,294929784,341520400384.0
2020-02-11,2894.54,2913.82,2882.24,2901.67,269168335,302956847104.0
2020-02-12,2895.56,2926.9,2892.42,2926.9,248733430,297534418944.0
2020-02-13,2927.14,2935.41,2901.24,2906.07,274804844,334526328832.0
2020-02-14,2899.87,2926.94,2899.57,2917.01,250650627,308080369664.0
2020-02-17,2924.99,2983.64,2924.99,2983.62,313198008,367014338560.0
2020-02-18,2981.41,2990.6,2960.78,2984.97,311665912,374998560768.0
2020-02-19,2979.52,2998.27,2971.82,2975.4,315141151,381331161088.0
2020-02-20,2981.88,3031.37,2968.45,3030.15,345732882,413761363968.0
2020-02-21,3022.25,3058.9,3020.14,3039.67,364557276,445062078464.0
2020-02-24,3027.89,3042.18,3007.36,3031.23,370430044,451601362944.0
2020-02-25,2982.07,3016.95,2943.72,3013.05,441622761,513128644608.0
2020-02-26,2978.42,3028.78,2974.94,2987.93,469049551,495341449216.0
2020-02-27,2992.49,3009.46,2980.48,2991.33,350523658,395955642368.0
2020-02-28,2924.64,2948.13,2878.54,2880.3,401216914,432657776640.0
2020-03-02,2899.31,2982.51,2899.31,2970.93,367333368,397244203008.0
2020-03-03,3006.89,3026.84,2976.62,2992.9,410108047,447053680640.0
2020-03-04,2981.81,3012.0,2974.36,3011.67,353338278,389893918720.0
2020-03-05,3036.15,3074.26,3022.93,3071.68,445425807,482770472960.0
2020-03-06,3039.94,3052.44,3029.46,3034.51,362061532,377388544000.0
2020-03-09,2987.18,2989.21,2940.71,2943.29,414560737,438143856640.0
2020-03-10,2918.93,3000.3,2904.8,2996.76,393296648,425017184256.0
2020-03-11,3001.76,3010.03,2968.52,2968.52,352470971,378766618624.0
2020-03-12,2936.02,2944.47,2906.28,2923.49,307778458,328209203200.0
2020-03-13,2804.23,2910.88,2799.98,2887.43,366450437,393019666432.0
2020-03-16,2897.3,2898.03,2784.66,2789.25,351878666,375627001856.0
2020-03-17,2796.28,2826.91,2715.22,2779.64,306149678,323012820992.0
2020-03-18,2792.32,2815.87,2728.76,2728.76,291159852,318611390464.0
2020-03-19,2719.41,2736.82,2646.8,2702.13,302302748,330518007808.0
2020-03-20,2727.02,2751.9,2702.49,2745.62,252019507,281583370240.0
2020-03-23,2677.59,2703.33,2656.5,2660.17,249820250,268423241728.0
2020-03-24,2703.02,2723.41,2667.13,2722.44,257021929,278999306240.0
2020-03-25,2775.3,2788.64,2757.8,2781.59,273144466,293191204864.0
2020-03-26,2761.9,2788.5,2753.43,2764.91,234084022,248279785472.0
2020-03-27,2792.98,2805.55,2771.76,2772.2,240764065,253630726144.0
2020-03-30,2739.72,2759.1,2723.05,2747.21,239706604,250687143936.0
2020-03-31,2767.31,2771.17,2743.12,2750.3,218598674,224271060992.0
2020-04-01,2743.54,2773.36,2731.08,2734.52,217253427,225624645632.0
2020-04-02,2720.23,2780.64,2719.9,2780.64,217864599,233111576576.0
2020-04-03,2773.58,2780.59,2754.07,2763.99,200837404,214062211072.0
2020-04-07,2806.97,2823.28,2801.84,2820.76,270198185,286627794944.0
2020-04-08,2805.92,2823.21,2800.3,2815.37,243515305,253159669760.0
2020-04-09,2825.84,2832.4,2820.43,2825.9,238184842,247392989184.0
2020-04-10,2827.19,2833.01,2789.98,2796.63,233454769,246376308736.0
2020-04-13,2784.6,2792.89,2774.08,2783.05,177124554,184120283136.0
2020-04-14,2794.8,2827.3,2789.43,2827.28,202696568,223605698560.0
2020-04-15,2826.66,2829.75,2808.7,2811.17,205621146,231631630336.0
2020-04-16,2798.43,2823.34,2796.84,2819.94,203003773,222432600064.0
2020-04-17,2835.56,2854.96,2830.02,2838.49,245736750,280025227264.0
2020-04-20,2840.41,2852.99,2833.26,2852.55,211847078,233759313920.0
2020-04-21,2842.24,2842.24,2808.02,2827.01,233235871,248688586752.0
2020-04-22,2814.07,2843.98,2808.48,2843.98,217320000,232796778496.0
2020-04-23,2850.51,2853.64,2835.9,2838.5,248779036,262662041600.0
2020-04-24,2834.94,2834.94,2802.5,2808.53,235185075,244122292224.0
2020-04-27,2812.24,2832.67,2802.96,2815.49,210130980,225293705216.0
2020-04-28,2819.99,2821.75,2758.25,2810.02,253872745,270534754304.0
2020-04-29,2801.38,2831.76,2800.74,2822.44,202061806,222720221184.0
2020-04-30,2832.38,2865.59,2832.38,2860.08,242455278,277440933888.0
2020-05-06,2831.63,2879.26,2830.65,2878.14,249826616,303890030592.0
2020-05-07,2876.47,2882.02,2864.58,2871.52,226736957,268607483904.0
2020-05-08,2882.71,2903.8,2879.2,2895.34,226822075,276562718720.0
2020-05-11,2901.57,2914.28,2884.38,2894.8,225120410,271930642432.0
2020-05-12,2894.62,2897.9,2871.23,2891.56,197082985,238476218368.0
2020-05-13,2882.96,2900.26,2875.54,2898.05,185061309,223866908672.0
2020-05-14,2887.06,2887.06,2869.18,2870.34,197776202,237336973312.0
2020-05-15,2880.71,2884.22,2863.37,2868.46,188983593,246878191616.0
2020-05-18,2872.52,2889.98,2862.27,2875.42,226022881,289089597440.0
2020-05-19,2897.69,2900.22,2887.58,2898.58,197222405,256277803008.0
2020-05-20,2896.47,2896.47,2876.18,2883.74,210519985,269176553472.0
2020-05-21,2890.72,2891.52,2864.21,2867.92,203532037,250569936896.0
2020-05-22,2863.05,2863.05,2808.02,2813.77,209063713,245229604864.0
2020-05-25,2816.24,2821.5,2802.47,2817.97,172885558,202115354624.0
2020-05-26,2827.9,2848.34,2825.9,2846.55,174562368,207427833856.0
2020-05-27,2847.32,2849.0,2831.93,2836.8,198149343,227934396416.0
2020-05-28,2838.21,2861.92,2820.15,2846.22,207546020,239234260992.0
2020-05-29,2835.58,2855.38,2829.63,2852.35,206792804,233798995968.0
2020-06-01,2871.96,2917.15,2871.96,2915.43,260196050,307416215552.0
2020-06-02,2916.32,2926.36,2909.13,2921.4,256108050,294402744320.0
2020-06-03,2930.39,2942.76,2922.66,2923.37,255663980,300447817728.0
2020-06-04,2931.84,2932.97,2910.75,2919.25,226605873,254345986048.0
2020-06-05,2923.19,2930.8,2909.12,2930.8,217360673,253141143552.0
2020-06-08,2941.98,2950.07,2934.21,2937.77,231124360,274611814400.0
2020-06-09,2939.54,2957.12,2932.94,2956.11,209048586,251414695936.0
2020-06-10,2951.28,2951.33,2934.84,2943.75,207925970,243968495616.0
2020-06-11,2939.79,2952.65,2912.19,2920.9,233722947,289023254528.0
2020-06-12,2876.8,2930.26,2872.62,2919.74,236008643,274321727488.0
2020-06-15,2908.28,2922.54,2890.03,2890.03,243205046,293361557504.0
2020-06-16,2912.83,2931.78,2909.13,2931.75,223313065,270948556800.0
2020-06-17,2932.67,2936.62,2919.04,2935.87,234654392,278007111680.0
2020-06-18,2929.88,2942.9,2920.11,2939.32,258691377,289367728128.0
2020-06-19,2938.79,2973.32,2935.82,2967.63,264313961,319089106944.0
2020-06-22,2966.9,2983.44,2959.04,2965.27,267883835,346028748800.0
2020-06-23,2960.89,2972.4,2949.85,2970.62,225212209,305378770944.0
2020-06-24,2972.98,2982.94,2971.22,2979.55,213200732,297008783360.0
2020-06-29,2973.08,2977.91,2951.77,2961.52,220622730,293886017536.0
2020-06-30,2965.11,2990.83,2965.11,2984.67,214957215,297312329728.0
2020-07-01,2991.18,3026.19,2984.98,3025.98,273313139,369883803648.0
2020-07-02,3023.72,3092.44,3021.67,3090.57,391127995,478216482816.0
2020-07-03,3104.0,3152.81,3104.0,3152.81,458793851,535489335296.0
2020-07-06,3187.84,3337.27,3187.84,3332.88,643878907,724153675776.0
2020-07-07,3380.95,3407.08,3336.24,3345.34,657840159,793638371328.0
2020-07-08,3337.55,3421.53,3327.71,3403.44,587081684,696807632896.0
2020-07-09,3403.48,3456.97,3393.64,3450.59,620001823,751406829568.0
2020-07-10,3418.93,3433.11,3372.51,3383.32,556120010,703197548544.0
2020-07-13,3379.39,3458.79,3369.04,3443.29,558006876,717397053440.0
2020-07-14,3435.02,3451.22,3366.08,3414.62,543211492,707327004672.0
2020-07-15,3422.08,3432.45,3345.75,3361.3,492030543,674727411712.0
2020-07-16,3356.36,3373.53,3209.73,3210.1,490613123,679468339200.0
2020-07-17,3214.4,3252.78,3181.27,3214.13,359652413,486536118272.0
2020-07-20,3243.91,3314.15,3220.68,3314.15,418555305,544045658112.0
2020-07-21,3330.55,3336.68,3300.57,3320.89,359252029,488862179328.0
2020-07-22,3315.18,3381.98,3311.79,3333.16,393335334,540577042432.0
2020-07-23,3306.15,3336.3,3257.83,3325.11,407042499,546887090176.0
2020-07-24,3310.64,3319.13,3184.96,3196.77,427054026,584311865344.0
2020-07-27,3210.39,3221.98,3174.66,3205.23,299319022,402231918592.0
2020-07-28,3226.13,3245.3,3208.49,3227.96,289377861,389873696768.0
2020-07-29,3221.99,3294.55,3209.99,3294.55,324924063,453094400000.0
2020-07-30,3299.57,3312.45,3282.16,3286.82,340704120,476974006272.0
2020-07-31,3280.8,3333.79,3261.61,3310.01,353758979,495778041856.0
2020-08-03,3332.18,3368.1,3327.68,3367.97,407460867,572430761984.0
2020-08-04,3376.44,3391.07,3352.5,3371.69,442328550,604942143488.0
2020-08-05,3363.33,3383.64,3333.88,3377.56,385823027,526515056640.0
2020-08-06,3380.76,3392.7,3334.33,3386.46,415302510,570488246272.0
2020-08-07,3370.59,3374.13,3307.71,3354.04,403929633,561435648000.0
2020-08-10,3341.53,3399.93,3335.04,3379.25,381379630,527083945984.0
2020-08-11,3379.49,3409.06,3336.09,3340.29,400452705,514020765696.0
2020-08-12,3327.49,3335.73,3263.27,3319.27,378328960,480731246592.0
2020-08-13,3328.18,3338.15,3309.46,3320.73,324291279,387162288128.0
2020-08-14,3315.67,3362.03,3302.74,3360.1,305998377,367467421696.0
2020-08-17,3373.9,3450.9,3369.37,3438.8,434598259,537425076224.0
2020-08-18,3441.93,3456.72,3432.64,3451.09,380729275,493052153856.0
2020-08-19,3444.56,3454.46,3406.16,3408.13,405722214,498262159360.0
2020-08-20,3385.96,3394.56,3352.78,3363.9,335600983,401815552000.0
2020-08-21,3380.23,3393.92,3358.0,3380.68,287488340,361281753088.0
2020-08-24,3391.11,3396.57,3368.03,3385.64,266227840,345683378176.0
2020-08-25,3392.88,3408.87,3364.16,3373.58,277113421,355997790208.0
2020-08-26,3371.81,3382.6,3320.14,3329.74,294451036,381928906752.0
2020-08-27,3333.49,3351.83,3312.99,3350.11,237099354,317153390592.0
2020-08-28,3346.29,3405.88,3339.65,3403.81,271325550,379367047168.0
2020-08-31,3416.55,3442.74,3395.47,3395.68,323473889,436930125824.0
2020-09-01,3389.74,3410.61,3381.71,3410.61,246999250,326850957312.0
2020-09-02,3420.47,3421.4,3377.21,3404.8,261546319,345638981632.0
2020-09-03,3404.03,3425.63,3374.26,3384.98,255346278,350706565120.0
2020-09-04,3336.41,3360.11,3328.55,3355.37,221636549,308179656704.0
2020-09-07,3349.92,3368.24,3285.63,3292.59,260616568,357726466048.0
2020-09-08,3301.22,3324.39,3276.44,3316.42,271066278,320229900288.0
2020-09-09,3281.0,3289.61,3238.56,3254.63,351509747,341054533632.0
2020-09-10,3282.23,3285.47,3227.64,3234.82,312472804,309676744704.0
2020-09-11,3225.78,3262.5,3220.54,3260.35,221698831,254844993536.0
2020-09-14,3275.92,3283.53,3261.15,3278.81,213924137,269219917824.0
2020-09-15,3277.13,3297.69,3263.75,3295.68,197684401,251763867648.0
2020-09-16,3293.17,3302.46,3271.08,3283.92,200443364,242270892032.0
2020-09-17,3277.32,3290.41,3248.5,3270.44,202931973,279311052800.0
2020-09-18,3270.91,3338.32,3268.53,3338.09,256260787,337025892352.0
2020-09-21,3348.9,3350.59,3313.07,3316.94,216503094,287691309056.0
2020-09-22,3290.67,3320.23,3265.7,3274.3,214015066,269113294848.0
2020-09-23,3278.84,3289.76,3264.89,3279.71,169178068,240742428672.0
2020-09-24,3262.88,3265.35,3221.24,3223.18,206736010,258259918848.0
2020-09-25,3234.37,3239.47,3208.03,3219.42,164822418,220674478080.0
2020-09-28,3224.98,3238.18,3210.89,3217.53,155982784,209672388608.0
2020-09-29,3231.86,3242.79,3219.79,3224.36,151349870,207307812864.0
2020-09-30,3232.71,3244.91,3202.34,3218.05,153504458,205762859008.0
2020-10-09,3262.61,3280.51,3260.19,3272.08,188325647,264171044864.0
2020-10-12,3287.33,3359.15,3286.11,3358.47,259622408,355700113408.0
2020-10-13,3353.12,3361.83,3334.5,3359.75,204926103,288505839616.0
2020-10-14,3353.62,3353.62,3332.96,3340.78,198659382,281159983104.0
2020-10-15,3342.92,3354.58,3330.0,3332.18,191031283,263848673280.0
2020-10-16,3334.46,3348.95,3319.11,3336.36,194295421,253448028160.0
2020-10-19,3351.1,3371.09,3307.84,3312.67,212303539,283882790912.0
2020-10-20,3307.15,3328.1,3293.77,3328.1,165084762,227823366144.0
2020-10-21,3332.15,3332.15,3304.17,3325.02,177632115,246848139264.0
2020-10-22,3315.82,3320.88,3281.37,3312.5,165949988,236428247040.0
2020-10-23,3308.16,3326.05,3276.62,3278.0,174208983,249912885248.0
2020-10-26,3258.7,3264.45,3226.6,3251.12,167731794,235462467584.0
2020-10-27,3240.74,3258.34,3235.54,3254.32,149115566,217487421440.0
2020-10-28,3256.22,3275.87,3238.38,3269.24,173181965,256213458944.0
2020-10-29,3235.76,3289.77,3231.12,3272.73,184703588,278605664256.0
2020-10-30,3278.63,3279.86,3219.42,3224.53,230188803,328917241856.0
2020-11-02,3228.72,3242.8,3209.91,3225.12,226779136,325321867264.0
2020-11-03,3239.81,3278.38,3237.85,3271.07,215297864,303730147328.0
2020-11-04,3273.43,3286.62,3254.11,3277.44,188514127,270723846144.0
2020-11-05,3305.58,3320.41,3291.6,3320.13,226801462,316292710400.0
2020-11-06,3326.46,3326.46,3292.15,3312.16,234864133,325485056000.0
2020-11-09,3329.43,3380.82,3329.43,3373.73,310219771,429948923904.0
2020-11-10,3387.62,3387.62,3346.17,3360.15,278701112,390008393728.0
2020-11-11,3354.02,3365.84,3339.04,3342.2,271204654,355802066944.0
2020-11-12,3344.46,3350.28,3329.49,3338.68,216501309,286927437824.0
2020-11-13,3327.23,3327.23,3291.64,3310.1,227898363,301527965696.0
2020-11-16,3325.62,3346.97,3313.65,3346.97,279593761,333750599680.0
2020-11-17,3347.15,3347.7,3323.95,3339.9,283632479,353623371776.0
2020-11-18,3337.33,3358.89,3333.99,3347.3,287531259,358745366528.0
2020-11-19,3339.09,3367.33,3330.45,3363.09,253262991,319520194560.0
2020-11-20,3359.6,3380.15,3356.31,3377.73,261271219,312659787776.0
2020-11-23,3384.1,3431.65,3377.99,3414.49,373872046,431504375808.0
2020-11-24,3407.41,3413.93,3396.24,3402.82,300994145,359505805312.0
2020-11-25,3417.52,3423.49,3362.33,3362.33,322110208,383477784576.0
2020-11-26,3360.06,3371.45,3344.28,3369.73,255886822,317308633088.0
2020-11-27,3373.84,3408.31,3364.49,3408.31,280649894,326069547008.0
2020-11-30,3418.16,3456.74,3391.76,3391.76,384989967,454500573184.0
2020-12-01,3388.99,3457.64,3386.91,3451.94,316188979,385250750464.0
2020-12-02,3453.52,3465.73,3435.87,3449.38,312811113,383340847104.0
2020-12-03,3448.54,3452.16,3428.8,3442.14,298459930,352422285312.0
2020-12-04,3436.73,3448.4,3417.05,3444.58,256276705,329393209344.0
2020-12-07,3446.65,3449.58,3414.31,3416.6,254522509,336836800512.0
2020-12-08,3417.69,3428.66,3403.03,3410.18,226907328,304635035648.0
2020-12-09,3416.08,3422.54,3371.92,3371.96,260747425,339317805056.0
2020-12-10,3365.73,3384.89,3357.75,3373.28,247308303,321616355328.0
2020-12-11,3381.01,3383.18,3325.17,3347.19,298617157,379848802304.0
2020-12-14,3349.53,3371.13,3338.63,3369.12,239807926,316229132288.0
2020-12-15,3366.58,3373.56,3348.42,3367.23,225667402,315289743360.0
2020-12-16,3371.26,3378.66,3359.17,3366.98,220813975,308823384064.0
2020-12-17,3367.28,3406.15,3354.01,3404.87,275463631,364740476928.0
2020-12-18,3400.49,3413.81,3382.75,3394.9,280992640,354027376640.0
2020-12-21,3394.39,3423.61,3381.12,3420.57,283759795,383898951680.0
2020-12-22,3410.97,3415.75,3353.86,3356.78,323037655,432199557120.0
2020-12-23,3362.47,3394.21,3360.2,3382.32,299523528,413254778880.0
2020-12-24,3382.19,3394.07,3354.02,3363.11,275044449,363321143296.0
2020-12-25,3351.79,3397.01,3348.35,3396.56,294546895,359094444032.0
2020-12-28,3396.36,3412.52,3383.65,3397.29,316181542,398159970304.0
2020-12-29,3399.29,3407.09,3376.09,3379.04,311769185,382102564864.0
2020-12-30,3375.01,3414.45,3374.42,3414.45,291023544,377542352896.0
2020-12-31,3419.73,3474.92,3419.73,3473.07,335673925,450482319360.0
2021-01-04,3474.68,3511.66,3457.21,3502.96,380790799,523367702528.0
2021-01-05,3492.19,3528.68,3484.72,3528.68,407995935,568019464192.0
2021-01-06,3530.91,3556.8,3513.13,3550.88,370230927,521799528448.0
2021-01-07,3552.91,3576.2,3526.62,3576.2,405348227,545709629440.0
2021-01-08,3577.69,3588.06,3544.89,3570.11,345557896,502170816512.0
2021-01-11,3571.32,3597.7,3516.99,3531.5,362479155,526895927296.0
2021-01-12,3518.01,3608.34,3517.47,3608.34,323406154,485771186176.0
2021-01-13,3613.28,3622.35,3575.59,3598.65,388127790,554853437440.0
2021-01-14,3584.93,3599.06,3559.6,3565.9,347666819,511325102080.0
2021-01-15,3566.28,3589.27,3533.79,3566.38,324612744,480343781376.0
2021-01-18,3554.8,3608.77,3544.26,3596.22,301652564,451740700672.0
2021-01-19,3596.36,3603.15,3553.02,3566.38,323439542,467402584064.0
2021-01-20,3564.12,3589.96,3556.44,3583.09,272271662,397144764416.0
2021-01-21,3590.92,3636.24,3585.8,3621.26,327466995,469855227904.0
2021-01-22,3616.54,3616.54,3585.03,3606.75,324463084,485452193792.0
2021-01-25,3605.36,3637.1,3591.02,3624.24,327341071,527257346048.0
2021-01-26,3610.97,3610.97,3564.74,3569.43,278139884,436326666240.0
2021-01-27,3567.55,3578.8,3546.49,3573.34,264107162,396270391296.0
2021-01-28,3534.67,3549.54,3496.88,3505.18,270862461,391574388736.0
2021-01-29,3521.72,3531.6,3446.55,3483.07,293662664,416528621568.0
2021-02-01,3477.17,3506.39,3469.88,3505.28,277567900,371473068032.0
2021-02-02,3510.81,3535.5,3495.57,3533.68,264540631,384127852544.0
2021-02-03,3531.15,3544.01,3508.51,3517.31,297351716,413731471360.0
2021-02-04,3503.78,3524.72,3465.77,3501.86,298834854,418742554624.0
2021-02-05,3509.49,3536.54,3492.96,3496.33,290146173,397391921152.0
2021-02-08,3504.56,3542.21,3492.13,3532.45,249799619,359187320832.0
2021-02-09,3539.77,3604.01,3528.68,3603.49,253821760,371567972352.0
2021-02-10,3612.61,3662.77,3612.5,3655.09,257940823,392643391488.0
2021-02-18,3721.09,3731.69,3663.66,3675.36,340309066,483546566656.0
2021-02-19,3661.78,3699.65,3634.01,3696.17,361059804,484990205952.0
2021-02-22,3707.19,3717.27,3642.44,3642.44,488821478,599323103232.0
2021-02-23,3617.7,3672.15,3617.7,3636.36,398873175,479631810560.0
2021-02-24,3638.94,3645.65,3531.59,3564.08,362158953,484430413824.0
2021-02-25,3595.54,3608.56,3568.47,3585.05,366232300,444735016960.0
2021-02-26,3514.56,3550.41,3500.7,3509.08,333280067,424485912576.0
2021-03-01,3531.48,3552.57,3511.99,3551.4,315487526,402477043712.0
2021-03-02,3566.85,3566.85,3485.36,3508.59,339830487,427680452608.0
2021-03-03,3500.16,3577.62,3498.72,3576.9,347656847,415490347008.0
2021-03-04,3546.64,3552.2,3487.38,3503.49,393616120,462233735168.0
2021-03-05,3463.31,3523.57,3456.67,3501.99,356409224,408849903616.0
2021-03-08,3524.98,3542.3,3421.22,3421.41,387047954,453859205120.0
2021-03-09,3415.34,3429.15,3328.31,3359.29,407652539,456196190208.0
2021-03-10,3389.84,3397.03,3354.82,3357.74,299749166,339571691520.0
2021-03-11,3369.9,3436.83,3369.9,3436.83,322112044,369805365248.0
2021-03-12,3447.2,3454.51,3417.24,3453.08,358027036,381964279808.0
2021-03-15,3441.88,3457.49,3392.51,3419.95,367813294,381646491648.0
2021-03-16,3424.65,3448.88,3406.17,3446.73,316668746,332388483072.0
2021-03-17,3435.73,3454.06,3410.28,3445.55,280059817,306630471680.0
2021-03-18,3449.64,3478.14,3449.38,3463.07,284403891,316529172480.0
2021-03-19,3423.87,3439.52,3389.29,3404.66,309161715,339992293376.0
2021-03-22,3406.12,3443.66,3404.23,3443.44,312559084,332535037952.0
2021-03-23,3445.34,3445.42,3390.05,3411.51,326389409,343477166080.0
2021-03-24,3394.13,3415.29,3362.18,3367.06,317398697,344800038912.0
2021-03-25,3355.07,3382.23,3344.97,3363.59,270676096,290223443968.0
2021-03-26,3373.32,3423.22,3373.32,3418.33,274614986,322408620032.0
2021-03-29,3429.63,3449.83,3409.89,3435.3,284824243,327944118272.0
2021-03-30,3432.53,3457.63,3423.32,3456.68,285423081,331625652224.0
2021-03-31,3452.21,3452.21,3420.83,3441.91,283049262,314174119936.0
2021-04-01,3444.81,3470.03,3438.83,3466.33,275244296,292651913216.0
2021-04-02,3472.63,3487.59,3462.83,3484.39,262654874,317953200128.0
2021-04-06,3491.63,3493.28,3471.76,3482.97,234746670,286329671680.0
2021-04-07,3483.42,3483.42,3453.19,3479.63,295786977,323650985984.0
2021-04-08,3467.49,3495.91,3459.32,3482.55,331755328,348011327488.0
2021-04-09,3475.44,3475.45,3442.14,3450.68,280085197,306422226944.0
2021-04-12,3445.97,3456.16,3403.9,3412.95,309577239,338890338304.0
2021-04-13,3411.29,3425.39,3387.9,3396.47,270626053,290539880448.0
2021-04-14,3397.02,3420.03,3392.98,3416.72,233242327,269010071552.0
2021-04-15,3409.61,3409.61,3373.09,3398.99,234005053,272569196544.0
2021-04-16,3407.19,3432.63,3394.13,3426.62,258579671,295951093760.0
2021-04-19,3427.55,3479.01,3414.36,3477.55,302735818,368472469504.0
2021-04-20,3467.15,3494.3,3463.46,3472.94,285300083,358982766592.0
2021-04-21,3456.3,3481.25,3450.11,3472.93,253777859,323914145792.0
2021-04-22,3482.83,3485.36,3456.32,3465.11,251114511,317081034752.0
2021-04-23,3462.09,3482.36,3456.33,3474.17,249360433,323015933952.0
2021-04-26,3484.11,3497.12,3438.57,3441.17,276970770,388161675264.0
2021-04-27,3440.09,3443.85,3417.26,3442.61,253032394,327046021120.0
2021-04-28,3432.16,3457.07,3423.33,3457.07,247381120,349669208064.0
2021-04-29,3458.08,3478.23,3447.59,3474.9,276631388,371611590656.0
2021-04-30,3468.3,3469.09,3426.9,3446.86,312660355,401442336768.0
2021-05-06,3446.07,3471.24,3426.85,3441.28,310424192,400525168640.0
2021-05-07,3446.41,3457.89,3416.78,3418.87,353785390,411078840320.0
2021-05-10,3423.59,3429.74,3401.93,3427.99,374170885,399717548032.0
2021-05-11,3406.6,3448.1,3384.7,3441.85,350934113,390326272000.0
2021-05-12,3429.75,3466.37,3428.39,3462.75,311444547,343860408320.0
2021-05-13,3432.14,3448.02,3418.38,3429.54,319325327,356376915968.0
2021-05-14,3436.09,3490.64,3422.56,3490.38,336982308,411116941312.0
2021-05-17,3490.41,3530.51,3490.14,3517.62,322135969,424476782592.0
2021-05-18,3520.65,3529.01,3510.86,3529.01,271308559,336028774400.0
2021-05-19,3521.11,3521.11,3503.82,3510.96,278321116,349973151744.0
2021-05-20,3500.88,3517.74,3486.07,3506.94,326009334,390355320832.0
2021-05-21,3510.84,3518.38,3479.67,3486.56,283826286,356025929728.0
2021-05-24,3486.27,3498.3,3469.87,3497.28,289509243,367181627392.0
2021-05-25,3502.54,3584.58,3502.44,3581.34,341241126,472213532672.0
2021-05-26,3586.84,3603.49,3585.37,3593.36,341980288,455831257088.0
2021-05-27,3585.73,3626.36,3579.26,3608.85,309551485,429004238848.0
2021-05-28,3610.77,3622.18,3582.36,3600.78,349208829,452445032448.0
2021-05-31,3600.07,3615.66,3580.65,3615.48,331523771,449694380032.0
2021-06-01,3608.6,3626.07,3581.91,3624.71,352811412,471663104000.0
2021-06-02,3626.33,3629.29,3584.6,3597.14,348558420,454678065152.0
2021-06-03,3595.42,3618.51,3584.21,3584.21,354233032,443506528256.0
2021-06-04,3565.47,3618.8,3561.89,3591.84,330893038,435280519168.0
2021-06-07,3597.14,3600.38,3581.9,3599.54,303718676,432219951104.0
2021-06-08,3598.75,3621.52,3563.25,3580.11,304491471,443161808896.0
2021-06-09,3576.8,3598.71,3572.64,3591.4,298323297,403236323328.0
2021-06-10,3587.53,3624.34,3584.13,3610.86,318174807,442117283840.0
2021-06-11,3614.11,3614.4,3587.15,3589.75,360554970,495372693504.0
2021-06-15,3587.47,3592.95,3547.19,3556.56,349168566,444719206400.0
2021-06-16,3556.71,3561.09,3513.56,3518.33,312597307,410609315840.0
2021-06-17,3508.32,3534.2,3507.35,3525.6,277229919,388761042944.0
2021-06-18,3520.5,3535.62,3503.18,3525.1,296708585,446297403392.0
2021-06-21,3515.5,3540.3,3504.01,3529.18,280898276,426562789376.0
2021-06-22,3539.79,3560.19,3536.81,3557.41,307536399,437092257792.0
2021-06-23,3559.4,3577.47,3549.85,3566.22,310709519,470347636736.0
2021-06-24,3568.58,3570.49,3548.82,3566.65,335440755,461273595904.0
2021-06-25,3567.38,3614.3,3564.52,3607.56,346087831,483898970112.0
2021-06-28,3612.25,3614.36,3594.22,3606.37,321274975,456029593600.0
2021-06-29,3601.68,3601.83,3570.53,3573.18,306071178,440898703360.0
2021-06-30,3572.62,3594.12,3569.5,3591.2,268162819,414698377216.0
2021-07-01,3600.55,3607.7,3573.94,3588.78,291883192,450639036416.0
2021-07-02,3569.89,3569.89,3514.34,3518.76,291945549,452263194624.0
2021-07-05,3516.92,3534.32,3510.58,3534.32,288094838,445431943168.0
2021-07-06,3533.13,3538.35,3496.93,3530.26,314070211,492886900736.0
2021-07-07,3508.59,3557.88,3504.47,3553.72,318839188,457607651328.0
2021-07-08,3557.22,3558.68,3521.06,3525.5,350877857,526858674176.0
2021-07-09,3512.23,3529.31,3485.05,3524.09,349884316,493020839936.0
2021-07-12,3545.2,3565.03,3527.39,3547.84,403639557,564759281664.0
2021-07-13,3547.59,3567.48,3542.82,3566.52,362416712,511917232128.0
2021-07-14,3560.83,3560.83,3525.49,3528.5,372221722,507716415488.0
2021-07-15,3519.06,3565.93,3514.26,3564.59,363259164,507481841664.0
2021-07-16,3559.53,3566.0,3537.73,3539.3,366014779,518640631808.0
2021-07-19,3530.49,3544.88,3506.34,3539.12,336760947,486952460288.0
2021-07-20,3515.07,3538.64,3509.19,3536.79,293780595,422649888768.0
2021-07-21,3543.05,3569.09,3543.05,3562.66,338978747,517239988224.0
2021-07-22,3563.66,3576.47,3558.29,3574.73,381067054,566769500160.0
2021-07-23,3571.72,3571.85,3541.51,3550.4,446421245,604195151872.0
2021-07-26,3538.01,3538.01,3424.74,3467.44,442882204,639061192704.0
2021-07-27,3467.45,3483.87,3380.28,3381.18,469075443,702741086208.0
2021-07-28,3355.82,3385.54,3312.72,3361.59,395825418,564697718784.0
2021-07-29,3403.84,3416.61,3382.57,3411.72,344569428,539748855808.0
2021-07-30,3398.2,3404.88,3370.45,3397.36,381440955,568820969472.0
2021-08-02,3385.69,3464.29,3367.64,3464.29,432927872,657885782016.0
2021-08-03,3446.78,3470.66,3435.46,3447.99,400698081,603419197440.0
2021-08-04,3442.94,3477.6,3440.78,3477.22,348744218,546820755456.0
2021-08-05,3461.72,3486.16,3449.39,3466.55,348436923,540401111040.0
2021-08-06,3465.48,3466.39,3436.93,3458.23,336824399,516406644736.0
2021-08-09,3441.75,3502.84,3438.7,3494.63,349910095,539498930176.0
2021-08-10,3488.66,3529.93,3477.06,3529.93,345112993,553440313344.0
2021-08-11,3527.11,3544.09,3524.04,3532.62,383783555,541942730752.0
2021-08-12,3522.72,3538.4,3513.45,3524.74,381074593,538163449856.0
2021-08-13,3514.47,3540.08,3500.8,3516.3,378187282,532907855872.0
2021-08-16,3514.34,3537.85,3510.9,3517.34,391099722,535458942976.0
2021-08-17,3512.11,3531.72,3438.12,3446.98,422885804,570430623744.0
2021-08-18,3442.35,3487.44,3437.69,3485.29,389203756,535463067648.0
2021-08-19,3475.3,3480.46,3446.01,3465.55,382383032,537926524928.0
2021-08-20,3442.51,3453.15,3394.97,3427.33,391136919,552667602944.0
2021-08-23,3436.8,3481.25,3436.67,3477.13,384727439,564308156416.0
2021-08-24,3482.27,3522.7,3481.14,3514.47,430236462,616084140032.0
2021-08-25,3517.92,3540.39,3510.07,3540.38,450047020,598611869696.0
2021-08-26,3537.31,3537.32,3499.45,3501.66,502903148,622393475072.0
2021-08-27,3494.42,3530.19,3493.38,3522.16,455345907,595518693376.0
2021-08-30,3535.07,3539.49,3512.99,3528.15,512785715,699116244992.0
2021-08-31,3519.02,3543.94,3496.39,3543.94,524205056,703504818176.0
2021-09-01,3543.87,3582.32,3514.67,3567.1,667276306,842528985088.0
2021-09-02,3559.9,3597.37,3557.68,3597.04,572684040,691113291776.0
2021-09-03,3602.74,3613.95,3569.4,3581.73,614532352,743840780288.0
2021-09-06,3580.14,3626.29,3580.14,3621.86,521713275,654085734400.0
2021-09-07,3621.71,3681.93,3615.14,3676.59,547721874,658867924992.0
2021-09-08,3673.4,3695.32,3661.0,3675.19,586436193,674348482560.0
2021-09-09,3666.82,3693.45,3662.16,3693.13,604810330,679465422848.0
2021-09-10,3691.19,3722.87,3681.64,3703.11,635200433,759084638208.0
2021-09-13,3699.25,3716.83,3692.82,3715.37,557484019,696192356352.0
2021-09-14,3709.63,3723.85,3655.63,3662.6,564952387,693778087936.0
2021-09-15,3651.16,3677.53,3638.32,3656.22,474970002,604231544832.0
2021-09-16,3664.84,3677.92,3606.73,3607.09,546741473,673955340288.0
2021-09-17,3595.27,3620.96,3569.27,3613.97,516850209,628834394112.0
2021-09-22,3563.21,3629.45,3560.5,3628.49,472296054,559874727936.0
2021-09-23,3651.27,3670.95,3632.28,3642.22,534995487,633218928640.0
2021-09-24,3637.87,3651.43,3607.79,3613.07,507304773,606788608000.0
2021-09-27,3625.96,3640.81,3559.92,3582.83,510802796,640673648640.0
2021-09-28,3577.89,3610.92,3568.82,3602.22,444168806,500081995776.0
2021-09-29,3573.52,3573.52,3518.05,3536.29,452511150,511106924544.0
2021-09-30,3541.93,3572.43,3541.93,3568.17,395629627,445734703104.0
2021-10-08,3609.09,3612.55,3571.73,3592.17,407161147,492964827136.0
2021-10-11,3600.36,3614.7,3586.75,3591.71,394361160,468673830912.0
2021-10-12,3581.3,3583.64,3515.14,3546.94,405393748,461983494144.0
2021-10-13,3543.49,3569.13,3515.65,3561.76,325050668,405020008448.0
2021-10-14,3555.11,3569.69,3547.18,3558.28,294969196,377519263744.0
2021-10-15,3551.99,3578.77,3542.69,3572.37,320292984,425924722688.0
2021-10-18,3571.05,3571.05,3539.48,3568.14,340950615,455787892736.0
2021-10-19,3562.3,3596.79,3560.62,3593.15,334197652,440181530624.0
2021-10-20,3583.24,3596.05,3574.3,3587.0,344245007,450482950144.0
2021-10-21,3590.05,3610.96,3576.35,3594.78,352310866,453571674112.0
2021-10-22,3594.75,3607.58,3578.76,3582.6,353157202,455441248256.0
2021-10-25,3574.26,3611.09,3564.21,3609.86,321196815,443961630720.0
2021-10-26,3612.83,3625.02,3589.71,3597.64,337278290,465179594752.0
2021-10-27,3589.86,3589.86,3553.13,3562.31,350620941,470777794560.0
2021-10-28,3548.7,3552.04,3509.49,3518.42,378171666,502982766592.0
2021-10-29,3519.33,3547.34,3502.8,3547.34,358809377,527231832064.0
2021-11-01,3530.4,3556.59,3519.29,3544.48,382251325,564100255744.0
2021-11-02,3543.38,3559.05,3477.66,3505.63,417563172,585519468544.0
2021-11-03,3501.11,3512.61,3480.49,3498.54,306607670,449115127808.0
2021-11-04,3505.89,3527.95,3503.01,3526.87,319440829,468829179904.0
2021-11-05,3520.21,3525.87,3491.46,3491.57,354533565,485823221760.0
2021-11-08,3491.97,3507.27,3484.24,3498.63,298183721,421968076800.0
2021-11-09,3507.11,3514.95,3489.04,3507.0,287315988,421200703488.0
2021-11-10,3498.94,3498.94,3448.44,3492.46,307030707,443112742912.0
2021-11-11,3486.45,3534.2,3482.83,3532.79,322087956,464803860480.0
2021-11-12,3534.15,3543.65,3527.39,3539.1,308683354,443398365184.0
2021-11-15,3542.9,3550.44,3521.29,3533.3,313017613,464065404928.0
2021-11-16,3530.46,3549.77,3517.81,3521.79,310399908,444700782592.0
2021-11-17,3518.56,3537.51,3513.52,3537.37,276735672,401552318464.0
2021-11-18,3531.49,3537.98,3513.11,3520.71,312426926,432898314240.0
2021-11-19,3519.28,3561.91,3517.65,3560.37,317989975,440593604608.0
2021-11-22,3562.76,3585.19,3562.75,3582.08,330009385,509123407872.0
2021-11-23,3580.51,3598.37,3577.36,3589.09,360011594,508083892224.0
2021-11-24,3590.02,3602.74,3575.29,3592.7,336775247,481020420096.0
2021-11-25,3593.39,3597.15,3579.53,3584.18,306451517,450558844928.0
2021-11-26,3576.11,3576.11,3554.88,3564.09,301000067,434625236992.0
2021-11-29,3528.67,3563.68,3526.36,3562.7,333618332,490038169600.0
2021-11-30,3570.75,3582.12,3546.36,3563.89,349187937,493605519360.0
2021-12-01,3561.89,3576.89,3558.69,3576.89,329873518,467522789376.0
2021-12-02,3573.25,3586.87,3567.14,3573.84,354041523,468424826880.0
2021-12-03,3576.45,3608.47,3573.21,3607.43,377551048,493565554688.0
2021-12-06,3615.24,3626.13,3586.81,3589.31,418676744,528229670912.0
2021-12-07,3611.22,3614.22,3572.57,3595.09,403842593,524119457792.0
2021-12-08,3602.82,3637.72,3591.99,3637.57,361036657,486034354176.0
2021-12-09,3641.16,3688.4,3638.7,3673.04,431918157,568529391616.0
2021-12-10,3654.37,3667.85,3651.35,3666.35,419988800,556324241408.0
2021-12-13,3686.94,3708.94,3678.06,3681.08,424092009,574187962368.0
2021-12-14,3669.81,3671.68,3654.66,3661.53,362171935,487468519424.0
2021-12-15,3655.05,3668.4,3645.24,3647.63,377477668,481134370816.0
2021-12-16,3648.93,3675.02,3644.66,3675.02,381329508,465911361536.0
2021-12-17,3670.26,3673.65,3631.66,3632.36,408487836,491952922624.0
2021-12-20,3620.04,3643.95,3589.36,3593.6,423851410,491828985856.0
2021-12-21,3591.45,3627.09,3591.45,3625.13,408184348,428379394048.0
2021-12-22,3632.68,3635.9,3616.55,3622.62,394825178,432451305472.0
2021-12-23,3625.47,3643.55,3618.05,3643.34,382925734,449988153344.0
2021-12-24,3645.39,3648.96,3612.07,3618.05,390347625,476261146624.0
2021-12-27,3613.05,3632.19,3601.94,3615.97,329235292,407482650624.0
2021-12-28,3619.64,3631.08,3607.36,3630.11,316202243,408761368576.0
2021-12-29,3630.92,3630.92,3596.32,3597.0,305131766,410425339904.0
2021-12-30,3596.49,3628.92,3595.5,3619.19,307839291,413947691008.0
2021-12-31,3626.24,3642.84,3624.94,3639.78,329681933,433489801216.0
2022-01-04,3649.15,3651.89,3610.09,3632.33,405027768,510251061248.0
2022-01-05,3628.26,3628.26,3583.47,3595.18,423902029,538963632128.0
2022-01-06,3581.22,3594.49,3559.88,3586.08,371540544,474284290048.0
2022-01-07,3588.99,3607.23,3577.1,3579.54,436306962,502891433984.0
2022-01-10,3572.74,3593.52,3555.13,3593.52,356222610,443400847360.0
2022-01-11,3589.9,3602.15,3562.75,3567.44,359761864,441300566016.0
2022-01-12,3578.16,3599.5,3572.1,3597.43,343132956,435817893888.0
2022-01-13,3601.03,3601.07,3555.16,3555.26,369368366,457005420544.0
2022-01-14,3544.07,3548.42,3519.32,3521.26,376937024,463197642752.0
2022-01-17,3522.09,3546.09,3519.43,3541.67,312886733,438272983040.0
2022-01-18,3541.89,3579.31,3531.33,3569.91,377146435,470832037888.0
2022-01-19,3567.63,3578.73,3541.66,3558.18,333235269,420763365376.0
2022-01-20,3556.23,3576.26,3540.55,3555.06,379509847,459701841920.0
2022-01-21,3546.75,3547.0,3514.89,3522.57,326534881,417768923136.0
2022-01-24,3508.24,3531.61,3500.14,3524.11,280268342,358009696256.0
2022-01-25,3509.28,3519.83,3433.06,3433.06,327353812,383727738880.0
2022-01-26,3442.69,3462.12,3417.76,3455.67,275122829,338312359936.0
2022-01-27,3456.1,3456.36,3392.02,3394.25,280606533,346533957632.0
2022-01-28,3407.59,3417.05,3356.56,3361.44,290855258,353774612480.0
2022-02-07,3407.76,3434.03,3407.76,3429.58,320485212,357140422656.0
2022-02-08,3428.54,3453.19,3390.46,3452.63,366093865,387969867776.0
2022-02-09,3450.82,3484.74,3444.08,3479.95,350249935,393719988224.0
2022-02-10,3481.91,3488.86,3464.22,3485.91,355666268,404969418752.0
2022-02-11,3472.28,3500.15,3459.33,3462.95,361356091,426297925632.0
2022-02-14,3451.85,3457.26,3415.45,3428.88,315274447,361677856768.0
2022-02-15,3428.04,3447.49,3421.64,3446.09,275559322,341638877184.0
2022-02-16,3457.07,3475.06,3453.8,3465.83,274993912,325563412480.0
2022-02-17,3464.21,3480.97,3454.28,3468.04,297262682,355783127040.0
2022-02-18,3451.63,3490.76,3447.03,3490.76,295149962,327220391936.0
2022-02-21,3488.41,3492.2,3471.69,3490.61,301541740,345398587392.0
2022-02-22,3473.29,3473.39,3437.67,3457.15,326279483,387678928896.0
2022-02-23,3458.51,3490.76,3458.18,3489.15,325604895,415630340096.0
2022-02-24,3474.37,3486.98,3400.21,3429.96,488354900,569794043904.0
2022-02-25,3445.34,3480.18,3440.93,3451.41,377542556,441659490304.0
2022-02-28,3450.32,3462.31,3425.52,3462.31,345838387,413804527616.0
2022-03-01,3471.36,3491.13,3465.72,3488.83,326001661,412562472960.0
2022-03-02,3478.29,3486.62,3467.0,3484.19,329367685,380143816704.0
2022-03-03,3495.93,3500.29,3473.34,3481.11,412594289,443621777408.0
2022-03-04,3459.98,3474.88,3437.7,3447.65,393526582,430669053952.0
2022-03-07,3438.56,3438.56,3360.74,3372.86,393589000,458156896256.0
2022-03-08,3372.55,3383.63,3287.34,3293.53,415926766,485623582720.0
2022-03-09,3303.71,3321.48,3147.68,3256.39,466285568,519833300992.0
2022-03-10,3312.18,3326.58,3291.24,3296.09,378336376,466084007936.0
2022-03-11,3259.32,3315.66,3217.42,3309.75,384067128,458687053824.0
2022-03-14,3271.89,3297.8,3223.53,3223.53,337968686,418055598080.0
2022-03-15,3192.36,3196.92,3063.97,3063.97,465037164,508158410752.0
2022-03-16,3107.67,3177.79,3023.3,3170.71,444667190,522305343488.0
2022-03-17,3215.01,3260.17,3202.93,3215.04,420813458,532549484544.0
2022-03-18,3207.15,3260.78,3197.36,3251.07,373035612,428415082496.0
2022-03-21,3255.62,3267.5,3223.39,3253.69,354228488,421076291584.0
2022-03-22,3249.54,3279.11,3239.53,3259.86,361196157,402798964736.0
2022-03-23,3264.79,3279.89,3251.98,3271.03,349875369,405422034944.0
2022-03-24,3256.06,3266.89,3236.66,3250.26,329006653,390727516160.0
2022-03-25,3247.16,3257.11,3211.64,3212.24,340020006,389770395648.0
2022-03-28,3185.17,3230.22,3159.83,3214.5,344994872,374472282112.0
2022-03-29,3216.01,3229.18,3196.46,3203.94,316273649,363964469248.0
2022-03-30,3217.59,3266.6,3216.3,3266.6,366753677,413008941056.0
2022-03-31,3256.14,3272.04,3246.06,3252.2,398439933,428089032704.0
2022-04-01,3234.67,3287.23,3226.3,3282.72,378210460,405675716608.0
2022-04-06,3269.43,3288.11,3255.69,3283.43,429642780,433556393984.0
2022-04-07,3267.81,3290.26,3236.48,3236.7,402626660,398081847296.0
2022-04-08,3239.88,3257.09,3208.35,3251.85,413826798,414037258240.0
2022-04-11,3239.86,3239.86,3156.51,3167.13,424160184,435129503744.0
2022-04-12,3165.12,3214.54,3140.9,3213.33,418321923,422455848960.0
2022-04-13,3199.8,3225.47,3183.53,3186.82,391156925,398216900608.0
2022-04-14,3203.63,3240.0,3200.23,3225.64,371242345,401191632896.0
2022-04-15,3210.7,3229.87,3200.13,3211.24,407842081,413498818560.0
2022-04-18,3185.94,3204.03,3166.98,3195.52,347365123,366380806144.0
2022-04-19,3192.09,3207.83,3174.71,3194.03,339944105,362769874944.0
2022-04-20,3189.89,3191.83,3142.05,3151.05,362047037,373572706304.0
2022-04-21,3138.43,3160.9,3069.68,3079.81,391934694,396542033920.0
2022-04-22,3058.4,3105.66,3049.36,3086.92,342000563,348793630720.0
2022-04-25,3034.27,3043.82,2928.51,2928.51,433606108,427077210112.0
2022-04-26,2930.45,2957.68,2878.26,2886.43,401615155,395985960960.0
2022-04-27,2866.82,2959.18,2863.65,2958.28,423060191,422928347136.0
2022-04-28,2945.81,2991.51,2936.79,2975.48,375371776,388743020544.0
2022-04-29,2986.06,3048.49,2968.33,3047.06,423932795,440422727680.0
2022-05-05,3044.85,3082.23,3042.12,3067.76,383072876,409352003584.0
2022-05-06,3011.32,3030.69,2992.72,3001.56,343264218,346214395904.0
2022-05-09,2990.2,3015.94,2983.61,3004.14,292061555,299983257600.0
2022-05-10,2965.78,3043.78,2957.4,3035.84,370660979,384012599296.0
2022-05-11,3035.39,3100.9,3034.67,3058.7,423991913,472963383296.0
2022-05-12,3044.8,3072.16,3032.95,3054.99,344440476,368879652864.0
2022-05-13,3068.03,3086.1,3059.25,3084.28,331737851,340942192640.0
2022-05-16,3100.55,3102.58,3063.4,3073.75,338108493,348957704192.0
2022-05-17,3076.5,3093.7,3057.64,3093.7,330356536,351671300096.0
2022-05-18,3095.89,3105.84,3071.31,3085.98,315037924,338849161216.0
2022-05-19,3046.71,3096.96,3042.67,3096.96,336600750,360018210816.0
2022-05-20,3107.09,3146.57,3107.09,3146.57,372336635,415306219520.0
2022-05-23,3150.49,3150.51,3127.9,3146.86,353376325,381178568704.0
2022-05-24,3149.06,3153.13,3070.93,3070.93,416312159,438605377536.0
2022-05-25,3070.17,3107.63,3069.95,3107.46,342259228,342322167808.0
2022-05-26,3111.48,3133.28,3079.48,3123.11,370305518,377364656128.0
2022-05-27,3135.03,3151.05,3112.54,3130.24,359463867,372631597056.0
2022-05-30,3141.96,3150.89,3123.15,3149.06,349362286,376667693056.0
2022-05-31,3149.94,3188.6,3142.0,3186.43,374523264,432528023552.0
2022-06-01,3179.69,3190.61,3160.04,3182.16,365664433,402419941376.0
2022-06-02,3170.31,3197.28,3163.76,3195.46,361770632,413729263616.0
2022-06-06,3196.96,3237.07,3181.65,3236.37,422027835,517314347008.0
2022-06-07,3235.42,3253.09,3222.64,3241.76,402203220,482203197440.0
2022-06-08,3245.02,3266.63,3216.01,3263.79,434183270,508408532992.0
2022-06-09,3259.49,3270.56,3223.48,3238.95,422728371,468458213376.0
2022-06-10,3214.18,3286.62,3210.81,3284.83,439865731,504153681920.0
2022-06-13,3256.28,3272.99,3229.31,3255.55,438578312,511966171136.0
2022-06-14,3224.21,3289.13,3195.82,3288.91,450388188,513844989952.0
2022-06-15,3289.1,3358.55,3288.85,3305.41,550584131,621972529152.0
2022-06-16,3306.84,3319.69,3277.53,3285.38,433220869,506053992448.0
2022-06-17,3265.51,3323.28,3262.89,3316.79,395300700,497252171776.0
2022-06-20,3315.78,3333.9,3292.93,3315.43,413460411,527751757824.0
2022-06-21,3313.79,3329.39,3279.83,3306.72,394456891,471793643520.0
2022-06-22,3309.12,3311.02,3266.54,3267.2,375529782,440850993152.0
2022-06-23,3269.05,3320.15,3262.29,3320.15,400614211,474200109056.0
2022-06-24,3324.74,3356.71,3322.95,3349.75,390819735,509615996928.0
2022-06-27,3364.0,3393.31,3364.0,3379.19,414117737,541573844992.0
2022-06-28,3377.68,3412.1,3358.87,3409.21,412056517,525512511488.0
2022-06-29,3399.68,3414.65,3358.47,3361.52,440573560,561306976256.0
2022-06-30,3358.93,3417.01,3358.93,3398.62,381243177,510307205120.0
2022-07-01,3400.26,3404.05,3378.36,3387.64,350489298,458435289088.0
2022-07-04,3381.82,3405.62,3364.09,3405.43,357737920,489347956736.0
2022-07-05,3411.13,3424.84,3372.06,3404.03,411699671,516605702144.0
2022-07-06,3391.03,3391.03,3333.1,3355.35,384630047,487474667520.0
2022-07-07,3353.13,3375.86,3332.31,3364.4,334400202,438203113472.0
2022-07-08,3380.37,3386.31,3354.12,3356.08,322921073,421883932672.0
2022-07-11,3341.1,3341.1,3297.01,3313.58,342669194,424942268416.0
2022-07-12,3307.22,3319.25,3277.08,3281.47,334600539,410950560718.3
2022-07-13,3279.6,3297.02,3266.48,3284.29,331845669,394134617511.0
2022-07-14,3277.45,3299.25,3261.49,3281.74,355926432,431969353547.9
2022-07-15,3261.38,3288.92,3228.06,3228.06,380156371,460877019141.4
2022-07-18,3235.09,3278.47,3226.23,3278.1,348346022,423357272299.7
2022-07-19,3278.72,3283.93,3256.02,3279.43,315651918,396042358323.1
2022-07-20,3291.55,3308.35,3287.74,3304.72,301515123,383422746838.4
2022-07-21,3297.66,3300.53,3272.0,3272.0,332358707,420696576741.5
2022-07-22,3276.2,3293.64,3246.73,3269.97,300690066,383576011593.0
2022-07-25,3269.71,3273.18,3243.03,3250.39,271245744,348281870965.0
2022-07-26,3254.19,3282.41,3246.04,3277.44,259468676,334421587036.2
2022-07-27,3271.78,3282.57,3265.73,3275.76,249131485,339768241053.0
2022-07-28,3287.5,3305.71,3277.11,3282.58,288055056,395925555548.6
2022-07-29,3282.81,3294.8,3246.37,3253.24,307331047,410553093404.4
2022-08-01,3246.62,3264.3,3225.55,3259.96,292204805,399000239744.0
2022-08-02,3231.26,3231.26,3155.19,3186.27,394176168,475962696161.0
2022-08-03,3188.89,3217.55,3159.46,3163.67,324885673,455409764942.7
2022-08-04,3179.43,3191.0,3155.7,3189.04,260898943,371146916077.8
2022-08-05,3195.23,3228.89,3184.45,3227.03,274683729,414055641493.2
2022-08-08,3218.85,3237.97,3214.08,3236.93,254268050,392277178489.9
2022-08-09,3235.74,3248.77,3227.54,3247.43,259605467,391415560267.1
2022-08-10,3242.36,3253.17,3217.81,3230.02,257583592,390066120147.4
2022-08-11,3243.47,3281.67,3237.9,3281.67,300605376,427399149616.3
2022-08-12,3275.77,3288.22,3272.84,3276.89,299932928,403906156288.7
2022-08-15,3268.37,3286.89,3261.82,3276.09,287106773,387257744646.1
2022-08-16,3278.68,3295.02,3271.57,3277.88,303592274,409210082291.4
2022-08-17,3282.1,3296.0,3263.35,3292.53,326124759,423859011368.3
2022-08-18,3286.37,3289.14,3270.56,3277.54,301694778,418075199680.1
2022-08-19,3275.62,3286.49,3258.06,3258.08,333535471,457863361108.2
2022-08-22,3249.7,3278.17,3247.19,3277.79,314537869,427653295825.9
2022-08-23,3274.43,3284.6,3262.63,3276.22,316566356,418311743962.9
2022-08-24,3279.17,3281.88,3212.39,3215.2,366140577,458360278355.2
2022-08-25,3223.46,3248.35,3199.12,3246.25,336196165,419464277028.1
2022-08-26,3250.63,3266.27,3232.28,3236.22,309927554,397556251308.6
2022-08-29,3203.1,3240.73,3199.0,3240.73,297015097,363729979752.0
2022-08-30,3240.18,3243.75,3212.63,3227.22,294318914,353775673849.4
2022-08-31,3216.53,3232.02,3184.39,3202.14,344408829,431758007416.9
2022-09-01,3196.54,3214.56,3181.63,3184.98,274660541,336978641198.7
2022-09-02,3189.64,3198.28,3173.79,3186.48,250456911,313337604115.4
2022-09-05,3183.95,3199.91,3172.04,3199.91,280675633,339591536253.1
2022-09-06,3207.93,3244.64,3203.82,3243.45,318869689,378636070327.5
2022-09-07,3232.14,3253.77,3227.82,3246.29,301014466,368608741474.6
2022-09-08,3245.56,3253.7,3233.8,3235.59,281680358,328657091591.2
2022-09-09,3241.18,3266.2,3236.51,3262.05,283827665,338566713309.5
2022-09-13,3272.05,3278.17,3259.66,3263.8,276189823,339021890619.5
2022-09-14,3224.68,3250.8,3221.96,3237.54,255193365,306452822218.0
2022-09-15,3248.97,3254.18,3174.39,3199.92,325206121,392490591521.4
2022-09-16,3189.83,3191.83,3126.4,3126.4,316475893,355085342917.9
2022-09-19,3122.75,3135.56,3101.22,3115.6,249113662,289918817139.3
2022-09-20,3127.84,3140.03,3114.04,3122.41,219942534,268600300237.6
2022-09-21,3116.01,3129.82,3091.3,3117.18,232972496,269513754503.3
2022-09-22,3098.77,3125.68,3092.82,3108.91,221140689,269978597649.8
2022-09-23,3106.81,3124.66,3072.24,3088.37,243057719,285552915205.6
2022-09-26,3067.57,3102.65,3048.51,3051.23,262698628,293536440838.5
2022-09-27,3056.39,3094.04,3048.37,3093.86,232735303,290065702696.3
2022-09-28,3089.1,3089.1,3044.86,3045.07,230098650,276039741572.0
2022-09-29,3067.47,3076.76,3026.08,3041.2,230030416,276441059417.7
2022-09-30,3042.17,3054.61,3021.93,3024.39,204115336,240262768408.9
2022-10-10,3026.94,3029.45,2968.28,2974.15,243404828,290120024166.9
2022-10-11,2978.06,2986.91,2953.5,2979.79,208635950,246715637025.1
2022-10-12,2976.72,3025.51,2934.09,3025.51,248013557,306871328764.9
2022-10-13,3008.3,3036.25,3004.5,3016.36,249683281,317764786734.7
2022-10-14,3035.03,3084.27,3035.03,3071.99,277304061,372050694578.9
2022-10-17,3060.52,3087.19,3052.71,3084.94,262608618,349214469685.4
2022-10-18,3094.93,3099.92,3074.22,3080.96,245634757,326002905366.0
2022-10-19,3073.26,3081.39,3044.38,3044.38,230895310,313108348652.4
2022-10-20,3029.3,3070.26,3013.69,3035.05,244736145,340091337759.5
2022-10-21,3038.04,3055.42,3026.96,3038.93,245254122,315110985796.8
2022-10-24,3034.75,3064.42,2965.17,2977.56,298085356,394725942512.6
2022-10-25,2969.16,3001.72,2944.26,2976.28,255554160,337519280757.3
2022-10-26,2977.56,3028.35,2977.56,2999.5,268689492,372845274629.2
2022-10-27,3005.04,3017.26,2981.69,2982.9,265608254,381330371123.0
2022-10-28,2967.02,2974.24,2908.98,2915.93,292531308,385261361877.7
2022-10-31,2893.2,2926.02,2885.09,2893.48,301994203,396654162133.5
2022-11-01,2899.5,2969.2,2896.76,2969.2,319809578,431015902874.1
2022-11-02,2960.65,3019.05,2954.95,3003.37,325078248,457581522044.7
2022-11-03,2981.2,3003.72,2977.72,2997.81,259348567,370653283763.4
2022-11-04,2997.0,3081.59,2997.0,3070.8,329806740,458770093694.7
2022-11-07,3062.86,3088.19,3054.46,3077.82,320567097,424429131518.9
2022-11-08,3077.31,3078.28,3047.46,3064.49,256522007,338966942021.5
2022-11-09,3064.46,3073.92,3046.19,3048.17,235637324,306860895708.1
2022-11-10,3031.69,3047.98,3022.85,3036.13,270371798,335925917722.4
2022-11-11,3099.65,3117.74,3070.3,3087.29,409604534,513784597274.3
2022-11-14,3100.87,3121.41,3075.22,3083.4,361788216,454546731409.1
2022-11-15,3081.13,3135.59,3074.5,3134.08,331470577,446460007889.4
2022-11-16,3133.65,3145.75,3115.35,3119.98,303429844,386992905050.7
2022-11-17,3110.96,3115.44,3087.17,3115.43,287028407,377900109272.6
2022-11-18,3116.73,3126.71,3096.89,3097.24,299954276,389207386467.2
2022-11-21,3078.06,3085.24,3056.17,3085.04,256045549,345025496474.6
2022-11-22,3084.23,3118.12,3076.32,3088.94,327565927,374142821130.4
2022-11-23,3084.74,3108.24,3075.32,3096.91,326155449,356400844278.1
2022-11-24,3104.1,3113.24,3084.86,3089.31,267482928,308190185804.6
2022-11-25,3085.46,3111.42,3077.97,3101.69,311431979,325426338447.2
2022-11-28,3055.29,3080.18,3034.7,3078.55,305811284,338549350774.8
2022-11-29,3096.11,3152.0,3096.11,3149.75,391449748,439102619264.2
2022-11-30,3141.4,3158.57,3137.37,3151.34,372718321,404504379283.4
2022-12-01,3187.99,3198.41,3164.53,3165.47,387013056,462184974022.8
2022-12-02,3160.58,3170.9,3149.84,3156.14,307812484,366318678808.3
2022-12-05,3181.92,3213.44,3177.06,3211.81,447398437,479203617373.5
2022-12-06,3200.28,3224.82,3195.08,3212.53,373590296,435248700179.1
2022-12-07,3204.94,3226.08,3188.67,3199.62,354113078,402146133137.5
2022-12-08,3196.02,3206.72,3187.26,3197.35,320969294,364935622700.5
2022-12-09,3197.12,3212.11,3182.91,3206.95,373343209,447750222046.8
2022-12-12,3195.87,3196.72,3176.58,3179.04,333381792,394919615249.5
2022-12-13,3179.44,3187.2,3171.48,3176.33,285821200,333539763009.7
2022-12-14,3178.55,3189.84,3168.59,3176.53,265623569,333950671128.2
2022-12-15,3177.2,3179.1,3158.45,3168.65,243023333,305204998562.4
2022-12-16,3156.13,3175.35,3151.61,3167.86,259771795,307227738354.5
2022-12-19,3165.31,3170.26,3096.1,3107.12,278513541,307934621461.9
2022-12-20,3098.95,3100.75,3061.51,3073.77,218836766,261716073427.2
2022-12-21,3078.33,3085.8,3060.55,3068.41,189067920,226852792581.1
2022-12-22,3085.8,3096.24,3044.6,3054.43,223639537,266315477432.4
2022-12-23,3038.84,3061.87,3031.54,3045.87,192020305,233335246195.6
2022-12-26,3048.2,3071.84,3047.35,3065.56,206503893,255470265306.8
2022-12-27,3077.75,3098.08,3074.31,3095.57,222218322,267946785441.9
2022-12-28,3088.62,3098.65,3079.43,3087.4,224554151,260508525682.6
2022-12-29,3076.73,3086.0,3064.46,3073.7,215570676,253916981220.2
2022-12-30,3084.52,3096.31,3082.2,3089.26,217545344,250355950864.6
2023-01-03,3087.51,3119.86,3073.05,3116.51,281370362,331392138948.0
2023-01-04,3117.57,3129.09,3109.45,3123.52,273313626,316391228728.0
2023-01-05,3132.76,3159.43,3130.23,3155.22,257003018,335635934527.5
2023-01-06,3155.07,3170.74,3151.84,3157.64,257380255,338539843686.6
2023-01-09,3169.37,3183.58,3165.43,3176.08,258115218,342693770974.1
2023-01-10,3178.02,3178.16,3165.14,3169.51,232984175,310357698608.4
2023-01-11,3172.38,3184.76,3160.89,3161.84,237742869,309248892854.4
2023-01-12,3167.27,3171.59,3153.4,3163.45,216671305,275371843343.4
2023-01-13,3170.35,3195.31,3167.51,3195.31,220226897,288062499132.3
2023-01-16,3198.52,3251.37,3197.32,3227.59,306749549,413219640959.9
2023-01-17,3229.44,3231.26,3211.76,3224.24,226592230,302611778528.6
2023-01-18,3227.59,3234.82,3220.37,3224.41,212109730,266068176682.4
2023-01-19,3221.52,3240.28,3210.38,3240.28,226465030,296815557255.9
2023-01-20,3247.2,3267.06,3247.2,3264.81,273219182,329028168424.9
2023-01-30,3308.87,3310.49,3266.76,3269.32,353325829,453177014110.3
2023-01-31,3266.14,3277.25,3252.01,3255.67,300162957,375260749568.7
2023-02-01,3262.2,3284.92,3245.41,3284.92,339509410,413395187748.5
2023-02-02,3291.78,3295.76,3272.41,3285.67,333413133,428662803430.2
2023-02-03,3275.66,3275.66,3235.35,3263.41,293342814,378648522965.3
2023-02-06,3244.7,3250.35,3226.21,3238.7,267053107,349127264894.7
2023-02-07,3245.23,3250.03,3233.83,3248.09,250946450,321257641942.9
2023-02-08,3251.5,3257.11,3230.44,3232.11,234530481,293332736125.8
2023-02-09,3227.73,3270.38,3225.77,3270.38,254754529,351760831733.2
2023-02-10,3266.44,3269.99,3247.23,3260.67,260626926,341749872023.9
2023-02-13,3256.99,3285.09,3252.63,3284.16,297213188,397011413405.7
2023-02-14,3288.97,3293.73,3279.19,3293.28,270974168,355558052442.5
2023-02-15,3294.02,3296.2,3274.55,3280.49,269939123,357621816130.5
2023-02-16,3281.74,3308.83,3231.34,3249.03,380863545,468382512227.4
2023-02-17,3244.73,3262.47,3223.26,3224.02,278451237,355625842542.7
2023-02-20,3230.47,3291.04,3225.84,3290.34,325007733,397720315305.1
2023-02-21,3291.63,3308.79,3282.44,3306.52,324409449,390691271556.0
2023-02-22,3292.05,3307.03,3286.72,3291.15,255403985,320515620001.2
2023-02-23,3293.52,3307.44,3275.36,3287.48,262324304,334364534378.3
2023-02-24,3287.26,3288.39,3253.97,3267.16,234206306,308004347731.0
2023-02-27,3257.0,3276.58,3251.72,3258.03,242855344,324605090924.8
2023-02-28,3265.74,3280.42,3246.14,3279.61,251625032,318030137286.4
2023-03-01,3279.14,3315.16,3272.04,3312.35,318398704,384387413830.3
2023-03-02,3308.01,3320.74,3306.46,3310.65,328520016,389390626878.8
2023-03-03,3314.77,3330.6,3302.62,3328.39,343996919,388860006704.9
2023-03-06,3332.02,3333.06,3308.73,3322.03,340530446,431616811145.0
2023-03-07,3320.21,3342.86,3284.41,3285.1,389957956,430081145229.3
2023-03-08,3271.88,3283.25,3263.69,3283.25,260443547,312822175700.7
2023-03-09,3285.94,3289.06,3260.0,3276.09,264021859,328825695492.5
2023-03-10,3255.51,3262.15,3229.5,3230.08,281135410,342198577588.1
2023-03-13,3228.12,3268.7,3228.12,3268.7,294928087,364414206511.7
2023-03-14,3261.92,3262.0,3216.99,3245.31,319906033,409976276120.9
2023-03-15,3261.03,3273.12,3256.86,3263.31,305168798,373276384409.5
2023-03-16,3244.47,3257.43,3224.72,3226.89,327389632,392910208396.7
2023-03-17,3245.26,3279.92,3240.16,3250.55,343001022,431983057736.5
2023-03-20,3253.93,3267.99,3231.65,3234.91,392517391,480292404943.9
2023-03-21,3240.84,3256.0,3237.89,3255.65,301810779,388047055874.8
2023-03-22,3263.41,3279.39,3255.74,3265.75,290840462,382509081309.4
2023-03-23,3258.78,3286.65,3252.99,3286.65,306118393,426564792579.1
2023-03-24,3282.74,3282.74,3260.84,3265.65,324513337,430761598863.2
2023-03-27,3261.82,3261.82,3229.7,3251.4,337861206,453585768740.5
2023-03-28,3256.6,3264.1,3241.74,3245.38,295682660,396882943367.8
2023-03-29,3253.62,3254.56,3229.58,3240.06,296900508,405542776865.4
2023-03-30,3243.07,3263.74,3220.98,3261.25,299898295,401634271105.2
2023-03-31,3263.41,3278.42,3260.04,3272.86,283613746,396689286254.3
2023-04-03,3277.34,3299.73,3276.42,3296.4,357676775,513390565537.0
2023-04-04,3297.18,3312.56,3290.99,3312.56,385871617,555811064015.5
2023-04-06,3302.75,3314.53,3296.06,3312.63,327155424,506500167165.2
2023-04-07,3312.48,3328.85,3308.06,3327.65,283032247,436372798925.8
2023-04-10,3331.51,3332.72,3309.92,3315.36,340819845,516434325402.1
2023-04-11,3317.08,3317.45,3298.25,3313.57,320566055,466895849254.6
2023-04-12,3316.86,3330.71,3315.4,3327.18,343025315,482066170134.8
2023-04-13,3321.27,3334.47,3309.25,3318.36,347862106,477587943379.6
2023-04-14,3326.37,3340.08,3316.81,3338.15,338299275,478345417461.3
2023-04-17,3337.06,3385.61,3336.39,3385.61,402809926,523790271022.3
2023-04-18,3379.23,3396.17,3375.78,3393.33,348399486,474287388944.2
2023-04-19,3391.35,3394.96,3364.64,3370.13,346123443,476496941017.2
2023-04-20,3367.05,3371.37,3344.02,3367.03,350354965,499672394215.6
2023-04-21,3364.0,3367.61,3301.26,3301.26,387395098,530517857771.7
2023-04-24,3300.81,3303.09,3264.93,3275.41,354255626,473265986268.8
2023-04-25,3276.4,3288.57,3229.45,3264.87,380895729,494240131388.3
2023-04-26,3255.22,3277.98,3239.99,3264.1,357917842,480418149402.8
2023-04-27,3256.23,3299.3,3253.11,3285.88,341590534,466175350420.4
2023-04-28,3283.12,3324.88,3283.12,3323.27,401554785,514904620687.7
2023-05-04,3306.48,3352.75,3302.03,3350.46,483364916,550494850346.7
2023-05-05,3350.65,3364.14,3321.19,3334.5,436504494,499294430532.3
2023-05-08,3340.99,3400.18,3340.99,3395.0,534103659,564661993453.0
2023-05-09,3402.39,3418.95,3356.12,3357.67,573013309,619108477501.3
2023-05-10,3347.7,3349.72,3305.25,3319.15,451739731,489553667296.5
2023-05-11,3323.66,3333.25,3307.29,3309.55,354258271,401313953404.3
2023-05-12,3304.46,3319.13,3271.43,3272.36,347314983,387081199285.3
2023-05-15,3269.88,3310.74,3235.87,3310.74,388045887,431706863269.3
2023-05-16,3310.16,3317.9,3282.49,3290.99,322479410,385386011202.3
2023-05-17,3281.97,3298.52,3269.89,3284.23,285744050,340482661497.5
2023-05-18,3288.41,3313.86,3284.17,3297.32,309967472,368435070988.2
2023-05-19,3288.89,3302.34,3268.22,3283.54,285404064,359507956518.1
2023-05-22,3278.6,3308.53,3276.54,3296.47,273889998,342448401630.5
2023-05-23,3294.79,3298.23,3246.24,3246.24,275279083,324667932872.9
2023-05-24,3237.7,3237.7,3204.38,3204.75,288720257,342677325734.6
2023-05-25,3197.36,3207.02,3168.57,3201.26,283588925,347709231730.5
2023-05-26,3198.88,3220.77,3179.82,3212.5,261700479,333319265973.1
2023-05-29,3219.76,3230.97,3208.96,3221.45,297389487,377875996064.0
2023-05-30,3214.67,3230.63,3186.63,3224.21,303532460,376622572865.1
2023-05-31,3214.66,3216.36,3190.27,3204.56,294573338,384999190215.7
2023-06-01,3196.15,3225.09,3189.52,3204.63,312330759,400981483177.6
2023-06-02,3212.45,3233.99,3211.74,3230.07,294667098,377507927729.1
2023-06-05,3231.81,3244.18,3221.63,3232.44,278060203,357810090574.8
2023-06-06,3228.41,3247.35,3189.27,3195.34,308285872,387492228835.7
2023-06-07,3197.47,3210.33,3188.01,3197.76,258063400,331083866651.7
2023-06-08,3194.83,3225.53,3180.54,3213.59,293530741,353551633155.6
2023-06-09,3213.03,3231.41,3206.1,3231.41,314155501,413341768412.7
2023-06-12,3225.3,3239.44,3210.71,3228.83,313784444,403241619623.4
2023-06-13,3223.9,3235.09,3215.5,3233.67,280628454,377193491389.4
2023-06-14,3238.12,3248.46,3226.77,3228.99,303537260,404009517761.0
2023-06-15,3230.45,3252.98,3229.15,3252.98,313255752,437522981548.2
2023-06-16,3256.3,3276.55,3255.5,3273.33,326281846,444375632395.7
2023-06-19,3271.16,3271.16,3251.78,3255.81,327753047,455226178218.8
2023-06-20,3252.54,3252.84,3237.79,3240.36,298260596,433243981459.9
2023-06-21,3230.11,3236.36,3197.9,3197.9,294377372,406234561359.8
2023-06-26,3177.23,3181.08,3144.25,3150.62,308129811,398859657407.8
2023-06-27,3153.31,3194.41,3148.27,3189.44,287604327,354487810600.4
2023-06-28,3183.49,3192.66,3157.12,3189.38,276231948,360118192478.4
2023-06-29,3185.42,3196.5,3179.53,3182.38,250340074,340636710911.3
2023-06-30,3178.92,3212.99,3177.99,3202.06,265379873,359739563354.1
2023-07-03,3209.16,3246.86,3209.16,3243.98,312371395,421353472356.4
2023-07-04,3241.23,3246.96,3233.99,3245.35,279248721,387115944059.6
2023-07-05,3240.05,3241.84,3218.6,3222.95,264016426,351234984740.6
2023-07-06,3215.86,3229.48,3199.72,3205.57,246119032,320808312589.1
2023-07-07,3197.47,3212.05,3189.21,3196.61,255688469,313607453159.0
2023-07-10,3208.73,3216.53,3192.66,3203.7,236560367,311462495601.4
2023-07-11,3211.12,3221.68,3200.38,3221.37,227600467,309950254679.6
2023-07-12,3220.38,3224.33,3193.44,3196.13,271423386,365433182293.6
2023-07-13,3202.7,3238.47,3202.7,3236.48,276620508,373242517824.7
2023-07-14,3240.97,3248.38,3234.0,3237.7,273327494,368337829107.5
2023-07-17,3219.02,3219.02,3195.89,3209.63,250208376,322074497062.9
2023-07-18,3206.79,3210.25,3190.0,3197.82,235030259,307331649309.9
2023-07-19,3195.01,3204.36,3181.56,3198.84,217355860,281206091159.0
2023-07-20,3201.91,3209.06,3165.67,3169.52,238932891,302376024110.2
2023-07-21,3163.42,3185.64,3157.33,3167.75,225331363,280673190404.2
2023-07-24,3157.47,3178.73,3151.13,3164.16,216595211,260119088909.0
2023-07-25,3201.46,3231.75,3201.46,3231.52,348617714,410846601110.5
2023-07-26,3228.09,3229.89,3212.88,3223.03,317206051,328306929373.1
2023-07-27,3225.48,3245.6,3210.47,3216.67,327118867,332145068267.5
2023-07-28,3206.74,3280.28,3200.99,3275.93,411068434,436923617408.4
2023-07-31,3287.21,3322.13,3281.01,3291.04,459030994,511505348417.9
2023-08-01,3288.76,3305.34,3279.57,3290.95,459890833,441023318588.5
2023-08-02,3281.86,3290.82,3252.3,3261.69,405341499,388952703973.5
2023-08-03,3254.57,3280.86,3247.27,3280.46,384691317,389530671967.1
2023-08-04,3296.09,3315.05,3281.73,3288.08,470927697,497188089389.3
2023-08-07,3276.78,3276.78,3258.54,3268.83,360341484,393056934181.5
2023-08-08,3260.72,3274.52,3246.67,3260.62,316520733,355750325340.5
2023-08-09,3251.15,3257.08,3240.29,3244.49,271218538,309778299573.6
2023-08-10,3242.21,3257.03,3234.12,3254.56,287412142,307263291733.2
2023-08-11,3254.48,3254.48,3189.25,3189.25,330137750,339187129840.7
2023-08-14,3159.71,3180.51,3141.66,3178.43,299840327,322632054396.5
2023-08-15,3180.56,3186.23,3147.35,3176.18,273251922,300827985374.6
2023-08-16,3164.7,3176.63,3149.72,3150.13,281728292,303611332638.4
2023-08-17,3137.35,3167.45,3123.25,3163.74,294692586,320785474107.6
2023-08-18,3165.1,3179.12,3131.95,3131.95,294390352,320449006936.7
2023-08-21,3125.99,3134.96,3092.98,3092.98,265753423,293721061621.2
2023-08-22,3103.78,3126.78,3074.53,3120.33,309316335,348637687606.8
2023-08-23,3116.27,3116.38,3077.61,3078.4,272244124,297986364377.0
2023-08-24,3085.91,3106.18,3072.95,3082.24,300024637,332447831261.6
2023-08-25,3068.62,3085.05,3053.04,3064.07,293347686,317757173399.7
2023-08-28,3219.04,3219.04,3089.12,3098.64,485607764,517234120908.6
2023-08-29,3091.94,3145.76,3090.44,3135.89,398875780,443979436975.1
2023-08-30,3144.41,3153.69,3126.9,3137.14,347511867,414729469599.3
2023-08-31,3134.55,3139.98,3113.95,3119.88,313448242,362507128776.7
2023-09-01,3126.02,3143.85,3123.19,3133.25,292310992,334739632924.7
2023-09-04,3145.94,3177.06,3143.38,3177.06,366391140,404500273017.5
2023-09-05,3169.74,3169.74,3150.08,3154.37,294061849,342760613428.0
2023-09-06,3147.14,3162.15,3136.9,3158.08,267002230,324001129693.3
2023-09-07,3152.2,3152.27,3120.82,3122.35,269264733,317186963334.0
2023-09-08,3114.23,3126.04,3104.67,3116.72,228125064,270006714934.3
2023-09-11,3119.61,3155.1,3113.82,3142.78,290442917,351883735976.6
2023-09-12,3140.34,3147.51,3134.32,3137.06,234672051,281897501760.6
2023-09-13,3137.77,3143.76,3106.97,3123.07,249701038,282015557210.7
2023-09-14,3124.85,3135.03,3111.86,3126.55,263990138,281641855533.1
2023-09-15,3133.59,3141.96,3107.45,3117.74,292026365,326091455871.6
2023-09-18,3110.44,3128.7,3098.5,3125.93,259444257,299644725427.4
2023-09-19,3123.99,3131.13,3113.53,3124.96,253652761,274062664356.7
2023-09-20,3118.67,3122.13,3108.16,3108.57,228124462,243019998657.4
2023-09-21,3103.18,3113.49,3084.7,3084.7,228659100,243536277536.6
2023-09-22,3084.76,3132.56,3078.8,3132.43,285978351,321443778943.2
2023-09-25,3131.21,3131.21,3112.15,3115.61,258071885,294635829637.9
2023-09-26,3114.02,3120.29,3102.27,3102.27,222644313,270006131018.9
2023-09-27,3104.04,3125.45,3103.84,3107.32,240495830,293421022407.0
2023-09-28,3117.75,3121.84,3105.94,3110.48,236329981,288396222754.4
2023-10-09,3100.0,3103.36,3072.64,3096.92,264422205,302662162123.8
2023-10-10,3104.37,3109.98,3073.19,3075.24,255327379,293653291716.5
2023-10-11,3085.7,3095.66,3071.94,3078.96,259918692,326562386170.6
2023-10-12,3101.71,3109.99,3092.18,3107.9,274827998,325865894368.3
2023-10-13,3092.0,3094.92,3080.55,3088.1,255085235,309538085324.9
2023-10-16,3091.06,3091.13,3063.69,3073.81,263882363,314394203029.7
2023-10-17,3076.43,3084.07,3064.89,3083.5,259019588,300026228452.2
2023-10-18,3076.58,3076.58,3057.06,3058.71,268647155,310306035777.2
2023-10-19,3043.2,3043.2,3004.77,3005.39,304038910,355069176976.4
2023-10-20,2995.36,3006.27,2977.17,2983.06,267113594,307388393327.2
2023-10-23,2969.79,2973.66,2923.51,2939.29,278904128,304028962456.0
2023-10-24,2944.31,2964.76,2929.09,2962.24,310985389,339902176877.6
2023-10-25,2986.41,2993.3,2972.42,2974.11,332392004,362846635549.2
2023-10-26,2960.1,2990.33,2956.01,2988.3,291814511,332258828044.6
2023-10-27,2978.4,3029.21,2974.88,3017.78,321803717,385692318100.3
2023-10-30,3009.61,3028.26,3002.35,3021.55,360604238,439587974769.6
2023-10-31,3019.65,3023.0,3006.61,3018.77,319859967,386277226427.2
2023-11-01,3038.18,3038.33,3013.93,3023.08,280110445,347121456482.9
2023-11-02,3028.66,3038.64,3009.12,3009.41,268794581,311936400777.8
2023-11-03,3012.47,3040.98,3012.47,3030.8,268486347,329300477500.6
2023-11-06,3047.13,3058.99,3037.69,3058.41,372949630,447638159948.7
2023-11-07,3052.92,3064.58,3042.47,3057.27,326853455,401065573918.6
2023-11-08,3051.15,3062.99,3037.29,3052.37,335677834,415289260078.3
2023-11-09,3047.65,3063.47,3045.83,3053.28,315621764,388556747091.5
2023-11-10,3043.56,3044.0,3027.09,3038.97,285546497,346913084540.2
2023-11-13,3044.03,3048.62,3028.17,3046.53,290430588,344120017221.8
2023-11-14,3046.82,3059.53,3044.43,3056.07,294844733,358249840157.5
2023-11-15,3077.03,3080.13,3064.35,3072.83,304250107,389515977974.7
2023-11-16,3066.86,3071.45,3050.93,3050.93,271079460,329364382654.0
2023-11-17,3043.62,3055.86,3033.75,3054.37,267606393,328568598825.4
2023-11-20,3056.93,3072.51,3043.51,3068.32,287556998,367109310168.3
2023-11-21,3074.83,3089.77,3063.34,3067.93,330733102,391558034861.5
2023-11-22,3060.5,3067.96,3043.61,3043.61,289056490,330385482669.4
2023-11-23,3041.68,3062.87,3034.3,3061.86,276592059,315612515641.2
2023-11-24,3060.33,3060.33,3037.2,3040.97,287788413,311509355931.7
2023-11-27,3038.19,3038.36,3015.01,3031.7,310517868,350705835457.9
2023-11-28,3028.6,3039.69,3020.23,3038.55,268920746,317303697729.3
2023-11-29,3038.46,3038.98,3017.66,3021.69,277956448,322141206078.7
2023-11-30,3021.1,3030.91,3013.77,3029.67,282945357,326755696099.9
2023-12-01,3027.35,3035.76,3010.23,3031.64,286089700,335547176425.7
2023-12-04,3033.3,3038.98,3022.35,3022.91,288162053,344279695966.6
2023-12-05,3017.01,3017.01,2972.3,2972.3,293943278,340454488082.6
2023-12-06,2966.95,2985.31,2959.6,2968.93,294104187,336218906356.4
2023-12-07,2965.65,2976.01,2949.14,2966.21,296243687,348039623969.4
2023-12-08,2965.39,2980.83,2962.33,2969.56,369138705,423492311947.3
2023-12-11,2956.29,2995.67,2930.42,2991.44,360216344,405351583216.2
2023-12-12,2986.33,3003.75,2980.45,3003.44,287638762,333170576418.7
2023-12-13,2997.34,2997.34,2968.76,2968.76,282754098,331476614720.7
2023-12-14,2979.7,2986.18,2958.07,2958.99,271457650,312658124559.8
2023-12-15,2966.3,2976.31,2940.03,2942.56,289327642,322083690788.2
2023-12-18,2936.58,2951.15,2924.33,2930.8,293086999,304915892999.5
2023-12-19,2928.76,2940.5,2914.13,2932.39,265926980,283234126181.9
2023-12-20,2932.12,2937.1,2902.04,2902.11,265562454,290838402139.4
2023-12-21,2892.02,2924.26,2882.02,2918.71,282541827,315943775543.6
2023-12-22,2919.29,2935.7,2906.51,2914.78,296628367,327498019580.5
2023-12-25,2909.88,2920.63,2903.99,2918.81,229814178,261487251019.0
2023-12-26,2917.97,2917.97,2892.84,2898.88,228140855,260220552772.7
2023-12-27,2900.15,2917.96,2890.17,2914.61,247900882,279048608009.4
2023-12-28,2913.11,2961.65,2909.39,2954.7,339213116,392449073493.3
2023-12-29,2950.84,2975.03,2950.02,2974.93,290672687,349002967266.4
2024-01-02,2972.78,2976.27,2962.28,2962.28,304141793,345950729194.6
2024-01-03,2957.11,2971.28,2953.29,2967.25,285455945,321018391310.1
2024-01-04,2965.51,2966.68,2936.63,2954.35,264980924,296291346878.8
2024-01-05,2949.82,2967.97,2916.72,2929.18,301040239,325917001164.6
2024-01-08,2923.46,2924.46,2887.54,2887.54,270275055,290730589588.8
2024-01-09,2887.11,2900.73,2878.41,2893.25,262955975,294446373682.5
2024-01-10,2886.98,2903.16,2870.42,2877.7,244046526,281192192419.3
2024-01-11,2873.8,2896.18,2867.72,2886.65,267050764,298552532937.0
2024-01-12,2880.04,2904.17,2878.88,2881.98,261602931,282877466332.8
2024-01-15,2872.56,2904.46,2869.22,2886.29,244611236,269229737081.5
2024-01-16,2881.56,2896.68,2861.13,2893.99,286286714,300837919168.5
2024-01-17,2887.29,2887.49,2833.62,2833.62,261251308,283073939817.7
2024-01-18,2822.67,2849.26,2760.98,2845.78,390396855,400709904734.2
2024-01-19,2836.97,2849.88,2822.84,2832.28,266664388,296717043828.4
2024-01-22,2826.5,2828.32,2735.37,2756.34,350165758,359918989570.1
2024-01-23,2746.89,2784.84,2724.16,2770.98,308749417,312191330216.9
2024-01-24,2782.14,2823.7,2743.4,2820.77,369070600,357316181644.3
2024-01-25,2823.83,2906.79,2821.71,2906.11,442009045,437679811285.5
2024-01-26,2897.91,2924.31,2890.48,2910.22,421109084,402400231262.6
2024-01-29,2910.61,2923.9,2883.33,2883.36,410581311,397014731369.9
2024-01-30,2866.28,2881.35,2829.25,2830.53,335661226,329254005891.9
2024-01-31,2815.5,2834.01,2782.59,2788.55,377103965,355636999833.5
2024-02-01,2773.42,2805.01,2752.78,2770.74,352889185,337547960520.8
2024-02-02,2773.29,2791.68,2666.33,2730.15,426230199,392661142297.9
2024-02-05,2716.08,2739.74,2635.09,2702.19,478990292,424877418268.6
2024-02-06,2680.48,2802.93,2669.67,2789.49,502849313,441215054098.9
2024-02-07,2791.51,2829.7,2770.53,2829.7,547117439,495919878083.4
2024-02-08,2832.49,2867.47,2827.9,2865.9,531108893,482939732024.6
2024-02-19,2886.59,2910.54,2867.71,2910.54,458967704,442148454574.5
2024-02-20,2902.88,2927.31,2887.47,2922.73,350138735,357057491972.6
2024-02-21,2906.02,2994.61,2898.05,2950.96,444245463,450922050718.1
2024-02-22,2945.45,2988.36,2944.5,2988.36,354132536,365264217873.3
2024-02-23,2992.91,3009.14,2979.97,3004.88,380083270,398232220674.3
2024-02-26,3002.12,3009.48,2967.06,2977.02,409026558,427564895756.7
2024-02-27,2966.42,3015.48,2961.15,3015.48,372984687,412614978516.7
2024-02-28,3016.26,3031.49,2957.85,2957.85,544109093,576555221675.0
2024-02-29,2943.62,3015.17,2943.62,3015.17,409696374,452808746134.9
2024-03-01,3013.82,3032.23,3003.76,3027.02,379132184,442984248197.1
2024-03-04,3026.61,3040.34,3007.68,3039.31,387760002,461727516644.8
2024-03-05,3027.1,3052.54,3022.18,3047.79,383509955,458900476785.5
2024-03-06,3041.75,3060.56,3034.35,3039.93,340982739,401334635599.7
2024-03-07,3040.21,3063.69,3023.12,3027.4,377154391,423391257039.7
2024-03-08,3026.17,3049.19,3016.9,3046.02,319204392,370647474769.4
2024-03-11,3042.62,3068.46,3035.45,3068.46,361608821,427851361287.9
2024-03-12,3068.18,3075.13,3044.86,3055.94,415743914,494558502794.2
2024-03-13,3053.34,3061.95,3031.9,3043.83,365047453,442453946274.1
2024-03-14,3042.41,3060.0,3020.64,3038.23,364072290,436338838339.8
2024-03-15,3031.52,3056.45,3023.22,3054.64,360268463,405917703990.6
2024-03-18,3057.21,3085.31,3055.92,3084.93,406653508,485520636502.6
2024-03-19,3077.98,3090.05,3062.63,3062.76,384123680,446930657774.1
2024-03-20,3058.65,3081.75,3056.65,3079.69,349187729,407432569665.8
2024-03-21,3084.41,3090.05,3069.27,3077.11,366877968,437634616255.6
2024-03-22,3070.55,3073.21,3027.76,3048.03,394740486,456762466559.5
2024-03-25,3040.5,3065.26,3026.31,3026.31,387485389,443472341342.3
2024-03-26,3026.92,3036.49,3006.26,3031.48,345928787,396410716143.3
2024-03-27,3026.81,3030.45,2993.14,2993.14,343198010,376242896147.0
2024-03-28,2988.59,3033.37,2984.12,3010.66,353200026,392929088720.4
2024-03-29,3008.38,3041.3,3008.17,3041.17,334822785,364571210090.1
2024-04-01,3049.02,3078.49,3049.02,3077.38,375393640,420902006773.4
2024-04-02,3076.88,3085.54,3063.98,3074.96,367304262,396705813294.9
2024-04-03,3074.89,3079.02,3057.4,3069.3,363211380,392704394040.9
2024-04-08,3057.33,3077.35,3045.47,3047.05,402936740,421808399733.1
2024-04-09,3044.61,3051.59,3033.21,3048.54,333489965,347834663475.6
2024-04-10,3045.96,3049.61,3013.59,3027.33,348991721,364717833491.0
2024-04-11,3013.57,3050.34,3009.9,3034.25,340894392,364147836454.7
2024-04-12,3035.58,3043.56,3014.83,3019.47,334229771,363119193013.8
2024-04-15,3013.67,3066.94,2995.54,3057.38,461239244,459849043272.3
2024-04-16,3043.55,3052.43,3005.34,3007.07,448070473,435170805476.3
2024-04-17,3008.06,3071.38,3002.06,3071.38,413358368,416254660835.0
2024-04-18,3060.03,3102.55,3057.76,3074.22,416321349,441432075756.2
2024-04-19,3060.3,3080.32,3055.06,3065.26,375543855,396614941121.2
2024-04-22,3059.06,3078.42,3042.54,3044.6,357216399,382192259189.5
2024-04-23,3038.61,3044.94,3016.52,3021.98,325595128,348651765384.9
2024-04-24,3029.4,3045.64,3019.12,3044.82,305264093,335157362713.4
2024-04-25,3037.93,3060.26,3034.65,3052.9,292280148,315797661218.8
2024-04-26,3054.98,3092.43,3054.98,3088.64,439382563,484160092982.4
2024-04-29,3086.68,3119.69,3080.59,3113.04,506925445,554918811231.8
2024-04-30,3110.16,3123.29,3104.29,3104.82,440213213,473803228530.9
2024-05-06,3132.51,3142.38,3126.77,3140.72,450656899,511256135580.5
2024-05-07,3139.66,3151.22,3133.69,3147.74,379102564,426951665906.2
2024-05-08,3141.49,3144.99,3126.17,3128.48,334000320,367220116482.8
2024-05-09,3128.16,3158.46,3128.16,3154.32,360881462,398979066896.2
2024-05-10,3158.59,3163.14,3137.15,3154.55,384287495,406707822844.8
2024-05-13,3139.48,3157.37,3126.17,3148.02,397030565,425963088194.6
2024-05-14,3148.85,3155.81,3137.61,3145.77,343526194,370069674870.9
2024-05-15,3141.25,3142.97,3117.93,3119.9,321027962,333005622198.2
2024-05-16,3127.18,3137.88,3116.16,3122.4,367417361,377502921477.7
2024-05-17,3121.71,3154.03,3116.78,3154.03,383915244,389572549317.9
2024-05-20,3156.15,3174.27,3155.99,3171.15,426867280,448816915042.8
2024-05-21,3164.68,3165.22,3148.34,3157.97,335783572,346584200831.4
2024-05-22,3157.19,3166.92,3152.46,3158.54,354098082,364137830725.3
2024-05-23,3149.88,3150.63,3110.28,3116.39,353943727,356689462882.1
2024-05-24,3110.75,3130.42,3087.79,3088.87,306532279,322748606369.1
2024-05-27,3094.14,3125.51,3091.99,3124.04,319396765,345383767844.9
2024-05-28,3122.39,3130.31,3106.36,3109.57,310066974,320985406528.1
2024-05-29,3108.03,3128.14,3100.98,3111.02,289970346,297512177291.8
2024-05-30,3103.71,3121.22,3085.38,3091.68,302380762,318475183004.8
2024-05-31,3094.76,3107.6,3086.81,3086.81,276072816,301121881320.1
2024-06-03,3085.98,3097.2,3061.28,3078.49,357563362,367608352547.0
2024-06-04,3071.32,3095.32,3063.59,3091.2,309287598,325589691920.4
2024-06-05,3086.05,3092.35,3064.74,3065.4,290542344,299722764399.5
2024-06-06,3069.44,3077.67,3040.83,3048.79,369867104,371317019032.4
2024-06-07,3053.92,3065.02,3031.04,3051.28,316342484,318911097485.6
2024-06-11,3042.13,3043.2,3013.86,3028.05,310481942,332683377772.5
2024-06-12,3025.3,3042.04,3021.31,3037.47,279452106,312058601482.9
2024-06-13,3038.09,3040.4,3022.82,3028.92,297862463,336871037065.3
2024-06-14,3020.96,3037.9,3011.58,3032.63,348746753,396194698299.9
2024-06-17,3017.72,3026.62,3012.05,3015.89,295763448,338146875647.7
2024-06-18,3015.07,3031.98,3012.52,3030.25,273625999,317319995692.1
2024-06-19,3029.1,3030.23,3015.33,3018.05,261296248,300290286695.0
2024-06-20,3015.72,3028.51,3001.77,3005.44,295515907,324101266446.0
2024-06-21,2998.24,3011.91,2985.93,2998.14,255001251,280275384754.5
2024-06-24,2982.83,2990.64,2960.13,2963.1,298653884,318595817741.1
2024-06-25,2962.77,2971.65,2935.54,2950.0,273209938,296569297319.0
2024-06-26,2943.45,2976.67,2933.33,2972.53,282388409,276215175476.2
2024-06-27,2962.7,2963.06,2944.9,2945.85,270548519,266670979387.7
2024-06-28,2940.3,2985.47,2939.98,2967.4,315201432,313347004249.1
2024-07-01,2965.25,2996.41,2961.86,2994.73,297782235,294321888831.5
2024-07-02,2992.86,3004.99,2989.47,2997.01,281364683,282559369534.8
2024-07-03,2995.66,2998.54,2978.07,2982.38,246284642,257840296826.7
2024-07-04,2984.83,2995.57,2955.29,2957.57,274268789,259006711039.2
2024-07-05,2954.37,2957.11,2920.2,2949.93,272324556,271508929397.0
2024-07-08,2939.84,2947.61,2917.23,2922.45,277533424,270872022898.5
2024-07-09,2919.57,2963.78,2904.04,2959.37,315062031,320361092785.2
2024-07-10,2949.03,2958.86,2935.33,2939.36,301549456,306035255361.7
2024-07-11,2957.25,2971.36,2947.4,2970.39,328372424,337653177135.1
2024-07-12,2965.61,2977.14,2963.3,2971.3,303713014,302581575978.9
2024-07-15,2963.85,2977.31,2959.13,2974.01,268992597,268733339473.8
2024-07-16,2963.9,2977.36,2959.67,2976.3,260783630,279121370473.0
2024-07-17,2970.81,2972.79,2957.95,2962.85,282307991,305469105978.3
2024-07-18,2951.14,2978.09,2937.9,2977.13,278022665,301283750604.7
2024-07-19,2963.51,2986.24,2955.12,2982.31,280932413,319112460470.1
2024-07-22,2978.19,2978.6,2946.56,2964.22,278749559,316415459855.2
2024-07-23,2960.5,2960.5,2915.37,2915.37,296295994,307194049861.8
2024-07-24,2909.15,2922.03,2894.29,2901.95,306118853,288660361550.7
2024-07-25,2891.89,2897.77,2872.85,2886.74,274639500,273281622458.6
2024-07-26,2886.0,2899.12,2875.4,2890.9,278387536,275443434962.9
2024-07-29,2889.47,2898.95,2878.58,2891.85,256899727,260094898441.5
2024-07-30,2885.22,2885.22,2865.15,2879.3,262478837,269477482590.4
2024-07-31,2877.54,2940.59,2876.3,2938.75,412723417,418871723403.4
2024-08-01,2940.12,2947.88,2928.83,2932.39,346621137,352586120370.1
2024-08-02,2913.02,2931.26,2902.72,2905.34,312205039,314917985409.5
2024-08-05,2889.36,2919.03,2860.7,2860.7,355540572,356863001418.9
2024-08-06,2878.65,2888.2,2845.34,2867.28,297300803,295835558778.0
2024-08-07,2864.01,2886.94,2857.72,2869.83,263097150,263793649805.1
2024-08-08,2864.76,2886.4,2850.87,2869.9,289128632,271107919481.4
2024-08-09,2879.87,2887.85,2862.19,2862.19,284253916,252884027037.8
2024-08-12,2858.89,2869.27,2851.3,2858.2,244241371,217626684526.6
2024-08-13,2860.41,2867.95,2845.31,2867.95,231674601,210908509413.5
2024-08-14,2866.24,2866.24,2850.4,2850.65,217885170,207457552384.6
2024-08-15,2844.2,2889.09,2839.39,2877.36,271900000,254987115634.9
2024-08-16,2877.94,2888.68,2873.06,2879.43,263653441,243608265392.4
2024-08-19,2877.95,2905.15,2877.77,2893.67,261687730,242994885290.2
2024-08-20,2895.55,2896.52,2855.33,2866.66,263658002,237307803964.2
2024-08-21,2858.94,2863.89,2848.15,2856.58,229200027,209909187787.0
2024-08-22,2856.2,2861.61,2845.5,2848.77,245399415,230124077189.6
2024-08-23,2844.77,2860.73,2839.34,2854.37,226692565,214581900323.2
2024-08-26,2855.47,2860.65,2844.38,2855.52,227351523,216806649036.9
2024-08-27,2850.88,2853.78,2843.16,2848.73,230693006,215686326235.9
2024-08-28,2844.33,2852.56,2830.96,2837.43,228730623,213862368727.5
2024-08-29,2829.45,2831.43,2815.38,2823.11,277510534,257644228807.6
2024-08-30,2819.65,2867.96,2817.01,2842.21,397516975,384092892138.4
2024-09-02,2832.35,2839.28,2810.37,2811.04,340714193,314813036715.5
2024-09-03,2809.17,2814.9,2794.91,2802.98,275736139,252782482525.1
2024-09-04,2786.5,2800.61,2781.94,2784.28,257453500,234711697257.6
2024-09-05,2785.26,2796.02,2777.47,2788.31,242040948,227514507237.8
2024-09-06,2791.76,2804.09,2765.64,2765.81,253645375,228570135026.9
2024-09-09,2754.72,2756.56,2726.97,2736.49,261468847,236605848473.8
2024-09-10,2737.88,2750.12,2718.63,2744.19,262159015,226408492961.9
2024-09-11,2732.73,2732.73,2710.62,2721.8,242264900,219755948411.4
2024-09-12,2722.14,2734.68,2716.56,2717.12,240084315,218571098697.3
2024-09-13,2718.99,2728.78,2703.37,2704.09,251270038,227818801149.3
2024-09-18,2705.35,2724.11,2689.7,2717.28,247817132,213090588644.7
2024-09-19,2723.21,2747.74,2697.78,2736.02,315208389,280536046232.0
2024-09-20,2734.23,2741.16,2717.95,2736.81,285644627,255433329892.5
2024-09-23,2735.39,2760.48,2731.36,2748.92,257642154,235214505877.1
2024-09-24,2770.75,2863.15,2761.37,2863.13,477619545,442795296868.8
2024-09-25,2901.42,2952.45,2889.05,2896.31,568259816,516698093562.2
2024-09-26,2893.75,3000.95,2889.01,3000.95,576319261,524669070870.6
2024-09-27,3049.1,3087.53,3017.45,3087.53,492287163,480612559539.5
2024-09-30,3194.72,3358.59,3153.7,3336.5,1102337917,1167772549990.4
2024-10-08,3674.4,3674.4,3372.19,3489.78,1313460195,1510513250817.1
2024-10-09,3427.22,3437.16,3249.16,3258.86,992757256,1264311454429.5
2024-10-10,3277.69,3379.81,3228.12,3301.93,834500257,947788514989.0
2024-10-11,3287.87,3297.75,3187.99,3217.74,606027433,664332794461.9
2024-10-14,3241.43,3294.62,3203.9,3284.32,631466859,701499242569.3
2024-10-15,3265.75,3285.21,3201.29,3201.29,566054558,619091471860.4
2024-10-16,3169.17,3236.85,3167.74,3202.95,515813997,533062408932.0
2024-10-17,3220.73,3241.57,3169.38,3169.38,528611772,557347351398.0
2024-10-18,3165.97,3313.98,3152.82,3261.56,693014623,827948922139.1
2024-10-21,3276.06,3300.66,3239.1,3268.11,668150299,855781454017.1
2024-10-22,3263.82,3294.96,3255.14,3285.87,574913781,698861461335.1
2024-10-23,3285.25,3331.08,3277.07,3302.8,650444128,760066419549.9
2024-10-24,3287.82,3292.94,3266.88,3280.26,519827074,585248946960.3
2024-10-25,3280.76,3319.36,3276.13,3299.7,595651707,677255321349.3
2024-10-28,3300.46,3322.2,3279.72,3322.2,672373131,717510218018.9
2024-10-29,3328.09,3340.46,3284.21,3286.41,725326154,806573822261.9
2024-10-30,3273.64,3291.68,3244.81,3266.24,669018090,730619786746.3
2024-10-31,3267.98,3295.74,3252.39,3279.82,784649094,864970968962.6
2024-11-01,3275.58,3305.32,3258.73,3272.01,852055320,878112793944.5
2024-11-04,3275.68,3310.21,3263.84,3310.21,665077454,692341763272.3
2024-11-05,3306.81,3386.99,3302.05,3386.99,821124902,929931429368.6
2024-11-06,3395.22,3421.0,3367.08,3383.81,895855930,1026807640357.8
2024-11-07,3359.99,3470.66,3356.26,3470.66,959556680,1048841306120.8
2024-11-08,3502.13,3509.82,3443.19,3452.3,964034562,1107932295571.4
2024-11-11,3432.37,3471.12,3416.73,3470.07,818025436,1024334899510.8
2024-11-12,3469.89,3489.42,3402.04,3421.97,817926524,1039600859287.1
2024-11-13,3406.92,3442.3,3404.53,3439.28,673662348,829435316989.4
2024-11-14,3429.51,3441.77,3376.15,3379.84,631556690,762884198784.3
2024-11-15,3369.81,3391.32,3330.73,3330.73,630285583,745937122428.3
2024-11-18,3344.69,3386.9,3309.01,3323.85,743950692,755809644463.3
2024-11-19,3324.88,3346.76,3284.13,3346.01,625024151,651575376256.0
2024-11-20,3337.68,3375.25,3333.0,3367.99,566154289,627858323157.0
2024-11-21,3362.94,3378.52,3348.86,3370.4,530331830,614517433700.1
2024-11-22,3368.04,3372.0,3267.19,3267.19,630687790,707626460331.8
2024-11-25,3274.88,3285.46,3232.92,3263.76,538897390,596502088292.4
2024-11-26,3256.86,3285.33,3252.87,3259.76,472219304,509490596260.8
2024-11-27,3250.59,3309.88,3227.36,3309.78,511202303,571617596023.5
2024-11-28,3308.28,3319.26,3290.36,3295.7,511953047,558164131747.0
2024-11-29,3295.21,3357.5,3293.69,3326.46,580227102,663851511036.4
2024-12-02,3328.48,3369.3,3323.01,3363.98,668477762,709509517836.3
2024-12-03,3366.29,3386.62,3348.37,3378.81,663030139,683982592769.1
2024-12-04,3376.57,3388.02,3352.94,3364.65,621028862,653467546717.8
2024-12-05,3353.06,3377.06,3353.06,3368.86,543885746,565551128328.2
2024-12-06,3370.94,3418.26,3364.21,3404.08,698186572,685981058113.5
2024-12-09,3402.63,3426.65,3385.96,3402.53,694905205,649443191295.4
2024-12-10,3490.29,3494.87,3417.77,3422.66,794668034,860483994841.6
2024-12-11,3416.09,3437.81,3416.09,3432.49,681544610,692929618702.8
2024-12-12,3432.28,3464.12,3425.98,3461.5,700096689,734168982735.3
2024-12-13,3442.93,3442.93,3390.75,3391.88,777464144,850714862974.4
2024-12-16,3390.08,3401.93,3376.54,3386.33,625578996,675237492920.5
2024-12-17,3381.81,3396.21,3357.77,3361.49,568941505,584789337297.5
2024-12-18,3371.3,3396.46,3371.3,3382.21,512524979,539790684420.2
2024-12-19,3355.9,3377.53,3346.47,3370.03,513909063,559130979000.3
2024-12-20,3364.48,3390.62,3362.82,3368.07,490964621,596821938643.8
2024-12-23,3367.9,3384.99,3348.28,3351.26,556747248,623117789296.1
2024-12-24,3353.54,3394.9,3352.95,3393.53,471992673,530758037565.0
2024-12-25,3395.11,3406.21,3374.01,3393.35,471315592,522168241894.2
2024-12-26,3389.34,3401.1,3380.26,3398.08,422177271,518937022553.4
2024-12-27,3397.29,3418.95,3388.32,3400.14,500488130,586090438939.4
2024-12-30,3395.4,3412.84,3394.96,3407.33,455262383,522245330169.5
2024-12-31,3406.97,3413.45,3351.76,3351.76,502731062,562584237431.1
2025-01-02,3347.94,3351.72,3242.09,3262.56,561375199,603340526739.8
2025-01-03,3267.08,3273.57,3205.78,3211.43,517592014,523159754706.6
2025-01-06,3209.78,3219.49,3185.46,3206.92,430978403,444188212831.1
2025-01-07,3203.31,3230.85,3190.46,3229.64,409660529,436388386572.0
2025-01-08,3218.86,3246.29,3175.72,3230.17,472864390,508148444863.7
2025-01-09,3220.72,3228.97,3205.91,3211.39,382943557,434445510330.2
2025-01-10,3211.71,3220.11,3168.52,3168.52,403663348,465939368047.4
2025-01-13,3148.83,3172.7,3140.98,3160.76,372742023,411773991803.5
2025-01-14,3165.16,3245.22,3159.43,3240.94,469212704,538983836002.5
2025-01-15,3234.72,3245.9,3222.24,3227.12,404723199,466216166943.7
2025-01-16,3239.03,3265.28,3217.1,3236.03,430655539,499055442444.4
2025-01-17,3226.76,3256.51,3219.77,3241.82,383599260,456553132960.4
2025-01-20,3256.15,3268.26,3238.12,3244.38,403337948,469741031397.5
2025-01-21,3256.83,3258.61,3229.07,3242.62,384583718,468263378897.7
2025-01-22,3235.49,3235.5,3203.38,3213.62,364817518,452312867431.3
2025-01-23,3237.6,3273.52,3229.57,3230.16,458246803,539800587226.6
2025-01-24,3222.88,3260.01,3221.71,3252.63,398653033,480685057973.2
2025-01-27,3256.61,3274.39,3250.6,3250.6,387467642,450231535760.3
2025-02-05,3270.16,3271.02,3220.28,3229.49,406388181,521103029344.4
2025-02-06,3226.58,3271.43,3225.85,3270.66,460842730,590421697753.9
2025-02-07,3269.23,3324.43,3262.51,3303.67,600558451,757613811179.4
2025-02-10,3308.04,3325.36,3299.24,3322.17,546589749,677038155519.9
2025-02-11,3323.67,3324.17,3304.44,3318.06,511943541,632166670870.5
2025-02-12,3312.26,3346.39,3310.39,3346.39,513437828,647387578503.4
2025-02-13,3343.23,3359.18,3332.48,3332.48,568631161,705799791954.1
2025-02-14,3328.48,3349.08,3322.53,3346.72,532332965,667555376411.5
2025-02-17,3355.42,3357.12,3333.19,3355.83,589546569,750113054935.2
2025-02-18,3348.98,3366.01,3314.3,3324.49,562679240,696798784144.3
2025-02-19,3320.78,3352.09,3320.58,3351.54,502912965,675146370379.5
2025-02-20,3347.59,3355.56,3338.03,3350.78,504357114,670099045657.4
2025-02-21,3356.69,3381.06,3339.03,3379.11,608190206,855656954773.5
2025-02-24,3374.08,3384.81,3355.87,3373.03,598188203,802847050067.8
2025-02-25,3345.65,3369.56,3337.84,3346.04,527578562,727509770070.1
2025-02-26,3351.21,3380.21,3351.21,3380.21,553992031,747887357857.5
2025-02-27,3378.45,3388.78,3353.57,3388.06,575815020,774059980112.0
2025-02-28,3374.66,3383.19,3318.72,3320.9,568319504,758054890359.3
2025-03-03,3328.4,3349.02,3304.59,3316.93,502417862,643980682981.8
2025-03-04,3300.5,3327.82,3297.53,3324.21,429996111,568728427190.7
2025-03-05,3324.7,3342.71,3314.15,3341.96,460952696,587767599799.6
2025-03-06,3353.57,3387.05,3348.68,3381.1,539992709,736438106671.7
2025-03-07,3373.18,3390.94,3363.93,3372.55,517663551,687879051004.4
2025-03-10,3373.26,3375.8,3347.19,3366.16,450380832,595026433923.3
2025-03-11,3335.44,3379.83,3334.83,3379.83,448468323,592285777947.1
2025-03-12,3385.69,3392.41,3370.22,3371.92,502195100,648501625854.2
2025-03-13,3371.09,3377.12,3341.12,3358.73,519013479,636211623471.0
2025-03-14,3361.69,3421.23,3360.61,3419.56,582663388,750041647163.9
2025-03-17,3430.81,3436.35,3422.46,3426.13,515685138,639349980361.1
2025-03-18,3434.57,3437.07,3423.3,3429.76,454916063,586338207325.5
2025-03-19,3424.17,3439.05,3414.59,3426.43,440316299,559970207906.8
2025-03-20,3425.22,3427.05,3404.66,3408.95,451630682,565607596558.8
2025-03-21,3401.76,3414.71,3355.84,3364.83,520862630,623164007297.2
2025-03-24,3364.83,3373.69,3340.24,3370.03,513310260,586745474406.0
2025-03-25,3370.0,3379.99,3361.05,3369.98,456357393,516435662209.0
2025-03-26,3365.67,3382.34,3365.67,3368.7,428533770,485185602278.8
2025-03-27,3362.71,3394.03,3351.17,3373.75,414776314,496457111680.0
2025-03-28,3372.04,3375.05,3346.08,3351.31,412284289,468807615343.1
2025-03-31,3343.34,3361.74,3317.74,3335.75,472571978,531475775844.1
2025-04-01,3340.71,3357.62,3338.78,3348.44,422588670,499415666019.2
2025-04-02,3344.17,3361.13,3343.12,3350.13,350127364,411666039517.9
2025-04-03,3319.61,3358.43,3319.61,3342.01,400517827,486510412986.4
2025-04-07,3193.1,3217.78,3040.69,3096.58,662199584,735367327481.5
2025-04-08,3094.26,3145.55,3085.12,3145.55,662242387,730166160654.7
2025-04-09,3110.01,3186.81,3070.08,3186.81,684797174,755430247444.1
2025-04-10,3227.84,3239.94,3201.57,3223.64,591208273,682356544755.6
2025-04-11,3219.51,3249.85,3211.35,3238.23,475531804,580791402193.7
2025-04-14,3251.98,3272.72,3244.73,3262.81,471373220,543811431533.9
2025-04-15,3260.69,3268.98,3246.34,3267.66,396662895,456332610419.5
2025-04-16,3267.67,3276.0,3233.79,3276.0,429534854,489200692651.5
2025-04-17,3261.72,3285.92,3258.15,3280.34,382012698,442596764018.0
2025-04-18,3270.35,3283.09,3262.39,3276.73,358836193,380313472554.0
2025-04-21,3273.14,3298.64,3270.01,3291.43,379307588,429391687759.8
2025-04-22,3289.17,3311.15,3288.33,3299.76,403167615,452675441997.0
2025-04-23,3308.15,3312.19,3293.06,3296.36,411633212,486209315161.0
2025-04-24,3295.15,3313.51,3286.24,3297.29,392844749,434706037225.2
2025-04-25,3300.39,3305.26,3288.75,3295.06,411043192,445417627332.6
2025-04-28,3292.06,3296.93,3279.88,3288.41,410665863,441916383127.0
2025-04-29,3281.45,3294.98,3277.63,3286.65,388961672,430881033503.5
2025-04-30,3284.08,3292.2,3277.55,3279.03,435794335,505572584224.8
2025-05-06,3295.25,3316.45,3286.99,3316.11,474369617,551825065624.5
2025-05-07,3354.97,3356.69,3324.81,3342.67,511159606,595230089056.8
2025-05-08,3331.21,3359.73,3327.9,3352.0,428377766,501611375480.2
2025-05-09,3350.41,3351.22,3335.13,3342.0,398909191,464862361533.5
2025-05-12,3352.97,3372.47,3344.27,3369.24,418239910,522080702357.3
2025-05-13,3386.23,3386.23,3370.25,3374.87,426240700,506608943780.3
2025-05-14,3374.24,3417.31,3368.08,3403.95,464934441,534872944626.8
2025-05-15,3398.43,3402.87,3378.02,3380.82,424100916,461292249433.7
2025-05-16,3374.71,3380.29,3356.66,3367.46,395401030,435647042664.2
2025-05-19,3365.88,3373.6,3356.65,3367.58,403074805,437177569219.3
2025-05-20,3371.69,3387.8,3369.96,3380.48,405544534,450290477203.2
2025-05-21,3380.21,3394.75,3380.21,3387.57,412496165,465956993372.1
2025-05-22,3381.87,3390.59,3376.23,3380.19,394217206,438334515335.4
2025-05-23,3376.87,3389.47,3348.37,3348.37,400227004,468587869621.5
2025-05-26,3346.56,3362.31,3336.36,3346.84,347562101,400526568362.5
2025-05-27,3346.5,3351.57,3332.49,3340.69,344071157,394408732880.1
2025-05-28,3341.85,3348.23,3336.73,3339.93,341555443,389341214708.2
2025-05-29,3340.4,3368.63,3337.42,3363.45,393233806,453741382170.8
2025-05-30,3358.81,3361.28,3341.65,3347.49,385602170,443358967722.6
2025-06-03,3340.07,3367.0,3340.07,3361.98,398060772,468292670251.0
2025-06-04,3363.39,3379.64,3363.39,3376.2,386494643,446844610692.2
2025-06-05,3378.22,3387.76,3371.15,3384.1,406252093,498241228900.9
2025-06-06,3384.29,3391.45,3379.76,3385.36,380122886,452743716106.4
2025-06-09,3388.78,3402.05,3383.07,3399.77,427347947,511879936968.4
2025-06-10,3402.01,3406.45,3365.67,3384.82,481618568,557427629004.8
2025-06-11,3385.46,3413.51,3385.46,3402.32,424090313,501807385818.0
2025-06-12,3397.97,3408.2,3388.87,3402.66,409490610,501624560637.2
2025-06-13,3397.48,3401.55,3370.59,3377.0,510065221,605384839391.2
2025-06-16,3369.37,3389.76,3368.88,3388.73,405383278,481594409526.3
2025-06-17,3388.18,3393.31,3376.42,3387.4,390012447,458038158678.3
2025-06-18,3386.14,3391.71,3369.99,3388.81,378684891,441011095449.0
2025-06-19,3384.29,3386.92,3353.94,3362.11,415327655,473258595431.1
2025-06-20,3358.91,3370.8,3357.71,3359.9,350223662,410873272619.8
2025-06-23,3349.46,3389.45,3347.65,3381.58,384561397,442789178469.5
2025-06-24,3380.08,3423.78,3380.08,3420.57,460963800,544882077636.6
2025-06-25,3419.09,3459.01,3417.41,3455.97,509384064,620173277605.0
2025-06-26,3451.72,3462.75,3446.19,3448.45,496541077,603095111896.8
2025-06-27,3450.69,3462.63,3421.04,3424.23,523129432,605731616257.7
2025-06-30,3423.47,3447.46,3420.11,3444.43,457348049,567137246034.1
2025-07-01,3445.85,3459.59,3441.04,3457.75,444356739,553556536157.1
2025-07-02,3458.17,3461.33,3447.96,3454.79,498116776,543130721694.1
2025-07-03,3456.15,3463.62,3446.97,3461.15,438543465,500211767756.2
2025-07-04,3459.59,3497.22,3455.49,3472.32,500195210,567241277895.0
2025-07-07,3467.98,3474.8,3462.79,3473.13,436631340,476197431422.8
2025-07-08,3474.63,3499.89,3474.63,3497.48,493484773,567506524760.7
2025-07-09,3498.72,3512.67,3491.2,3493.05,523920088,595962525111.9
2025-07-10,3491.5,3526.59,3491.5,3509.68,564159805,613160543948.2
2025-07-11,3511.37,3555.22,3506.8,3510.18,664185249,753549049070.7
2025-07-14,3513.25,3532.12,3513.25,3519.65,572084705,623102482278.4
2025-07-15,3519.81,3527.04,3483.38,3505.0,572074726,646851665146.7
2025-07-16,3502.9,3511.81,3489.14,3503.78,470878578,572419318650.3
2025-07-17,3500.37,3517.28,3499.19,3516.83,472211056,609791010257.6
2025-07-18,3519.48,3536.01,3518.23,3534.48,493484088,643627574928.6
2025-07-21,3542.82,3560.63,3542.57,3559.79,633649736,730905862905.4
2025-07-22,3561.63,3584.72,3547.25,3581.86,716155230,840573441871.1
2025-07-23,3588.88,3613.02,3577.59,3582.3,767672388,857045959534.1
2025-07-24,3578.91,3608.73,3577.11,3605.73,773265835,852239625256.5
2025-07-25,3604.45,3610.03,3586.22,3593.66,697189549,821609575947.0
2025-07-28,3594.23,3606.27,3582.15,3597.94,594187877,761265438432.3
2025-07-29,3595.81,3611.35,3585.94,3609.71,610642058,793606423704.5
2025-07-30,3608.35,3636.17,3593.73,3615.72,637221916,819627949113.9
2025-07-31,3604.7,3606.37,3562.61,3573.21,654509349,845893058058.2
2025-08-01,3568.26,3581.75,3550.04,3559.95,509563080,684645226021.3
2025-08-04,3547.16,3583.31,3547.16,3583.31,458573618,639775598456.7
2025-08-05,3588.81,3617.6,3586.97,3617.6,499797780,656382505101.8
2025-08-06,3615.81,3634.31,3613.99,3633.99,512467273,707221251607.5
2025-08-07,3637.78,3645.12,3622.52,3639.67,535501202,749699997336.3
2025-08-08,3634.85,3645.37,3625.45,3635.13,526407572,713569731141.5
2025-08-11,3637.05,3656.85,3629.63,3647.55,551393348,751329446777.5
2025-08-12,3647.96,3669.04,3647.96,3665.92,536623739,778161034248.2
2025-08-13,3668.66,3688.63,3666.55,3683.46,613528884,887022595719.3
2025-08-14,3685.52,3704.77,3662.57,3666.44,647829587,949464273623.5
2025-08-15,3659.81,3702.26,3658.38,3696.77,678521703,960624988909.0
2025-08-18,3712.5,3745.94,3702.38,3728.03,776016669,1133941943157.7
2025-08-19,3728.49,3746.67,3718.15,3727.29,696099750,1060899235668.4
2025-08-20,3716.68,3767.43,3704.99,3766.21,679836426,1017500164063.9
2025-08-21,3770.68,3787.98,3757.99,3771.1,691552959,997741900750.3
2025-08-22,3772.28,3825.76,3772.28,3825.76,698136277,1095091495710.2
2025-08-25,3848.16,3883.56,3839.97,3883.56,885474802,1360903869036.7
2025-08-26,3871.47,3888.6,3859.76,3868.38,734565305,1114187895250.2
2025-08-27,3869.61,3887.2,3800.35,3800.35,858633499,1326848744018.2
2025-08-28,3796.71,3845.09,3761.42,3843.6,788351947,1265185534195.1
2025-08-29,3842.82,3867.61,3839.21,3857.93,739462366,1221691851556.0
2025-09-01,3869.75,3879.05,3853.66,3875.53,747709536,1208347980856.1
2025-09-02,3877.09,3885.31,3828.68,3858.13,762618833,1222777663997.4
2025-09-03,3865.29,3868.39,3794.88,3813.56,645668510,1012296084003.2
2025-09-04,3807.76,3808.4,3732.84,3765.88,710227933,1107892043203.7
2025-09-05,3761.88,3817.16,3745.31,3812.51,626223380,979061710221.1
2025-09-08,3811.67,3833.14,3803.6,3826.84,660066898,1025883749952.0
2025-09-09,3816.66,3834.67,3791.72,3807.29,600239380,917795306225.7
2025-09-10,3806.58,3827.0,3794.06,3812.22,534539825,821113584522.2
2025-09-11,3806.06,3875.31,3796.43,3875.31,617012930,1016794001382.1
2025-09-12,3875.51,3892.74,3866.54,3870.6,700641784,1093807300663.5
2025-09-15,3876.1,3879.74,3855.97,3860.5,644793944,986171993940.4
2025-09-16,3865.98,3876.69,3838.65,3861.87,673439723,989786137921.6
2025-09-17,3854.07,3882.67,3848.95,3876.34,663434713,1006679080914.2
2025-09-18,3876.06,3899.96,3801.0,3831.66,876027389,1365962423640.1
2025-09-19,3830.44,3843.17,3811.9,3820.09,682292613,1016348310666.0
2025-09-22,3822.01,3831.74,3806.2,3828.58,568325686,941799982064.9
2025-09-23,3830.14,3838.61,3774.53,3821.83,701902868,1071697826138.1
2025-09-24,3804.48,3854.92,3804.33,3853.64,602056670,1015707870454.7
2025-09-25,3852.43,3866.11,3840.46,3853.3,589950531,1001211369113.8
2025-09-26,3839.86,3856.61,3828.11,3828.11,551275335,927864903416.8
2025-09-29,3828.17,3881.0,3809.54,3862.53,608466399,968212397572.1
2025-09-30,3869.7,3887.57,3866.28,3882.78,569734631,973274951648.6
2025-10-09,3898.31,3936.58,3885.74,3933.97,725218501,1216888716062.2
2025-10-10,3915.48,3933.01,3886.31,3897.03,718917673,1132127151734.5
2025-10-13,3800.11,3895.83,3800.11,3889.5,709506101,1085413591325.5
2025-10-14,3910.78,3918.44,3851.12,3865.23,800839631,1209983827683.7
2025-10-15,3867.54,3912.29,3857.67,3912.21,645012955,961552165635.2
2025-10-16,3900.68,3931.05,3899.17,3916.23,595451491,869264580464.7
2025-10-17,3912.04,3921.06,3835.36,3839.76,617563018,873181597948.6
2025-10-20,3865.55,3877.72,3850.37,3863.89,549261712,772503219631.8
2025-10-21,3870.75,3919.32,3868.15,3916.33,599415713,837938398314.8
2025-10-22,3896.07,3918.59,3893.33,3913.76,543117344,741524798446.6
2025-10-23,3904.16,3926.22,3877.53,3922.41,565189264,718931051972.4
2025-10-24,3929.12,3950.31,3928.96,3950.31,567858443,858491253210.7
2025-10-27,3969.22,3999.07,3963.1,3996.94,637589545,1043404043203.5
2025-10-28,3986.89,4010.73,3976.83,3988.22,577357684,940760864469.3
2025-10-29,3990.27,4016.33,3986.94,4016.33,612917466,968215713263.9
2025-10-30,4007.82,4025.7,3984.83,3986.9,668485609,1070058589394.8
2025-10-31,3985.06,3986.74,3951.73,3954.79,675615406,1031104616829.4
2025-11-03,3954.08,3977.31,3937.02,3976.52,641245945,941703699263.6
2025-11-04,3973.46,3985.88,3938.52,3960.19,615493792,852938368429.6
2025-11-05,3922.58,3979.75,3922.58,3969.25,614991618,827133576949.8
2025-11-06,3973.35,4008.8,3973.35,4007.76,627367547,930275554354.8
2025-11-07,3994.32,4012.01,3993.69,3997.56,596507034,875486746391.1
2025-11-10,4001.79,4018.7,3990.84,4018.6,634049993,960588645762.4
2025-11-11,4023.88,4024.94,3991.52,4002.76,581994921,858362142552.7
2025-11-12,3996.56,4020.38,3980.68,4000.14,586193228,840467209890.1
2025-11-13,3996.51,4030.4,3994.77,4029.5,613031061,876400923596.7
2025-11-14,4007.13,4034.08,3990.31,3990.49,622017118,837969502203.3
2025-11-17,3988.56,3992.4,3958.95,3972.03,592017950,805733125739.0
2025-11-18,3962.44,3966.89,3926.59,3939.81,594411046,790948598391.3
2025-11-19,3937.92,3960.05,3930.07,3946.74,531149601,720908759223.9
2025-11-20,3960.7,3967.97,3927.51,3931.05,534749540,711341284004.3
2025-11-21,3896.66,3912.01,3834.75,3834.89,631646251,824931134789.7
2025-11-24,3848.66,3854.33,3816.58,3836.77,504601716,715539247360.9
2025-11-25,3850.57,3882.03,3845.14,3870.02,478727611,722788782819.5
2025-11-26,3867.43,3879.92,3861.18,3864.18,457589755,701019872528.9
2025-11-27,3867.2,3895.59,3864.13,3875.26,444021947,698519107248.5
2025-11-28,3870.94,3888.89,3856.25,3888.6,449931973,645755815104.9
2025-12-01,3894.21,3914.46,3890.95,3914.01,537554133,785658341860.2
2025-12-02,3908.46,3908.77,3888.33,3897.71,455584494,627440672462.5
2025-12-03,3894.16,3901.7,3869.95,3878.0,485617270,647166528203.2
2025-12-04,3879.74,3888.86,3859.05,3875.79,445040290,623712571515.4
2025-12-05,3873.12,3907.78,3863.31,3902.81,500368768,716742448877.0
2025-12-08,3909.23,3936.31,3904.74,3924.08,547349789,839439003433.4
2025-12-09,3916.51,3923.9,3902.13,3909.52,524538256,781160399409.0
2025-12-10,3901.13,3906.12,3876.47,3900.5,497331504,730359828445.1
2025-12-11,3903.89,3904.96,3862.82,3873.32,525658600,764350151578.5
2025-12-12,3869.41,3891.81,3850.6,3889.35,573947130,909950905460.9
2025-12-15,3865.4,3896.98,3863.63,3867.92,500922790,764604815504.0
2025-12-16,3861.51,3862.43,3815.84,3824.81,512494827,733294004020.4
2025-12-17,3822.51,3881.75,3818.0,3870.28,512313692,766820526342.6
2025-12-18,3857.26,3888.29,3856.42,3876.37,461172625,704895595179.1
2025-12-19,3878.23,3902.67,3871.78,3890.45,513511893,738066004815.6
2025-12-22,3900.54,3920.01,3900.52,3917.36,522938992,789756386752.3
2025-12-23,3919.11,3937.13,3910.74,3919.98,521156952,806853443041.0
2025-12-24,3920.35,3947.04,3912.31,3940.95,474896447,773928624467.6
2025-12-25,3937.72,3964.07,3936.08,3959.62,469313093,785018650091.1
2025-12-26,3957.83,3977.71,3945.52,3963.68,555489592,893644363934.7
2025-12-29,3964.65,3983.98,3956.95,3965.28,563687197,903819726764.6
2025-12-30,3947.87,3979.99,3947.42,3965.12,525932588,887533318588.4
2025-12-31,3968.73,3977.54,3955.49,3968.84,490751490,829511897494.9
2026-01-05,3986.97,4025.26,3983.58,4023.42,596950455,1067334169201.5
2026-01-06,4026.02,4083.67,4025.09,4083.67,702472270,1175768705035.0
2026-01-07,4083.84,4098.78,4069.44,4085.77,683384352,1197422798276.7
2026-01-08,4077.72,4093.87,4067.12,4082.98,666131337,1183188755951.4
2026-01-09,4086.76,4121.72,4083.62,4120.43,729837985,1289205972263.2
2026-01-12,4134.89,4168.36,4119.88,4165.29,839456089,1446230122005.3
2026-01-13,4169.7,4179.7,4126.23,4138.76,868382717,1481574218613.4
2026-01-14,4138.65,4190.87,4103.62,4126.09,952551289,1607041237767.9
2026-01-15,4106.22,4133.07,4096.85,4112.6,680250791,1175915097396.1
2026-01-16,4127.06,4140.23,4091.81,4101.91,763588465,1338017280024.0
2026-01-19,4090.72,4126.52,4090.06,4114.0,688905870,1190137813599.0
2026-01-20,4116.37,4128.93,4080.29,4113.65,734362496,1221485626208.5
2026-01-21,4103.53,4135.96,4103.53,4116.94,666989507,1180184557006.2
2026-01-22,4126.07,4140.84,4109.92,4122.58,709695409,1201764210237.4
2026-01-23,4130.11,4143.75,4120.2,4136.16,782115454,1336857054837.6
2026-01-26,4144.78,4160.99,4124.7,4132.61,887439731,1451859840027.3
2026-01-27,4125.22,4158.8,4101.83,4139.9,754990869,1289432378945.4
2026-01-28,4150.22,4170.15,4138.02,4151.24,823026748,1365526057112.0
2026-01-29,4155.92,4170.21,4138.3,4157.98,905908371,1485795395416.2
2026-01-30,4131.99,4152.85,4064.78,4117.95,804342746,1269855689027.9
2026-02-02,4079.71,4103.41,4013.66,4015.75,732953698,1163532654161.8
2026-02-03,4043.91,4069.42,4002.78,4067.74,637684249,1110720213016.3
2026-02-04,4064.68,4104.62,4062.68,4102.2,674254244,1063544769928.3
2026-02-05,4075.03,4088.9,4048.94,4075.92,596722236,946988891270.6
2026-02-06,4040.3,4095.03,4029.97,4065.58,556709801,898655032959.0
2026-02-09,4103.54,4123.16,4093.06,4123.09,572632582,949726335965.8
2026-02-10,4127.77,4134.34,4117.56,4128.37,524620969,882201747043.8
2026-02-11,4124.43,4142.56,4122.43,4131.99,500685278,822607547250.8
2026-02-12,4136.99,4140.59,4124.13,4134.02,529370116,897955034838.8
2026-02-13,4115.92,4123.84,4079.77,4082.07,500799472,846808337462.1
2026-02-24,4129.13,4131.55,4105.94,4117.41,566322249,938611375999.8
2026-02-25,4123.78,4167.84,4122.7,4147.23,724787214,1085969561174.1
2026-02-26,4151.07,4152.19,4127.15,4146.63,651702826,1067198717434.1
2026-02-27,4128.9,4166.23,4128.36,4162.88,682047646,1072367831609.8
2026-03-02,4151.8,4188.77,4131.37,4182.59,861579218,1345892469395.2
2026-03-03,4189.41,4197.23,4116.01,4122.68,921139170,1425790202336.2
2026-03-04,4087.63,4106.04,4055.41,4082.47,765169531,1113081986077.5
2026-03-05,4109.78,4125.62,4090.62,4108.57,689746535,1068043734805.0
2026-03-06,4085.9,4129.46,4085.9,4124.19,646765760,978805927053.9
2026-03-09,4098.7,4106.53,4052.55,4096.6,797803556,1194106193208.4
2026-03-10,4098.59,4123.96,4098.59,4123.14,674922194,1036427205293.4
2026-03-11,4123.67,4135.84,4112.8,4133.43,707727169,1063600874394.3
2026-03-12,4133.2,4141.65,4103.16,4129.1,786151182,1078215329773.1
2026-03-13,4117.57,4134.08,4086.85,4095.45,792054764,1063918169396.4
2026-03-16,4092.25,4096.13,4048.09,4084.79,732227098,1037223833962.6
2026-03-17,4086.3,4108.4,4049.58,4049.91,678771224,951228129260.7
2026-03-18,4053.31,4065.37,4023.03,4062.98,623873102,876327491359.6
2026-03-19,4028.54,4042.02,3994.17,4006.55,667255422,935264956106.7
2026-03-20,4004.57,4022.7,3955.71,3957.05,666798387,964863108628.7
2026-03-23,3904.95,3906.62,3794.68,3813.28,804738850,1086248286013.6
2026-03-24,3849.63,3881.42,3807.99,3881.28,680622039,931418842711.4
2026-03-25,3892.27,3933.06,3891.82,3931.84,688343626,967854261244.5
2026-03-26,3924.96,3937.1,3880.57,3889.08,615973981,848361335072.3
2026-03-27,3852.09,3924.11,3852.09,3913.72,561342963,799696430885.6
2026-03-30,3884.28,3924.29,3872.78,3923.29,595589479,839822434665.3
2026-03-31,3924.07,3948.81,3891.86,3891.86,606704983,891945339553.7
2026-04-01,3939.57,3955.94,3929.92,3948.55,564611598,897278213909.0
2026-04-02,3940.8,3952.58,3900.12,3919.29,544212835,811896566971.7
2026-04-03,3927.59,3929.53,3871.3,3880.1,492699082,713830332060.1
2026-04-07,3884.15,3902.61,3875.68,3890.16,473615076,723905837261.2
2026-04-08,3930.25,3995.0,3926.25,3995.0,644135352,1074211701270.4
2026-04-09,3967.63,3979.13,3955.25,3966.17,541569801,902481840100.8
2026-04-10,3985.46,4011.02,3979.81,3986.22,546415541,955664107213.6
2026-04-13,3971.2,3991.26,3966.2,3988.56,545781768,919436481788.0
2026-04-14,4006.73,4026.63,3992.41,4026.63,570259003,998435132019.7
2026-04-15,4039.47,4050.62,4020.9,4027.21,569458589,1028851871452.4
2026-04-16,4030.14,4057.83,4028.91,4055.55,545876967,976565489654.5
2026-04-17,4043.38,4058.6,4038.43,4051.43,548791406,1013520660231.1
2026-04-20,4053.37,4083.19,4051.69,4082.13,589841379,1084578006427.0
2026-04-21,4075.85,4086.64,4062.13,4085.08,576689450,1033349016214.4
2026-04-22,4074.81,4106.84,4074.68,4106.26,582466346,1093625892373.6
2026-04-23,4110.79,4114.84,4070.46,4093.25,671166092,1234396207619.2
2026-04-24,4081.03,4092.61,4061.15,4079.9,605031798,1143000195131.0
2026-04-27,4074.81,4092.83,4071.08,4086.34,589950867,1136051921709.8
2026-04-28,4076.14,4090.2,4062.87,4078.64,600507498,1113955561935.5
2026-04-29,4061.82,4112.15,4061.82,4107.51,614221451,1126615371064.6
2026-04-30,4107.3,4118.76,4100.97,4112.16,656912728,1276194739057.5
2026-05-06,4135.45,4166.15,4129.91,4160.17,701177480,1465903193400.0
2026-05-07,4168.45,4180.21,4163.14,4180.09,685574249,1359099509978.5
2026-05-08,4163.85,4183.06,4154.25,4179.95,697019094,1331673066130.8
2026-05-11,4201.35,4229.58,4186.08,4225.02,762736287,1584366746239.2
2026-05-12,4229.28,4230.18,4199.34,4214.49,718984002,1465272590579.1
2026-05-13,4192.31,4245.07,4192.31,4242.57,705018739,1447463947685.1
2026-05-14,4256.16,4258.86,4177.92,4177.92,764235004,1498116800621.6
2026-05-15,4174.18,4191.81,4114.09,4135.39,733162357,1519240026458.7
2026-05-18,4120.14,4145.66,4108.6,4131.53,627233137,1315084195447.2
2026-05-19,4122.96,4170.29,4107.99,4169.54,617611067,1306522478007.3
2026-05-20,4152.7,4169.85,4139.97,4162.18,624152035,1358926939220.2
2026-05-21,4174.38,4199.53,4074.22,4077.28,727218701,1595726694714.8
2026-05-22,4096.17,4120.09,4067.75,4112.9,589459644,1285847521737.2
2026-05-25,4126.34,4153.88,4119.8,4152.57,615930861,1445655378392.4
2026-05-26,4137.32,4150.29,4104.46,4145.37,654777756,1461685377747.7
2026-05-27,4138.81,4153.56,4077.62,4093.73,660467399,1473449050997.9
2026-05-28,4080.3,4110.78,4055.83,4098.64,621179950,1361325732878.4
2026-05-29,4110.52,4112.96,4055.89,4068.57,731597710,1532067352981.8
2026-06-01,4067.16,4093.04,4045.69,4057.74,676025806,1319801913950.9
2026-06-02,4061.46,4089.57,4032.58,4075.1,642244656,1280966176160.9
2026-06-03,4068.34,4107.05,4059.91,4083.97,668452583,1429755844607.8
2026-06-04,4053.67,4080.72,4043.43,4057.78,621194774,1274652182407.1
2026-06-05,4044.83,4078.93,4015.06,4027.74,662918577,1363887868514.9
2026-06-08,3938.71,4007.49,3927.85,3959.34,659293555,1267277235711.9
2026-06-09,3977.54,4010.87,3955.91,4010.03,576570090,1173088930413.3
2026-06-10,3985.12,4006.31,3963.44,3993.23,598694739,1227070067091.4
2026-06-11,3979.71,3997.48,3958.44,3987.01,568545244,1185554610734.1
2026-06-12,4017.86,4060.27,4008.18,4031.51,743131092,1537401519424.7
2026-06-15,4053.58,4097.17,4051.07,4096.47,678907811,1403586231239.1
2026-06-16,4094.21,4103.93,4077.87,4091.89,615668296,1369612989674.4
2026-06-17,4074.29,4109.96,4073.73,4108.08,608077413,1403145909875.0
2026-06-18,4094.23,4117.45,4080.29,4090.48,658116068,1560473972715.4
2026-06-22,4093.95,4164.42,4070.17,4163.1,743699355,1704000421650.5
2026-06-23,4153.59,4175.35,4085.59,4106.25,709003913,1594542362380.1
2026-06-24,4090.1,4117.28,4075.49,4110.81,644527518,1514193285000.4
2026-06-25,4103.48,4133.1,4093.01,4120.28,670459917,1618996555015.6
2026-06-26,4098.69,4099.78,4007.86,4027.26,660108666,1621195708659.7
2026-06-29,4026.69,4075.33,3992.55,4073.9,659199936,1666220369467.3
2026-06-30,4058.17,4097.42,4052.17,4094.4,598412203,1530325961725.2
2026-07-01,4090.76,4143.31,4087.54,4112.45,672331791,1698487572312.8
2026-07-02,4054.09,4093.68,4019.21,4028.9,656233612,1577183734746.7
2026-07-03,4031.34,4073.88,4027.26,4043.64,602009738,1465563104853.7
2026-07-06,4059.19,4060.07,4005.41,4041.24,590364903,1432112821099.2
2026-07-07,4019.49,4028.51,3971.71,3990.24,514453091,1196371087894.4
2026-07-08,3996.81,4016.03,3967.91,3970.88,496229374,1192355798215.7
2026-07-09,3977.55,4040.54,3938.88,4036.59,553063980,1364176552620.6
2026-07-10,4031.54,4074.83,3995.81,3996.16,627450065,1563108691542.7
2026-07-13,3966.02,3983.05,3900.67,3913.79,590907356,1334871933909.0
2026-07-14,3909.27,3967.13,3869.3,3967.13,579982052,1271796839678.5
2026-07-15,3963.73,3981.67,3943.7,3955.58,576209492,1226298269897.2
2026-07-16,3912.38,3940.45,3867.6,3882.41,535281873,1124208166213.8
2026-07-17,3865.32,3869.21,3745.17,3764.15,650450984,1246445452836.3
2026-07-20,3791.66,3831.66,3741.11,3796.28,709234069,1294651895844.7
2026-07-21,3812.16,3864.6,3743.36,3864.37,735021925,1396517619563.9
2026-07-22,3839.67,3884.44,3839.67,3867.03,614255215,1258148128160.0
2026-07-23,3868.09,3878.83,3851.71,3876.78,562122601,1025875517700.1
2026-07-24,3853.63,3861.04,3808.64,3814.2,508203905,915366398292.6
2026-07-27,3808.9,3858.31,3793.45,3858.25,504879454,1031312143065.2
2026-07-28,3823.13,3844.01,3797.37,3813.31,494829126,949683080126.4
2026-07-29,3823.29,3845.77,3782.48,3828.47,571226391,1087407759096.1
2026-07-30,3812.11,3839.34,3767.5,3804.69,592298923,1106477266461.8
2026-07-31,3833.54,3847.09,3822.37,3832.26,597529427,1187681546393.3
2026-08-03,3812.61,3827.64,3797.64,3809.66,524516960,952256890102.3
2026-08-04,3816.37,3831.94,3799.52,3822.28,540324922,1008382536905.4
2026-08-05,3815.12,3884.4,3815.12,3878.43,592155124,1208723017752.0
2026-08-06,3864.27,3902.05,3864.27,3900.35,588555280,1166818677225.2
2026-08-07,3896.49,3940.93,3885.62,3940.04,564988582,1209543573294.4
2026-08-10,3943.82,3967.59,3938.63,3966.59,542118110,1166893282353.8
2026-08-11,3950.71,3966.39,3930.64,3934.09,529490944,1066737091823.1
2026-08-12,3933.55,3950.62,3927.55,3946.68,503257011,986122393817.1
2026-08-13,3957.16,3968.48,3924.64,3926.96,572793677,1164203068529.8
2026-08-14,3930.02,3932.64,3903.7,3927.18,499525613,990371924237.7
2026-08-17,3930.1,3983.51,3924.47,3982.65,489834027,1112818620627.0
2026-08-18,3979.49,3994.18,3955.6,3990.3,511234287,1135187666395.3
2026-08-19,3952.12,3961.14,3879.58,3894.42,572191213,1218107974056.1
2026-08-20,3907.21,3925.06,3888.1,3903.72,506633954,1018568353176.8
2026-08-21,3891.18,3912.13,3883.79,3905.2,446895868,883423480098.6
2026-08-24,3902.7,3910.24,3855.35,3882.01,486931412,952039262500.5
2026-08-25,3863.37,3896.21,3850.86,3889.44,464117264,858874228921.8
2026-08-26,3881.74,3926.44,3881.74,3912.52,489553021,857223487993.3
2026-08-27,3911.89,3958.03,3909.31,3956.57,516777549,1010226573954.6
2026-08-28,3950.24,3970.31,3947.8,3952.18,510581645,970365152112.9
2026-08-31,3926.53,3986.3,3926.5,3986.3,576656606,1014292552053.7
2026-09-01,3979.88,3995.18,3976.47,3979.89,573538949,944307561356.8
2026-09-02,3963.07,3965.81,3932.25,3941.39,516472775,835367755899.5
2026-09-03,3952.79,3968.11,3930.45,3942.09,496990189,819882350383.0
2026-09-04,3955.55,3980.2,3915.22,3930.12,537286161,938255187184.3
2026-09-07,3942.51,3948.42,3916.49,3932.7,477375261,897904014869.2
2026-09-08,3935.55,3951.32,3925.72,3940.55,529992688,915566238948.8
2026-09-09,3943.92,3958.12,3933.47,3951.51,517504311,873734897105.6
2026-09-10,3939.09,3949.25,3927.35,3934.4,484675114,779672692269.7
2026-09-11,3910.92,3912.32,3852.03,3888.11,579123145,958186336970.1
2026-09-14,3867.02,3895.51,3867.02,3885.33,458888916,779281246497.2
2026-09-15,3879.73,3891.62,3858.15,3864.28,440907766,763982900036.3
2026-09-16,3861.75,3894.66,3842.72,3891.6,459125108,871141346852.1
2026-09-17,3877.0,3898.84,3866.89,3875.6,452886464,868773066850.2
2026-09-18,3891.96,3919.67,3888.5,3911.87,485712507,994169450166.2
2026-09-21,3920.27,3950.94,3918.13,3949.91,502354877,946819124308.7
2026-09-22,3963.81,3967.68,3945.42,3952.13,506148369,1007995610882.3
2026-09-23,3951.37,3951.52,3938.02,3943.4,274017905,477089551834.6
