date,fin_balance,fin_buy,source
2012-09-27,704.53,34.09,eastmoney-all
2012-09-28,685.47,33.52,eastmoney-all
2012-10-08,696.69,34.59,eastmoney-all
2012-10-09,699.63,41.87,eastmoney-all
2012-10-10,708.57,36.16,eastmoney-all
2012-10-11,715.18,33.32,eastmoney-all
2012-10-12,716.87,29.61,eastmoney-all
2012-10-15,719.66,27.59,eastmoney-all
2012-10-16,720.75,28.81,eastmoney-all
2012-10-17,726.03,29.53,eastmoney-all
2012-10-18,725.29,38.5,eastmoney-all
2012-10-19,722.64,30.26,eastmoney-all
2012-10-22,728.68,33.01,eastmoney-all
2012-10-23,735.19,35.19,eastmoney-all
2012-10-24,738.7,28.93,eastmoney-all
2012-10-25,743.62,32.62,eastmoney-all
2012-10-26,749.71,33.58,eastmoney-all
2012-10-29,754.63,22.77,eastmoney-all
2012-10-30,753.15,23.3,eastmoney-all
2012-10-31,752.88,24.59,eastmoney-all
2012-11-01,748.99,38.05,eastmoney-all
2012-11-02,747.84,33.04,eastmoney-all
2012-11-05,751.39,32.39,eastmoney-all
2012-11-06,755.08,34.08,eastmoney-all
2012-11-07,756.69,29.23,eastmoney-all
2012-11-08,754.93,29.69,eastmoney-all
2012-11-09,751.91,20.83,eastmoney-all
2012-11-12,752.65,25.0,eastmoney-all
2012-11-13,754.03,26.47,eastmoney-all
2012-11-14,755.16,21.58,eastmoney-all
2012-11-15,755.95,22.19,eastmoney-all
2012-11-16,756.31,23.35,eastmoney-all
2012-11-19,759.31,24.3,eastmoney-all
2012-11-20,760.04,21.41,eastmoney-all
2012-11-21,761.52,27.82,eastmoney-all
2012-11-22,761.34,19.75,eastmoney-all
2012-11-23,758.65,21.76,eastmoney-all
2012-11-26,760.24,19.46,eastmoney-all
2012-11-27,758.29,22.87,eastmoney-all
2012-11-28,755.4,20.37,eastmoney-all
2012-11-29,751.33,20.25,eastmoney-all
2012-11-30,747.59,23.92,eastmoney-all
2012-12-03,743.37,25.98,eastmoney-all
2012-12-04,741.11,25.61,eastmoney-all
2012-12-05,742.93,59.93,eastmoney-all
2012-12-06,748.19,38.29,eastmoney-all
2012-12-07,747.34,54.15,eastmoney-all
2012-12-10,749.2,51.21,eastmoney-all
2012-12-11,756.33,44.47,eastmoney-all
2012-12-12,763.21,39.2,eastmoney-all
2012-12-13,766.89,32.55,eastmoney-all
2012-12-14,768.54,82.74,eastmoney-all
2012-12-17,779.53,81.81,eastmoney-all
2012-12-18,790.96,74.83,eastmoney-all
2012-12-19,799.44,56.91,eastmoney-all
2012-12-20,810.26,64.38,eastmoney-all
2012-12-21,822.06,69.42,eastmoney-all
2012-12-24,831.42,54.48,eastmoney-all
2012-12-25,841.38,95.01,eastmoney-all
2012-12-26,850.59,74.02,eastmoney-all
2012-12-27,860.45,77.71,eastmoney-all
2012-12-28,861.44,74.29,eastmoney-all
2012-12-31,856.5,81.64,eastmoney-all
2013-01-04,879.0,103.52,eastmoney-all
2013-01-07,899.94,79.83,eastmoney-all
2013-01-08,914.05,80.55,eastmoney-all
2013-01-09,925.53,82.14,eastmoney-all
2013-01-10,937.69,80.68,eastmoney-all
2013-01-11,943.84,81.14,eastmoney-all
2013-01-14,963.09,115.82,eastmoney-all
2013-01-15,981.51,117.03,eastmoney-all
2013-01-16,995.97,107.25,eastmoney-all
2013-01-17,1011.83,82.15,eastmoney-all
2013-01-18,1010.84,84.94,eastmoney-all
2013-01-21,1032.58,97.52,eastmoney-all
2013-01-22,1053.61,114.54,eastmoney-all
2013-01-23,1069.47,83.95,eastmoney-all
2013-01-24,1071.06,114.38,eastmoney-all
2013-01-25,1071.92,60.64,eastmoney-all
2013-01-28,1086.27,102.65,eastmoney-all
2013-01-29,1107.91,117.59,eastmoney-all
2013-01-30,1131.12,113.85,eastmoney-all
2013-01-31,1151.87,114.53,eastmoney-all
2013-02-01,1156.57,119.96,eastmoney-all
2013-02-04,1189.28,165.52,eastmoney-all
2013-02-05,1205.69,133.45,eastmoney-all
2013-02-06,1225.86,114.27,eastmoney-all
2013-02-07,1243.82,121.05,eastmoney-all
2013-02-08,1217.25,98.98,eastmoney-all
2013-02-18,1262.96,130.91,eastmoney-all
2013-02-19,1294.94,117.97,eastmoney-all
2013-02-20,1304.09,94.18,eastmoney-all
2013-02-21,1323.25,124.26,eastmoney-all
2013-02-22,1323.35,78.49,eastmoney-all
2013-02-25,1337.05,72.76,eastmoney-all
2013-02-26,1358.54,109.92,eastmoney-all
2013-02-27,1365.95,82.09,eastmoney-all
2013-02-28,1369.9,116.75,eastmoney-all
2013-03-01,1383.43,109.37,eastmoney-all
2013-03-04,1411.5,136.83,eastmoney-all
2013-03-05,1429.81,121.63,eastmoney-all
2013-03-06,1449.16,127.3,eastmoney-all
2013-03-07,1464.3,126.91,eastmoney-all
2013-03-08,1468.71,89.67,eastmoney-all
2013-03-11,1481.96,76.74,eastmoney-all
2013-03-12,1475.48,101.49,eastmoney-all
2013-03-13,1494.39,81.57,eastmoney-all
2013-03-14,1502.97,67.29,eastmoney-all
2013-03-15,1509.11,106.51,eastmoney-all
2013-03-18,1520.54,80.89,eastmoney-all
2013-03-19,1528.73,78.73,eastmoney-all
2013-03-20,1539.19,120.48,eastmoney-all
2013-03-21,1553.47,108.97,eastmoney-all
2013-03-22,1564.05,86.39,eastmoney-all
2013-03-25,1581.39,94.0,eastmoney-all
2013-03-26,1597.24,103.74,eastmoney-all
2013-03-27,1611.61,90.6,eastmoney-all
2013-03-28,1621.68,111.89,eastmoney-all
2013-03-29,1616.9,75.22,eastmoney-all
2013-04-01,1629.43,70.92,eastmoney-all
2013-04-02,1635.54,81.92,eastmoney-all
2013-04-03,1632.22,61.57,eastmoney-all
2013-04-08,1648.89,75.73,eastmoney-all
2013-04-09,1658.93,75.84,eastmoney-all
2013-04-10,1662.25,75.5,eastmoney-all
2013-04-11,1669.46,65.56,eastmoney-all
2013-04-12,1667.78,61.0,eastmoney-all
2013-04-15,1670.38,64.95,eastmoney-all
2013-04-16,1673.87,77.76,eastmoney-all
2013-04-17,1686.73,74.32,eastmoney-all
2013-04-18,1695.46,75.99,eastmoney-all
2013-04-19,1699.94,120.23,eastmoney-all
2013-04-22,1727.39,114.4,eastmoney-all
2013-04-23,1745.35,109.78,eastmoney-all
2013-04-24,1758.52,110.83,eastmoney-all
2013-04-25,1765.48,113.18,eastmoney-all
2013-04-26,1749.31,81.56,eastmoney-all
2013-05-02,1762.11,84.96,eastmoney-all
2013-05-03,1759.15,103.0,eastmoney-all
2013-05-06,1786.39,119.9,eastmoney-all
2013-05-07,1801.9,113.24,eastmoney-all
2013-05-08,1811.66,113.68,eastmoney-all
2013-05-09,1835.47,131.49,eastmoney-all
2013-05-10,1842.64,101.36,eastmoney-all
2013-05-13,1866.64,105.55,eastmoney-all
2013-05-14,1889.72,108.72,eastmoney-all
2013-05-15,1907.29,98.98,eastmoney-all
2013-05-16,1926.49,149.33,eastmoney-all
2013-05-17,1927.73,144.95,eastmoney-all
2013-05-20,1957.79,185.89,eastmoney-all
2013-05-21,1993.29,170.02,eastmoney-all
2013-05-22,2018.74,165.48,eastmoney-all
2013-05-23,2050.7,171.55,eastmoney-all
2013-05-24,2065.55,134.39,eastmoney-all
2013-05-27,2098.08,161.98,eastmoney-all
2013-05-28,2114.02,180.33,eastmoney-all
2013-05-29,2139.74,181.91,eastmoney-all
2013-05-30,2166.95,164.24,eastmoney-all
2013-05-31,2180.49,155.0,eastmoney-all
2013-06-03,2207.75,142.5,eastmoney-all
2013-06-04,2227.44,138.65,eastmoney-all
2013-06-05,2238.64,109.59,eastmoney-all
2013-06-06,2247.71,126.58,eastmoney-all
2013-06-07,2232.16,122.6,eastmoney-all
2013-06-13,2246.05,114.99,eastmoney-all
2013-06-14,2244.43,100.18,eastmoney-all
2013-06-17,2268.53,116.95,eastmoney-all
2013-06-18,2279.63,96.57,eastmoney-all
2013-06-19,2295.09,111.63,eastmoney-all
2013-06-20,2306.0,107.37,eastmoney-all
2013-06-21,2298.88,93.83,eastmoney-all
2013-06-24,2273.37,123.19,eastmoney-all
2013-06-25,2219.73,127.76,eastmoney-all
2013-06-26,2224.2,108.94,eastmoney-all
2013-06-27,2206.12,105.61,eastmoney-all
2013-06-28,2188.0,97.83,eastmoney-all
2013-07-01,2184.95,85.05,eastmoney-all
2013-07-02,2188.59,105.93,eastmoney-all
2013-07-03,2198.54,112.43,eastmoney-all
2013-07-04,2200.52,121.92,eastmoney-all
2013-07-05,2196.4,109.08,eastmoney-all
2013-07-08,2189.05,90.28,eastmoney-all
2013-07-09,2185.68,68.94,eastmoney-all
2013-07-10,2192.68,110.8,eastmoney-all
2013-07-11,2188.47,191.85,eastmoney-all
2013-07-12,2199.32,165.94,eastmoney-all
2013-07-15,2214.73,149.11,eastmoney-all
2013-07-16,2237.45,140.23,eastmoney-all
2013-07-17,2242.94,134.22,eastmoney-all
2013-07-18,2259.92,116.52,eastmoney-all
2013-07-19,2249.21,128.96,eastmoney-all
2013-07-22,2262.68,102.04,eastmoney-all
2013-07-23,2272.27,147.01,eastmoney-all
2013-07-24,2285.52,153.53,eastmoney-all
2013-07-25,2285.81,137.68,eastmoney-all
2013-07-26,2280.38,97.86,eastmoney-all
2013-07-29,2287.17,104.87,eastmoney-all
2013-07-30,2286.13,102.8,eastmoney-all
2013-07-31,2285.26,94.4,eastmoney-all
2013-08-01,2290.45,128.78,eastmoney-all
2013-08-02,2282.56,125.86,eastmoney-all
2013-08-05,2293.92,122.08,eastmoney-all
2013-08-06,2301.93,147.72,eastmoney-all
2013-08-07,2307.85,152.92,eastmoney-all
2013-08-08,2325.65,121.99,eastmoney-all
2013-08-09,2327.79,131.24,eastmoney-all
2013-08-12,2329.98,175.22,eastmoney-all
2013-08-13,2348.26,154.18,eastmoney-all
2013-08-14,2354.23,153.1,eastmoney-all
2013-08-15,2362.9,130.37,eastmoney-all
2013-08-16,2373.2,201.97,eastmoney-all
2013-08-19,2379.24,131.28,eastmoney-all
2013-08-20,2389.69,138.24,eastmoney-all
2013-08-21,2404.79,113.01,eastmoney-all
2013-08-22,2410.0,118.46,eastmoney-all
2013-08-23,2409.07,154.9,eastmoney-all
2013-08-26,2426.46,166.86,eastmoney-all
2013-08-27,2451.24,160.1,eastmoney-all
2013-08-28,2480.43,199.1,eastmoney-all
2013-08-29,2499.04,152.38,eastmoney-all
2013-08-30,2485.62,184.02,eastmoney-all
2013-09-02,2505.74,167.22,eastmoney-all
2013-09-03,2503.6,155.51,eastmoney-all
2013-09-04,2513.9,164.04,eastmoney-all
2013-09-05,2532.26,157.66,eastmoney-all
2013-09-06,2540.83,166.35,eastmoney-all
2013-09-09,2582.74,280.71,eastmoney-all
2013-09-10,2626.24,289.5,eastmoney-all
2013-09-11,2646.32,299.1,eastmoney-all
2013-09-12,2687.7,263.56,eastmoney-all
2013-09-13,2702.2,212.09,eastmoney-all
2013-09-16,2742.79,235.42,eastmoney-all
2013-09-17,2768.3,224.02,eastmoney-all
2013-09-18,2757.55,164.1,eastmoney-all
2013-09-23,2798.01,214.46,eastmoney-all
2013-09-24,2829.69,248.28,eastmoney-all
2013-09-25,2850.36,234.82,eastmoney-all
2013-09-26,2865.1,213.97,eastmoney-all
2013-09-27,2859.87,170.84,eastmoney-all
2013-09-30,2827.69,153.51,eastmoney-all
2013-10-08,2885.09,243.45,eastmoney-all
2013-10-09,2928.81,220.71,eastmoney-all
2013-10-10,2968.61,246.55,eastmoney-all
2013-10-11,2992.13,243.46,eastmoney-all
2013-10-14,3030.74,259.5,eastmoney-all
2013-10-15,3063.69,239.52,eastmoney-all
2013-10-16,3067.28,228.17,eastmoney-all
2013-10-17,3074.1,191.42,eastmoney-all
2013-10-18,3068.28,154.65,eastmoney-all
2013-10-21,3097.68,230.28,eastmoney-all
2013-10-22,3113.49,252.15,eastmoney-all
2013-10-23,3113.87,219.44,eastmoney-all
2013-10-24,3123.42,151.48,eastmoney-all
2013-10-25,3121.09,176.06,eastmoney-all
2013-10-28,3127.52,137.11,eastmoney-all
2013-10-29,3105.49,202.09,eastmoney-all
2013-10-30,3111.15,166.75,eastmoney-all
2013-10-31,3109.84,148.92,eastmoney-all
2013-11-01,3087.9,118.57,eastmoney-all
2013-11-04,3096.73,117.87,eastmoney-all
2013-11-05,3104.04,137.63,eastmoney-all
2013-11-06,3106.98,151.93,eastmoney-all
2013-11-07,3107.54,124.57,eastmoney-all
2013-11-08,3099.39,120.02,eastmoney-all
2013-11-11,3096.7,103.87,eastmoney-all
2013-11-12,3089.86,115.44,eastmoney-all
2013-11-13,3076.95,123.97,eastmoney-all
2013-11-14,3079.37,130.41,eastmoney-all
2013-11-15,3085.48,200.93,eastmoney-all
2013-11-18,3111.69,255.3,eastmoney-all
2013-11-19,3132.87,215.63,eastmoney-all
2013-11-20,3155.98,193.31,eastmoney-all
2013-11-21,3169.96,219.66,eastmoney-all
2013-11-22,3167.63,190.06,eastmoney-all
2013-11-25,3180.81,176.99,eastmoney-all
2013-11-26,3197.34,159.69,eastmoney-all
2013-11-27,3215.85,213.81,eastmoney-all
2013-11-28,3227.78,239.37,eastmoney-all
2013-11-29,3234.82,197.04,eastmoney-all
2013-12-02,3235.84,289.66,eastmoney-all
2013-12-03,3246.81,188.08,eastmoney-all
2013-12-04,3271.32,252.86,eastmoney-all
2013-12-05,3291.53,204.9,eastmoney-all
2013-12-06,3289.96,176.27,eastmoney-all
2013-12-09,3306.52,168.4,eastmoney-all
2013-12-10,3318.01,175.5,eastmoney-all
2013-12-11,3327.65,174.4,eastmoney-all
2013-12-12,3337.79,149.05,eastmoney-all
2013-12-13,3340.2,135.26,eastmoney-all
2013-12-16,3346.26,162.18,eastmoney-all
2013-12-17,3355.07,128.82,eastmoney-all
2013-12-18,3358.87,109.25,eastmoney-all
2013-12-19,3365.93,125.59,eastmoney-all
2013-12-20,3371.27,131.06,eastmoney-all
2013-12-23,3373.09,106.44,eastmoney-all
2013-12-24,3378.28,118.5,eastmoney-all
2013-12-25,3392.86,122.44,eastmoney-all
2013-12-26,3403.45,133.52,eastmoney-all
2013-12-27,3405.11,125.38,eastmoney-all
2013-12-30,3433.57,137.26,eastmoney-all
2013-12-31,3435.06,138.98,eastmoney-all
2014-01-02,3448.64,135.06,eastmoney-all
2014-01-03,3446.17,149.54,eastmoney-all
2014-01-06,3452.09,141.44,eastmoney-all
2014-01-07,3456.8,109.82,eastmoney-all
2014-01-08,3467.73,146.52,eastmoney-all
2014-01-09,3480.89,165.18,eastmoney-all
2014-01-10,3480.57,125.36,eastmoney-all
2014-01-13,3477.99,113.85,eastmoney-all
2014-01-14,3478.77,123.71,eastmoney-all
2014-01-15,3486.11,130.9,eastmoney-all
2014-01-16,3491.07,134.99,eastmoney-all
2014-01-17,3497.77,125.08,eastmoney-all
2014-01-20,3507.12,112.94,eastmoney-all
2014-01-21,3509.62,131.11,eastmoney-all
2014-01-22,3518.66,194.89,eastmoney-all
2014-01-23,3531.11,190.32,eastmoney-all
2014-01-24,3530.24,193.61,eastmoney-all
2014-01-27,3543.83,203.2,eastmoney-all
2014-01-28,3539.18,149.79,eastmoney-all
2014-01-29,3521.08,153.39,eastmoney-all
2014-01-30,3472.17,132.81,eastmoney-all
2014-02-07,3518.33,183.54,eastmoney-all
2014-02-10,3576.15,279.6,eastmoney-all
2014-02-11,3632.39,305.52,eastmoney-all
2014-02-12,3676.1,252.57,eastmoney-all
2014-02-13,3712.84,286.88,eastmoney-all
2014-02-14,3715.22,198.55,eastmoney-all
2014-02-17,3752.7,280.3,eastmoney-all
2014-02-18,3794.07,288.73,eastmoney-all
2014-02-19,3822.55,276.54,eastmoney-all
2014-02-20,3841.88,275.75,eastmoney-all
2014-02-21,3839.43,199.86,eastmoney-all
2014-02-24,3851.97,225.31,eastmoney-all
2014-02-25,3842.51,266.29,eastmoney-all
2014-02-26,3850.26,196.18,eastmoney-all
2014-02-27,3845.34,231.42,eastmoney-all
2014-02-28,3837.07,190.4,eastmoney-all
2014-03-03,3853.01,203.13,eastmoney-all
2014-03-04,3863.45,200.33,eastmoney-all
2014-03-05,3877.84,186.7,eastmoney-all
2014-03-06,3884.75,193.13,eastmoney-all
2014-03-07,3870.01,184.46,eastmoney-all
2014-03-10,3857.25,189.19,eastmoney-all
2014-03-11,3848.1,148.33,eastmoney-all
2014-03-12,3838.92,168.47,eastmoney-all
2014-03-13,3844.72,160.76,eastmoney-all
2014-03-14,3836.07,143.25,eastmoney-all
2014-03-17,3845.44,157.34,eastmoney-all
2014-03-18,3862.3,181.12,eastmoney-all
2014-03-19,3883.37,170.42,eastmoney-all
2014-03-20,3885.18,182.16,eastmoney-all
2014-03-21,3889.13,222.53,eastmoney-all
2014-03-24,3907.16,228.81,eastmoney-all
2014-03-25,3924.55,198.69,eastmoney-all
2014-03-26,3939.03,166.31,eastmoney-all
2014-03-27,3947.12,194.48,eastmoney-all
2014-03-28,3931.24,175.68,eastmoney-all
2014-03-31,3926.85,129.32,eastmoney-all
2014-04-01,3919.12,120.31,eastmoney-all
2014-04-02,3914.97,155.43,eastmoney-all
2014-04-03,3927.49,164.64,eastmoney-all
2014-04-04,3913.11,134.47,eastmoney-all
2014-04-08,3921.95,222.36,eastmoney-all
2014-04-09,3938.23,196.86,eastmoney-all
2014-04-10,3971.24,294.19,eastmoney-all
2014-04-11,3973.32,222.92,eastmoney-all
2014-04-14,3996.0,188.08,eastmoney-all
2014-04-15,4016.65,207.93,eastmoney-all
2014-04-16,4023.06,158.91,eastmoney-all
2014-04-17,4029.29,159.96,eastmoney-all
2014-04-18,4020.85,145.24,eastmoney-all
2014-04-21,4020.15,175.82,eastmoney-all
2014-04-22,4023.6,174.63,eastmoney-all
2014-04-23,4027.98,139.22,eastmoney-all
2014-04-24,4020.36,137.17,eastmoney-all
2014-04-25,4000.16,149.39,eastmoney-all
2014-04-28,3984.59,143.12,eastmoney-all
2014-04-29,3968.57,118.11,eastmoney-all
2014-04-30,3939.18,106.02,eastmoney-all
2014-05-05,3954.55,127.59,eastmoney-all
2014-05-06,3965.99,136.33,eastmoney-all
2014-05-07,3963.09,119.41,eastmoney-all
2014-05-08,3961.33,126.93,eastmoney-all
2014-05-09,3950.27,116.94,eastmoney-all
2014-05-12,3958.65,195.64,eastmoney-all
2014-05-13,3966.55,158.42,eastmoney-all
2014-05-14,3964.81,119.64,eastmoney-all
2014-05-15,3959.02,127.14,eastmoney-all
2014-05-16,3944.81,107.09,eastmoney-all
2014-05-19,3946.61,121.67,eastmoney-all
2014-05-20,3946.89,115.25,eastmoney-all
2014-05-21,3952.71,116.27,eastmoney-all
2014-05-22,3945.71,137.19,eastmoney-all
2014-05-23,3929.18,121.67,eastmoney-all
2014-05-26,3928.52,154.39,eastmoney-all
2014-05-27,3931.67,139.95,eastmoney-all
2014-05-28,3938.04,181.7,eastmoney-all
2014-05-29,3935.08,169.65,eastmoney-all
2014-05-30,3915.67,146.63,eastmoney-all
2014-06-03,3913.86,150.93,eastmoney-all
2014-06-04,3916.68,140.48,eastmoney-all
2014-06-05,3911.28,135.95,eastmoney-all
2014-06-06,3909.15,141.48,eastmoney-all
2014-06-09,3913.56,140.79,eastmoney-all
2014-06-10,3916.85,169.84,eastmoney-all
2014-06-11,3921.83,164.67,eastmoney-all
2014-06-12,3933.65,165.16,eastmoney-all
2014-06-13,3925.94,192.37,eastmoney-all
2014-06-16,3943.93,208.02,eastmoney-all
2014-06-17,3976.75,193.39,eastmoney-all
2014-06-18,4014.45,191.87,eastmoney-all
2014-06-19,4028.09,198.12,eastmoney-all
2014-06-20,4027.73,128.72,eastmoney-all
2014-06-23,4027.44,139.81,eastmoney-all
2014-06-24,4028.16,149.15,eastmoney-all
2014-06-25,4035.78,139.75,eastmoney-all
2014-06-26,4027.69,166.6,eastmoney-all
2014-06-27,4015.15,190.69,eastmoney-all
2014-06-30,4034.96,212.22,eastmoney-all
2014-07-01,4050.05,211.63,eastmoney-all
2014-07-02,4065.53,220.25,eastmoney-all
2014-07-03,4085.0,243.66,eastmoney-all
2014-07-04,4085.69,211.99,eastmoney-all
2014-07-07,4114.76,215.8,eastmoney-all
2014-07-08,4139.16,217.23,eastmoney-all
2014-07-09,4159.21,249.64,eastmoney-all
2014-07-10,4181.51,211.17,eastmoney-all
2014-07-11,4188.52,205.19,eastmoney-all
2014-07-14,4214.76,253.74,eastmoney-all
2014-07-15,4228.57,247.77,eastmoney-all
2014-07-16,4248.47,235.2,eastmoney-all
2014-07-17,4255.47,179.6,eastmoney-all
2014-07-18,4237.9,178.77,eastmoney-all
2014-07-21,4240.09,177.34,eastmoney-all
2014-07-22,4253.94,241.05,eastmoney-all
2014-07-23,4286.86,260.99,eastmoney-all
2014-07-24,4309.14,313.6,eastmoney-all
2014-07-25,4298.05,266.36,eastmoney-all
2014-07-28,4281.03,401.86,eastmoney-all
2014-07-29,4303.22,373.3,eastmoney-all
2014-07-30,4358.34,359.71,eastmoney-all
2014-07-31,4400.74,332.32,eastmoney-all
2014-08-01,4393.21,348.48,eastmoney-all
2014-08-04,4435.49,342.9,eastmoney-all
2014-08-05,4471.62,370.26,eastmoney-all
2014-08-06,4522.87,380.01,eastmoney-all
2014-08-07,4563.53,360.06,eastmoney-all
2014-08-08,4576.59,283.75,eastmoney-all
2014-08-11,4603.08,330.57,eastmoney-all
2014-08-12,4654.67,351.75,eastmoney-all
2014-08-13,4716.51,385.25,eastmoney-all
2014-08-14,4764.52,360.36,eastmoney-all
2014-08-15,4780.12,335.54,eastmoney-all
2014-08-18,4829.45,388.03,eastmoney-all
2014-08-19,4868.15,427.95,eastmoney-all
2014-08-20,4917.15,375.09,eastmoney-all
2014-08-21,4967.88,383.72,eastmoney-all
2014-08-22,4983.32,362.4,eastmoney-all
2014-08-25,5024.66,362.82,eastmoney-all
2014-08-26,5063.43,348.28,eastmoney-all
2014-08-27,5103.18,278.78,eastmoney-all
2014-08-28,5181.67,306.86,eastmoney-all
2014-08-29,5201.04,246.97,eastmoney-all
2014-09-01,5241.67,333.52,eastmoney-all
2014-09-02,5233.6,426.16,eastmoney-all
2014-09-03,5236.47,470.72,eastmoney-all
2014-09-04,5292.24,474.67,eastmoney-all
2014-09-05,5293.49,470.74,eastmoney-all
2014-09-09,5366.89,485.42,eastmoney-all
2014-09-10,5448.87,446.43,eastmoney-all
2014-09-11,5520.75,552.28,eastmoney-all
2014-09-12,5563.73,422.2,eastmoney-all
2014-09-15,5655.5,506.33,eastmoney-all
2014-09-16,5712.53,621.09,eastmoney-all
2014-09-17,5761.39,407.02,eastmoney-all
2014-09-18,5802.74,377.0,eastmoney-all
2014-09-19,5809.21,372.53,eastmoney-all
2014-09-22,5909.29,439.24,eastmoney-all
2014-09-23,5967.69,388.22,eastmoney-all
2014-09-24,6096.11,578.84,eastmoney-all
2014-09-25,6186.71,601.4,eastmoney-all
2014-09-26,6220.62,458.24,eastmoney-all
2014-09-29,6191.03,477.97,eastmoney-all
2014-09-30,6070.62,439.59,eastmoney-all
2014-10-08,6252.44,622.4,eastmoney-all
2014-10-09,6359.07,635.6,eastmoney-all
2014-10-10,6422.67,577.04,eastmoney-all
2014-10-13,6521.34,528.05,eastmoney-all
2014-10-14,6586.01,509.26,eastmoney-all
2014-10-15,6655.53,529.01,eastmoney-all
2014-10-16,6680.79,563.38,eastmoney-all
2014-10-17,6687.78,478.21,eastmoney-all
2014-10-20,6725.57,389.45,eastmoney-all
2014-10-21,6761.89,408.67,eastmoney-all
2014-10-22,6801.89,396.85,eastmoney-all
2014-10-23,6868.28,412.38,eastmoney-all
2014-10-24,6898.57,327.3,eastmoney-all
2014-10-27,6941.01,336.1,eastmoney-all
2014-10-28,6909.67,440.1,eastmoney-all
2014-10-29,6908.03,616.42,eastmoney-all
2014-10-30,6961.24,618.64,eastmoney-all
2014-10-31,6968.73,654.23,eastmoney-all
2014-11-03,7047.24,623.64,eastmoney-all
2014-11-04,7109.83,623.69,eastmoney-all
2014-11-05,7165.16,565.13,eastmoney-all
2014-11-06,7214.96,501.7,eastmoney-all
2014-11-07,7222.23,681.17,eastmoney-all
2014-11-10,7268.84,653.85,eastmoney-all
2014-11-11,7319.95,875.86,eastmoney-all
2014-11-12,7357.14,552.12,eastmoney-all
2014-11-13,7387.52,695.56,eastmoney-all
2014-11-14,7397.59,497.54,eastmoney-all
2014-11-17,7436.56,526.04,eastmoney-all
2014-11-18,7473.52,457.27,eastmoney-all
2014-11-19,7510.98,485.01,eastmoney-all
2014-11-20,7540.96,420.92,eastmoney-all
2014-11-21,7574.27,576.23,eastmoney-all
2014-11-24,7776.17,1048.9,eastmoney-all
2014-11-25,7931.98,915.68,eastmoney-all
2014-11-26,8061.13,1004.34,eastmoney-all
2014-11-27,8109.3,1010.44,eastmoney-all
2014-11-28,8188.45,1152.48,eastmoney-all
2014-12-01,8315.4,1133.13,eastmoney-all
2014-12-02,8403.23,1117.23,eastmoney-all
2014-12-03,8495.86,1516.39,eastmoney-all
2014-12-04,8735.06,1564.49,eastmoney-all
2014-12-05,8818.21,1740.57,eastmoney-all
2014-12-08,9080.11,1660.97,eastmoney-all
2014-12-09,9225.07,2057.84,eastmoney-all
2014-12-10,9292.11,1343.43,eastmoney-all
2014-12-11,9351.47,1216.66,eastmoney-all
2014-12-12,9367.59,1066.96,eastmoney-all
2014-12-15,9491.97,1122.06,eastmoney-all
2014-12-16,9618.21,1308.3,eastmoney-all
2014-12-17,9767.43,1492.93,eastmoney-all
2014-12-18,9877.87,1201.68,eastmoney-all
2014-12-19,10005.14,1286.93,eastmoney-all
2014-12-22,10046.82,1418.28,eastmoney-all
2014-12-23,10015.24,962.69,eastmoney-all
2014-12-24,9975.34,859.9,eastmoney-all
2014-12-25,10005.18,879.18,eastmoney-all
2014-12-26,10059.33,1167.42,eastmoney-all
2014-12-29,10173.77,1372.54,eastmoney-all
2014-12-30,10209.3,1088.08,eastmoney-all
2014-12-31,10172.06,1074.73,eastmoney-all
2015-01-05,10295.4,1408.35,eastmoney-all
2015-01-06,10376.84,1354.37,eastmoney-all
2015-01-07,10492.52,1120.49,eastmoney-all
2015-01-08,10529.84,1006.81,eastmoney-all
2015-01-09,10604.25,1165.64,eastmoney-all
2015-01-12,10719.07,931.87,eastmoney-all
2015-01-13,10780.72,755.17,eastmoney-all
2015-01-14,10909.36,793.49,eastmoney-all
2015-01-15,11060.53,948.19,eastmoney-all
2015-01-16,11112.8,1123.6,eastmoney-all
2015-01-19,10927.69,1040.61,eastmoney-all
2015-01-20,10907.42,1079.15,eastmoney-all
2015-01-21,10954.71,1298.03,eastmoney-all
2015-01-22,11071.24,1154.66,eastmoney-all
2015-01-23,11120.05,1171.0,eastmoney-all
2015-01-26,11204.92,1026.67,eastmoney-all
2015-01-27,11251.57,1161.83,eastmoney-all
2015-01-28,11277.23,932.98,eastmoney-all
2015-01-29,11302.09,795.85,eastmoney-all
2015-01-30,11258.33,744.08,eastmoney-all
2015-02-02,11273.72,689.76,eastmoney-all
2015-02-03,11266.4,777.91,eastmoney-all
2015-02-04,11294.13,848.94,eastmoney-all
2015-02-05,11352.87,1064.39,eastmoney-all
2015-02-06,11381.03,775.73,eastmoney-all
2015-02-09,11477.56,744.35,eastmoney-all
2015-02-10,11645.73,761.54,eastmoney-all
2015-02-11,11738.74,765.09,eastmoney-all
2015-02-12,11657.02,746.61,eastmoney-all
2015-02-13,11382.34,870.29,eastmoney-all
2015-02-16,11325.86,898.41,eastmoney-all
2015-02-17,11056.99,807.15,eastmoney-all
2015-02-25,11355.36,979.77,eastmoney-all
2015-02-26,11474.9,1044.35,eastmoney-all
2015-02-27,11522.99,1043.15,eastmoney-all
2015-03-02,11733.74,1353.48,eastmoney-all
2015-03-03,11917.31,1384.41,eastmoney-all
2015-03-04,12046.93,1089.16,eastmoney-all
2015-03-05,12195.6,1160.23,eastmoney-all
2015-03-06,12265.7,1002.89,eastmoney-all
2015-03-09,12416.1,1054.41,eastmoney-all
2015-03-10,12624.37,1101.14,eastmoney-all
2015-03-11,12868.72,1092.95,eastmoney-all
2015-03-12,13081.1,1286.99,eastmoney-all
2015-03-13,13121.17,1142.64,eastmoney-all
2015-03-16,13048.01,1453.91,eastmoney-all
2015-03-17,13143.82,1799.47,eastmoney-all
2015-03-18,13350.89,1846.87,eastmoney-all
2015-03-19,13572.06,1792.87,eastmoney-all
2015-03-20,13768.37,1963.92,eastmoney-all
2015-03-23,13927.65,1960.18,eastmoney-all
2015-03-24,14139.51,2254.93,eastmoney-all
2015-03-25,14363.01,1947.03,eastmoney-all
2015-03-26,14515.83,1816.88,eastmoney-all
2015-03-27,14587.42,1438.05,eastmoney-all
2015-03-30,14763.97,1916.59,eastmoney-all
2015-03-31,14864.39,2054.92,eastmoney-all
2015-04-01,15107.05,1860.06,eastmoney-all
2015-04-02,15297.61,1937.09,eastmoney-all
2015-04-03,15449.94,1951.04,eastmoney-all
2015-04-07,15785.05,2208.8,eastmoney-all
2015-04-08,16016.75,2397.18,eastmoney-all
2015-04-09,16221.81,2273.87,eastmoney-all
2015-04-10,16437.09,1938.53,eastmoney-all
2015-04-13,16753.48,2176.09,eastmoney-all
2015-04-14,17040.67,2156.0,eastmoney-all
2015-04-15,17274.27,2020.5,eastmoney-all
2015-04-16,17438.67,1786.99,eastmoney-all
2015-04-17,17303.9,2321.76,eastmoney-all
2015-04-20,17244.15,2767.34,eastmoney-all
2015-04-21,17315.95,2204.75,eastmoney-all
2015-04-22,17543.25,2578.28,eastmoney-all
2015-04-23,17693.17,2533.31,eastmoney-all
2015-04-24,17802.15,2393.3,eastmoney-all
2015-04-27,18063.26,2470.68,eastmoney-all
2015-04-28,18136.36,2576.6,eastmoney-all
2015-04-29,18251.6,1921.5,eastmoney-all
2015-04-30,18307.0,2008.9,eastmoney-all
2015-05-04,18581.9,1856.4,eastmoney-all
2015-05-05,18710.7,2047.0,eastmoney-all
2015-05-06,18912.9,1914.0,eastmoney-all
2015-05-07,18998.5,1407.6,eastmoney-all
2015-05-08,18754.1,1423.5,eastmoney-all
2015-05-11,18820.9,1950.2,eastmoney-all
2015-05-12,18949.7,2148.2,eastmoney-all
2015-05-13,19137.0,2153.6,eastmoney-all
2015-05-14,19265.1,1816.6,eastmoney-all
2015-05-15,19287.5,1699.5,eastmoney-all
2015-05-18,19478.1,1614.3,eastmoney-all
2015-05-19,19767.3,1901.6,eastmoney-all
2015-05-20,20075.1,2249.3,eastmoney-all
2015-05-21,20261.4,1980.7,eastmoney-all
2015-05-22,20131.1,2502.0,eastmoney-all
2015-05-25,20234.6,2610.2,eastmoney-all
2015-05-26,20438.8,2700.2,eastmoney-all
2015-05-27,20581.9,2620.5,eastmoney-all
2015-05-28,20696.6,2905.9,eastmoney-all
2015-05-29,20728.6,1942.9,eastmoney-all
2015-06-01,21029.6,2130.5,eastmoney-all
2015-06-02,21346.2,2298.7,eastmoney-all
2015-06-03,21555.0,2259.7,eastmoney-all
2015-06-04,21698.9,2354.7,eastmoney-all
2015-06-05,21655.7,2734.6,eastmoney-all
2015-06-08,21701.7,2716.8,eastmoney-all
2015-06-09,21773.9,2340.3,eastmoney-all
2015-06-10,21923.1,2155.7,eastmoney-all
2015-06-11,22056.7,2085.5,eastmoney-all
2015-06-12,22204.6,2187.9,eastmoney-all
2015-06-15,22316.6,2186.6,eastmoney-all
2015-06-16,22400.7,1842.2,eastmoney-all
2015-06-17,22548.0,1665.3,eastmoney-all
2015-06-18,22664.3,1575.8,eastmoney-all
2015-06-19,22608.2,1465.3,eastmoney-all
2015-06-23,22452.7,1394.1,eastmoney-all
2015-06-24,22049.2,1623.1,eastmoney-all
2015-06-25,21815.5,1703.1,eastmoney-all
2015-06-26,21239.4,1444.0,eastmoney-all
2015-06-29,20837.2,1697.8,eastmoney-all
2015-06-30,20444.8,1694.1,eastmoney-all
2015-07-01,20303.4,1593.6,eastmoney-all
2015-07-02,19795.0,1358.1,eastmoney-all
2015-07-03,19065.3,1204.2,eastmoney-all
2015-07-06,17668.5,1381.8,eastmoney-all
2015-07-07,16201.8,940.8,eastmoney-all
2015-07-08,14437.8,584.7,eastmoney-all
2015-07-09,14359.8,1172.5,eastmoney-all
2015-07-10,14379.7,1267.1,eastmoney-all
2015-07-13,14368.1,1469.4,eastmoney-all
2015-07-14,14387.8,1573.6,eastmoney-all
2015-07-15,14197.3,1364.5,eastmoney-all
2015-07-16,14185.5,1188.9,eastmoney-all
2015-07-17,14254.5,1397.7,eastmoney-all
2015-07-20,14238.8,1575.8,eastmoney-all
2015-07-21,14325.4,1442.6,eastmoney-all
2015-07-22,14362.6,1491.0,eastmoney-all
2015-07-23,14552.5,1710.2,eastmoney-all
2015-07-24,14542.3,1879.6,eastmoney-all
2015-07-27,14261.5,1498.3,eastmoney-all
2015-07-28,13775.8,1167.7,eastmoney-all
2015-07-29,13690.2,1115.8,eastmoney-all
2015-07-30,13677.2,1276.7,eastmoney-all
2015-07-31,13352.0,786.9,eastmoney-all
2015-08-03,12937.4,665.0,eastmoney-all
2015-08-04,13098.5,1035.4,eastmoney-all
2015-08-05,13090.4,1013.8,eastmoney-all
2015-08-06,13053.3,729.1,eastmoney-all
2015-08-07,13141.7,999.8,eastmoney-all
2015-08-10,13371.2,1513.6,eastmoney-all
2015-08-11,13510.4,1602.8,eastmoney-all
2015-08-12,13555.9,1263.3,eastmoney-all
2015-08-13,13693.8,1305.9,eastmoney-all
2015-08-14,13747.7,1464.0,eastmoney-all
2015-08-17,13891.1,1455.0,eastmoney-all
2015-08-18,13685.9,1581.7,eastmoney-all
2015-08-19,13617.8,1266.0,eastmoney-all
2015-08-20,13537.4,1070.9,eastmoney-all
2015-08-21,13229.9,868.9,eastmoney-all
2015-08-24,12452.5,582.4,eastmoney-all
2015-08-25,11600.2,581.4,eastmoney-all
2015-08-26,11055.4,820.2,eastmoney-all
2015-08-27,10742.0,724.1,eastmoney-all
2015-08-28,10720.3,943.5,eastmoney-all
2015-08-31,10558.6,764.7,eastmoney-all
2015-09-01,10121.6,585.0,eastmoney-all
2015-09-02,9591.0,516.8,eastmoney-all
2015-09-07,9753.8,710.8,eastmoney-all
2015-09-08,9729.2,554.4,eastmoney-all
2015-09-09,9872.3,953.3,eastmoney-all
2015-09-10,9841.7,616.3,eastmoney-all
2015-09-11,9818.2,543.9,eastmoney-all
2015-09-14,9533.0,616.0,eastmoney-all
2015-09-15,9326.7,449.8,eastmoney-all
2015-09-16,9351.5,617.8,eastmoney-all
2015-09-17,9382.9,767.5,eastmoney-all
2015-09-18,9361.8,495.4,eastmoney-all
2015-09-21,9378.8,598.7,eastmoney-all
2015-09-22,9385.6,719.0,eastmoney-all
2015-09-23,9369.9,581.3,eastmoney-all
2015-09-24,9371.8,550.6,eastmoney-all
2015-09-25,9246.8,532.0,eastmoney-all
2015-09-28,9258.0,417.9,eastmoney-all
2015-09-29,9182.8,394.0,eastmoney-all
2015-09-30,9040.5,326.4,eastmoney-all
2015-10-08,9195.5,703.5,eastmoney-all
2015-10-09,9208.9,644.2,eastmoney-all
2015-10-12,9451.1,1124.5,eastmoney-all
2015-10-13,9495.7,839.5,eastmoney-all
2015-10-14,9548.7,842.3,eastmoney-all
2015-10-15,9660.7,982.8,eastmoney-all
2015-10-16,9697.6,1162.8,eastmoney-all
2015-10-19,9821.6,1191.7,eastmoney-all
2015-10-20,9932.9,1083.0,eastmoney-all
2015-10-21,9850.5,1342.6,eastmoney-all
2015-10-22,9983.0,1076.7,eastmoney-all
2015-10-23,10076.2,1239.9,eastmoney-all
2015-10-26,10209.6,1330.1,eastmoney-all
2015-10-27,10276.3,166.0,eastmoney-all
2015-10-28,10253.5,1018.3,eastmoney-all
2015-10-29,10323.8,866.0,eastmoney-all
2015-10-30,10301.7,923.3,eastmoney-all
2015-11-02,10277.4,792.0,eastmoney-all
2015-11-03,10289.8,654.3,eastmoney-all
2015-11-04,10494.3,1300.0,eastmoney-all
2015-11-05,10674.4,1911.5,eastmoney-all
2015-11-06,10808.3,1637.8,eastmoney-all
2015-11-09,11141.6,1943.4,eastmoney-all
2015-11-10,11351.0,1758.6,eastmoney-all
2015-11-11,11498.9,1499.4,eastmoney-all
2015-11-12,11632.4,1538.1,eastmoney-all
2015-11-13,11641.7,1408.8,eastmoney-all
2015-11-16,11769.2,1132.1,eastmoney-all
2015-11-17,11944.7,1679.7,eastmoney-all
2015-11-18,11954.4,1160.1,eastmoney-all
2015-11-19,12092.8,1076.7,eastmoney-all
2015-11-20,12189.5,1367.1,eastmoney-all
2015-11-23,12151.0,1104.5,eastmoney-all
2015-11-24,12171.4,853.1,eastmoney-all
2015-11-25,12191.1,1059.3,eastmoney-all
2015-11-26,12173.1,1132.8,eastmoney-all
2015-11-27,11942.4,1094.5,eastmoney-all
2015-11-30,11932.0,952.6,eastmoney-all
2015-12-01,11953.3,844.7,eastmoney-all
2015-12-02,11908.1,913.8,eastmoney-all
2015-12-03,11849.5,861.4,eastmoney-all
2015-12-04,11642.3,732.8,eastmoney-all
2015-12-07,11633.1,700.1,eastmoney-all
2015-12-08,11555.9,696.7,eastmoney-all
2015-12-09,11541.5,663.6,eastmoney-all
2015-12-10,11520.7,705.2,eastmoney-all
2015-12-11,11512.0,599.5,eastmoney-all
2015-12-14,11653.2,793.9,eastmoney-all
2015-12-15,11686.5,795.5,eastmoney-all
2015-12-16,11716.8,761.0,eastmoney-all
2015-12-17,11706.2,1024.3,eastmoney-all
2015-12-18,11710.5,972.8,eastmoney-all
2015-12-21,11806.6,1093.1,eastmoney-all
2015-12-22,11904.2,1011.6,eastmoney-all
2015-12-23,12024.8,1224.6,eastmoney-all
2015-12-24,12081.3,862.7,eastmoney-all
2015-12-25,12077.0,728.4,eastmoney-all
2015-12-28,11864.9,828.8,eastmoney-all
2015-12-29,11869.5,625.7,eastmoney-all
2015-12-30,11883.6,694.3,eastmoney-all
2015-12-31,11712.2,566.0,eastmoney-all
2016-01-04,11587.4,553.7,eastmoney-all
2016-01-05,11374.0,661.6,eastmoney-all
2016-01-06,11315.1,602.9,eastmoney-all
2016-01-07,11200.2,166.4,eastmoney-all
2016-01-08,10965.5,615.0,eastmoney-all
2016-01-11,10619.9,522.1,eastmoney-all
2016-01-12,10426.8,433.3,eastmoney-all
2016-01-13,10239.1,391.6,eastmoney-all
2016-01-14,10141.7,469.6,eastmoney-all
2016-01-15,9974.4,415.2,eastmoney-all
2016-01-18,9968.7,419.6,eastmoney-all
2016-01-19,9952.7,517.8,eastmoney-all
2016-01-20,9915.1,506.2,eastmoney-all
2016-01-21,9831.9,446.2,eastmoney-all
2016-01-22,9789.7,374.7,eastmoney-all
2016-01-25,9752.1,338.4,eastmoney-all
2016-01-26,9509.0,385.6,eastmoney-all
2016-01-27,9296.0,404.3,eastmoney-all
2016-01-28,9128.5,299.5,eastmoney-all
2016-01-29,9070.4,360.9,eastmoney-all
2016-02-01,8975.5,274.4,eastmoney-all
2016-02-02,8980.6,347.6,eastmoney-all
2016-02-03,8927.3,291.5,eastmoney-all
2016-02-04,8883.5,366.5,eastmoney-all
2016-02-05,8699.0,238.5,eastmoney-all
2016-02-15,8732.2,303.5,eastmoney-all
2016-02-16,8789.4,467.5,eastmoney-all
2016-02-17,8803.2,484.2,eastmoney-all
2016-02-18,8826.7,514.2,eastmoney-all
2016-02-19,8817.2,394.0,eastmoney-all
2016-02-22,8851.1,555.0,eastmoney-all
2016-02-23,8848.3,483.0,eastmoney-all
2016-02-24,8869.9,502.9,eastmoney-all
2016-02-25,8733.7,543.9,eastmoney-all
2016-02-26,8675.2,368.9,eastmoney-all
2016-02-29,8508.0,328.5,eastmoney-all
2016-03-01,8482.8,366.4,eastmoney-all
2016-03-02,8523.4,552.6,eastmoney-all
2016-03-03,8542.2,592.8,eastmoney-all
2016-03-04,8411.6,509.0,eastmoney-all
2016-03-07,8457.0,448.5,eastmoney-all
2016-03-08,8438.0,458.9,eastmoney-all
2016-03-09,8393.0,339.9,eastmoney-all
2016-03-10,8367.1,286.6,eastmoney-all
2016-03-11,8334.2,239.4,eastmoney-all
2016-03-14,8405.9,470.7,eastmoney-all
2016-03-15,8352.3,334.6,eastmoney-all
2016-03-16,8267.5,312.5,eastmoney-all
2016-03-17,8373.4,553.2,eastmoney-all
2016-03-18,8451.2,769.7,eastmoney-all
2016-03-21,8633.0,950.6,eastmoney-all
2016-03-22,8679.6,733.6,eastmoney-all
2016-03-23,8733.0,635.5,eastmoney-all
2016-03-24,8728.3,673.4,eastmoney-all
2016-03-25,8736.9,494.2,eastmoney-all
2016-03-28,8748.0,573.3,eastmoney-all
2016-03-29,8734.6,466.8,eastmoney-all
2016-03-30,8777.8,605.3,eastmoney-all
2016-03-31,8785.8,664.7,eastmoney-all
2016-04-01,8718.1,509.8,eastmoney-all
2016-04-05,8842.3,748.2,eastmoney-all
2016-04-06,8872.3,661.2,eastmoney-all
2016-04-07,8865.9,633.4,eastmoney-all
2016-04-08,8822.4,507.1,eastmoney-all
2016-04-11,8874.5,629.7,eastmoney-all
2016-04-12,8837.9,491.0,eastmoney-all
2016-04-13,8922.4,848.1,eastmoney-all
2016-04-14,8951.1,576.2,eastmoney-all
2016-04-15,8914.4,497.7,eastmoney-all
2016-04-18,8899.6,487.6,eastmoney-all
2016-04-19,8907.8,449.9,eastmoney-all
2016-04-20,8776.7,664.7,eastmoney-all
2016-04-21,8739.6,469.4,eastmoney-all
2016-04-22,8697.9,350.3,eastmoney-all
2016-04-25,8681.8,309.0,eastmoney-all
2016-04-26,8671.9,314.1,eastmoney-all
2016-04-27,8649.9,344.8,eastmoney-all
2016-04-28,8643.7,367.0,eastmoney-all
2016-04-29,8570.2,287.0,eastmoney-all
2016-05-03,8656.5,530.5,eastmoney-all
2016-05-04,8666.8,474.6,eastmoney-all
2016-05-05,8693.3,429.6,eastmoney-all
2016-05-06,8579.4,568.7,eastmoney-all
2016-05-09,8521.0,412.4,eastmoney-all
2016-05-10,8461.4,266.9,eastmoney-all
2016-05-11,8412.1,314.3,eastmoney-all
2016-05-12,8380.4,320.9,eastmoney-all
2016-05-13,8328.9,282.3,eastmoney-all
2016-05-16,8343.4,318.7,eastmoney-all
2016-05-17,8329.8,384.0,eastmoney-all
2016-05-18,8260.1,339.6,eastmoney-all
2016-05-19,8267.2,340.1,eastmoney-all
2016-05-20,8245.9,326.1,eastmoney-all
2016-05-23,8246.1,352.3,eastmoney-all
2016-05-24,8247.3,322.2,eastmoney-all
2016-05-25,8233.2,322.9,eastmoney-all
2016-05-26,8233.4,350.5,eastmoney-all
2016-05-27,8201.5,324.8,eastmoney-all
2016-05-30,8186.3,277.0,eastmoney-all
2016-05-31,8269.8,631.8,eastmoney-all
2016-06-01,8299.1,630.0,eastmoney-all
2016-06-02,8353.2,528.0,eastmoney-all
2016-06-03,8337.5,596.6,eastmoney-all
2016-06-06,8367.0,494.5,eastmoney-all
2016-06-07,8382.6,452.5,eastmoney-all
2016-06-08,8346.0,472.3,eastmoney-all
2016-06-13,8309.6,513.8,eastmoney-all
2016-06-14,8287.3,325.6,eastmoney-all
2016-06-15,8367.2,569.3,eastmoney-all
2016-06-16,8362.4,530.4,eastmoney-all
2016-06-17,8340.7,495.8,eastmoney-all
2016-06-20,8359.5,422.6,eastmoney-all
2016-06-21,8343.4,523.2,eastmoney-all
2016-06-22,8373.8,433.1,eastmoney-all
2016-06-23,8368.8,457.0,eastmoney-all
2016-06-24,8350.2,578.6,eastmoney-all
2016-06-27,8422.9,554.1,eastmoney-all
2016-06-28,8458.9,602.4,eastmoney-all
2016-06-29,8498.1,594.5,eastmoney-all
2016-06-30,8508.6,502.0,eastmoney-all
2016-07-01,8483.7,445.8,eastmoney-all
2016-07-04,8568.6,667.2,eastmoney-all
2016-07-05,8601.4,667.7,eastmoney-all
2016-07-06,8633.0,621.1,eastmoney-all
2016-07-07,8669.1,708.9,eastmoney-all
2016-07-08,8631.3,556.9,eastmoney-all
2016-07-11,8651.0,681.5,eastmoney-all
2016-07-12,8699.8,754.6,eastmoney-all
2016-07-13,8722.5,771.6,eastmoney-all
2016-07-14,8736.9,599.9,eastmoney-all
2016-07-15,8720.3,571.6,eastmoney-all
2016-07-18,8762.8,563.7,eastmoney-all
2016-07-19,8811.2,521.1,eastmoney-all
2016-07-20,8821.1,472.4,eastmoney-all
2016-07-21,8828.8,536.7,eastmoney-all
2016-07-22,8801.8,525.5,eastmoney-all
2016-07-25,8822.3,479.4,eastmoney-all
2016-07-26,8840.5,498.2,eastmoney-all
2016-07-27,8725.1,782.6,eastmoney-all
2016-07-28,8686.8,532.9,eastmoney-all
2016-07-29,8636.3,389.3,eastmoney-all
2016-08-01,8600.4,367.4,eastmoney-all
2016-08-02,8592.2,283.3,eastmoney-all
2016-08-03,8592.3,342.3,eastmoney-all
2016-08-04,8609.0,389.8,eastmoney-all
2016-08-05,8579.0,365.5,eastmoney-all
2016-08-08,8610.3,420.8,eastmoney-all
2016-08-09,8640.2,462.2,eastmoney-all
2016-08-10,8675.4,459.0,eastmoney-all
2016-08-11,8680.4,435.6,eastmoney-all
2016-08-12,8655.1,421.4,eastmoney-all
2016-08-15,8764.7,860.3,eastmoney-all
2016-08-16,8864.2,766.2,eastmoney-all
2016-08-17,8897.5,628.8,eastmoney-all
2016-08-18,8941.5,667.1,eastmoney-all
2016-08-19,8939.7,538.7,eastmoney-all
2016-08-22,8955.6,519.3,eastmoney-all
2016-08-23,8961.0,439.7,eastmoney-all
2016-08-24,8974.2,404.9,eastmoney-all
2016-08-25,8976.1,461.0,eastmoney-all
2016-08-26,8955.0,418.8,eastmoney-all
2016-08-29,8976.9,387.1,eastmoney-all
2016-08-30,8976.6,373.3,eastmoney-all
2016-08-31,8995.9,414.6,eastmoney-all
2016-09-01,8990.0,418.7,eastmoney-all
2016-09-02,8954.5,389.2,eastmoney-all
2016-09-05,8960.3,374.9,eastmoney-all
2016-09-06,9022.9,526.9,eastmoney-all
2016-09-07,9023.2,518.8,eastmoney-all
2016-09-08,9037.5,421.8,eastmoney-all
2016-09-09,9003.0,441.1,eastmoney-all
2016-09-12,8970.4,503.7,eastmoney-all
2016-09-13,8959.3,368.9,eastmoney-all
2016-09-14,8895.7,319.9,eastmoney-all
2016-09-19,8919.5,311.2,eastmoney-all
2016-09-20,8927.8,296.8,eastmoney-all
2016-09-21,8936.0,308.0,eastmoney-all
2016-09-22,8920.9,374.4,eastmoney-all
2016-09-23,8879.3,324.0,eastmoney-all
2016-09-26,8871.3,365.3,eastmoney-all
2016-09-27,8863.7,302.5,eastmoney-all
2016-09-28,8848.7,249.9,eastmoney-all
2016-09-29,8822.6,282.8,eastmoney-all
2016-09-30,8685.4,223.7,eastmoney-all
2016-10-10,8784.5,476.5,eastmoney-all
2016-10-11,8828.0,442.9,eastmoney-all
2016-10-12,8873.5,378.9,eastmoney-all
2016-10-13,8903.1,390.5,eastmoney-all
2016-10-14,8895.8,374.7,eastmoney-all
2016-10-17,8917.0,415.3,eastmoney-all
2016-10-18,8973.8,469.6,eastmoney-all
2016-10-19,8990.4,458.6,eastmoney-all
2016-10-20,9005.5,391.3,eastmoney-all
2016-10-21,8982.1,439.5,eastmoney-all
2016-10-24,9045.4,555.9,eastmoney-all
2016-10-25,9083.1,499.8,eastmoney-all
2016-10-26,9104.6,491.7,eastmoney-all
2016-10-27,9122.0,409.8,eastmoney-all
2016-10-28,9057.1,422.1,eastmoney-all
2016-10-31,9075.5,362.7,eastmoney-all
2016-11-01,9106.4,413.1,eastmoney-all
2016-11-02,9100.4,461.6,eastmoney-all
2016-11-03,9168.4,618.3,eastmoney-all
2016-11-04,9150.4,477.5,eastmoney-all
2016-11-07,9176.2,462.4,eastmoney-all
2016-11-08,9189.7,474.6,eastmoney-all
2016-11-09,9226.9,616.8,eastmoney-all
2016-11-10,9284.5,616.5,eastmoney-all
2016-11-11,9284.7,745.7,eastmoney-all
2016-11-14,9366.6,803.9,eastmoney-all
2016-11-15,9414.2,623.2,eastmoney-all
2016-11-16,9453.9,582.8,eastmoney-all
2016-11-17,9458.4,512.6,eastmoney-all
2016-11-18,9438.5,497.8,eastmoney-all
2016-11-21,9499.5,558.0,eastmoney-all
2016-11-22,9563.3,650.6,eastmoney-all
2016-11-23,9560.5,651.5,eastmoney-all
2016-11-24,9566.5,623.5,eastmoney-all
2016-11-25,9558.3,619.3,eastmoney-all
2016-11-28,9637.5,700.8,eastmoney-all
2016-11-29,9667.7,776.3,eastmoney-all
2016-11-30,9720.1,637.4,eastmoney-all
2016-12-01,9694.8,602.5,eastmoney-all
2016-12-02,9650.2,631.8,eastmoney-all
2016-12-05,9635.2,544.2,eastmoney-all
2016-12-06,9635.8,401.8,eastmoney-all
2016-12-07,9651.2,421.1,eastmoney-all
2016-12-08,9648.3,419.6,eastmoney-all
2016-12-09,9617.6,459.2,eastmoney-all
2016-12-12,9500.6,551.6,eastmoney-all
2016-12-13,9487.6,372.1,eastmoney-all
2016-12-14,9491.8,417.8,eastmoney-all
2016-12-15,9520.5,402.5,eastmoney-all
2016-12-16,9483.6,320.5,eastmoney-all
2016-12-19,9475.9,310.0,eastmoney-all
2016-12-20,9488.3,310.9,eastmoney-all
2016-12-21,9487.7,348.5,eastmoney-all
2016-12-22,9476.7,309.6,eastmoney-all
2016-12-23,9422.4,315.6,eastmoney-all
2016-12-26,9436.7,326.9,eastmoney-all
2016-12-27,9443.2,285.9,eastmoney-all
2016-12-28,9447.7,266.1,eastmoney-all
2016-12-29,9439.7,262.9,eastmoney-all
2016-12-30,9356.3,233.9,eastmoney-all
2017-01-03,9357.5,280.8,eastmoney-all
2017-01-04,9345.1,347.1,eastmoney-all
2017-01-05,9328.2,338.8,eastmoney-all
2017-01-06,9293.7,336.7,eastmoney-all
2017-01-09,9293.9,332.1,eastmoney-all
2017-01-10,9277.4,333.7,eastmoney-all
2017-01-11,9255.0,312.6,eastmoney-all
2017-01-12,9234.5,273.9,eastmoney-all
2017-01-13,9164.4,259.2,eastmoney-all
2017-01-16,8987.4,341.8,eastmoney-all
2017-01-17,8972.7,261.0,eastmoney-all
2017-01-18,8940.1,224.2,eastmoney-all
2017-01-19,8920.9,204.3,eastmoney-all
2017-01-20,8886.5,227.0,eastmoney-all
2017-01-23,8860.5,248.9,eastmoney-all
2017-01-24,8816.4,213.7,eastmoney-all
2017-01-25,8781.2,201.8,eastmoney-all
2017-01-26,8649.0,178.0,eastmoney-all
2017-02-03,8696.3,217.1,eastmoney-all
2017-02-06,8743.3,260.6,eastmoney-all
2017-02-07,8746.5,258.4,eastmoney-all
2017-02-08,8774.0,304.2,eastmoney-all
2017-02-09,8812.5,378.0,eastmoney-all
2017-02-10,8794.4,409.1,eastmoney-all
2017-02-13,8845.7,428.6,eastmoney-all
2017-02-14,8863.6,361.3,eastmoney-all
2017-02-15,8881.9,434.6,eastmoney-all
2017-02-16,8916.6,390.2,eastmoney-all
2017-02-17,8900.2,398.2,eastmoney-all
2017-02-20,8948.4,418.0,eastmoney-all
2017-02-21,8959.3,422.9,eastmoney-all
2017-02-22,8981.9,420.1,eastmoney-all
2017-02-23,9013.6,440.3,eastmoney-all
2017-02-24,9013.2,367.8,eastmoney-all
2017-02-27,9040.3,375.5,eastmoney-all
2017-02-28,9062.1,322.0,eastmoney-all
2017-03-01,9070.0,398.0,eastmoney-all
2017-03-02,9081.4,381.7,eastmoney-all
2017-03-03,9055.1,342.0,eastmoney-all
2017-03-06,9087.5,381.8,eastmoney-all
2017-03-07,9093.1,374.0,eastmoney-all
2017-03-08,9093.3,346.3,eastmoney-all
2017-03-09,9086.8,344.3,eastmoney-all
2017-03-10,9053.1,294.9,eastmoney-all
2017-03-13,9075.7,380.4,eastmoney-all
2017-03-14,9085.6,348.8,eastmoney-all
2017-03-15,9095.4,341.7,eastmoney-all
2017-03-16,9165.0,466.7,eastmoney-all
2017-03-17,9152.1,447.8,eastmoney-all
2017-03-20,9182.7,382.6,eastmoney-all
2017-03-21,9197.5,382.9,eastmoney-all
2017-03-22,9213.8,442.6,eastmoney-all
2017-03-23,9220.0,440.5,eastmoney-all
2017-03-24,9215.1,468.3,eastmoney-all
2017-03-27,9259.2,439.0,eastmoney-all
2017-03-28,9269.0,355.7,eastmoney-all
2017-03-29,9265.5,428.1,eastmoney-all
2017-03-30,9254.4,459.5,eastmoney-all
2017-03-31,9178.7,327.1,eastmoney-all
2017-04-05,9230.6,524.0,eastmoney-all
2017-04-06,9239.5,503.7,eastmoney-all
2017-04-07,9213.7,497.9,eastmoney-all
2017-04-10,9254.6,557.1,eastmoney-all
2017-04-11,9306.5,697.1,eastmoney-all
2017-04-12,9323.1,642.3,eastmoney-all
2017-04-13,9355.9,486.0,eastmoney-all
2017-04-14,9324.8,476.6,eastmoney-all
2017-04-17,9341.7,446.3,eastmoney-all
2017-04-18,9325.7,418.4,eastmoney-all
2017-04-19,9295.1,420.4,eastmoney-all
2017-04-20,9265.2,413.7,eastmoney-all
2017-04-21,9184.6,316.2,eastmoney-all
2017-04-24,9126.6,338.4,eastmoney-all
2017-04-25,9106.2,332.0,eastmoney-all
2017-04-26,9096.9,391.5,eastmoney-all
2017-04-27,9099.1,460.5,eastmoney-all
2017-04-28,9045.3,348.7,eastmoney-all
2017-05-02,9062.1,367.0,eastmoney-all
2017-05-03,9069.7,360.8,eastmoney-all
2017-05-04,9086.0,398.2,eastmoney-all
2017-05-05,9028.6,341.2,eastmoney-all
2017-05-08,8979.5,338.8,eastmoney-all
2017-05-09,8962.5,275.6,eastmoney-all
2017-05-10,8906.3,314.1,eastmoney-all
2017-05-11,8825.6,327.2,eastmoney-all
2017-05-12,8772.0,291.4,eastmoney-all
2017-05-15,8749.4,271.3,eastmoney-all
2017-05-16,8776.7,408.1,eastmoney-all
2017-05-17,8785.3,388.1,eastmoney-all
2017-05-18,8796.8,321.7,eastmoney-all
2017-05-19,8768.2,274.5,eastmoney-all
2017-05-22,8760.6,308.8,eastmoney-all
2017-05-23,8712.0,336.0,eastmoney-all
2017-05-24,8704.3,278.9,eastmoney-all
2017-05-25,8701.4,383.9,eastmoney-all
2017-05-26,8638.9,293.2,eastmoney-all
2017-05-31,8647.2,322.2,eastmoney-all
2017-06-01,8597.0,287.2,eastmoney-all
2017-06-02,8579.2,282.8,eastmoney-all
2017-06-05,8590.7,265.1,eastmoney-all
2017-06-06,8580.4,244.2,eastmoney-all
2017-06-07,8616.3,402.6,eastmoney-all
2017-06-08,8622.6,358.6,eastmoney-all
2017-06-09,8605.2,335.8,eastmoney-all
2017-06-12,8624.4,332.6,eastmoney-all
2017-06-13,8651.9,316.2,eastmoney-all
2017-06-14,8655.0,323.0,eastmoney-all
2017-06-15,8688.1,345.8,eastmoney-all
2017-06-16,8655.2,287.2,eastmoney-all
2017-06-19,8673.7,306.6,eastmoney-all
2017-06-20,8674.1,344.8,eastmoney-all
2017-06-21,8687.2,355.0,eastmoney-all
2017-06-22,8690.5,454.9,eastmoney-all
2017-06-23,8666.9,371.0,eastmoney-all
2017-06-26,8718.3,474.0,eastmoney-all
2017-06-27,8740.1,377.3,eastmoney-all
2017-06-28,8769.7,372.4,eastmoney-all
2017-06-29,8780.5,350.9,eastmoney-all
2017-06-30,8754.6,308.9,eastmoney-all
2017-07-03,8774.1,359.2,eastmoney-all
2017-07-04,8788.3,373.1,eastmoney-all
2017-07-05,8808.1,393.1,eastmoney-all
2017-07-06,8810.7,463.0,eastmoney-all
2017-07-07,8798.9,429.2,eastmoney-all
2017-07-10,8826.9,494.6,eastmoney-all
2017-07-11,8827.4,452.3,eastmoney-all
2017-07-12,8841.5,449.5,eastmoney-all
2017-07-13,8845.3,449.4,eastmoney-all
2017-07-14,8804.8,370.6,eastmoney-all
2017-07-17,8754.6,551.0,eastmoney-all
2017-07-18,8756.4,393.5,eastmoney-all
2017-07-19,8780.0,561.3,eastmoney-all
2017-07-20,8791.7,530.8,eastmoney-all
2017-07-21,8781.9,465.8,eastmoney-all
2017-07-24,8840.8,531.6,eastmoney-all
2017-07-25,8876.6,460.5,eastmoney-all
2017-07-26,8902.6,490.1,eastmoney-all
2017-07-27,8936.6,551.1,eastmoney-all
2017-07-28,8907.4,443.8,eastmoney-all
2017-07-31,8960.7,587.0,eastmoney-all
2017-08-01,8974.6,569.5,eastmoney-all
2017-08-02,9011.7,630.1,eastmoney-all
2017-08-03,9053.3,546.1,eastmoney-all
2017-08-04,9020.0,595.4,eastmoney-all
2017-08-07,9052.6,486.1,eastmoney-all
2017-08-08,9043.6,548.2,eastmoney-all
2017-08-09,9082.0,536.1,eastmoney-all
2017-08-10,9085.5,535.9,eastmoney-all
2017-08-11,9047.7,535.9,eastmoney-all
2017-08-14,9097.8,489.9,eastmoney-all
2017-08-15,9123.0,451.8,eastmoney-all
2017-08-16,9148.2,480.0,eastmoney-all
2017-08-17,9177.5,547.3,eastmoney-all
2017-08-18,9159.9,461.6,eastmoney-all
2017-08-21,9195.2,470.9,eastmoney-all
2017-08-22,9215.6,483.3,eastmoney-all
2017-08-23,9224.0,436.2,eastmoney-all
2017-08-24,9236.8,381.2,eastmoney-all
2017-08-25,9226.0,461.1,eastmoney-all
2017-08-28,9291.0,681.6,eastmoney-all
2017-08-29,9330.0,555.5,eastmoney-all
2017-08-30,9350.2,568.2,eastmoney-all
2017-08-31,9415.2,562.2,eastmoney-all
2017-09-01,9428.8,654.0,eastmoney-all
2017-09-04,9487.4,661.2,eastmoney-all
2017-09-05,9519.2,555.9,eastmoney-all
2017-09-06,9567.7,638.4,eastmoney-all
2017-09-07,9600.5,632.3,eastmoney-all
2017-09-08,9608.5,544.7,eastmoney-all
2017-09-11,9690.1,626.6,eastmoney-all
2017-09-12,9735.3,813.0,eastmoney-all
2017-09-13,9769.3,558.0,eastmoney-all
2017-09-14,9798.9,613.5,eastmoney-all
2017-09-15,9787.6,584.5,eastmoney-all
2017-09-18,9843.3,543.4,eastmoney-all
2017-09-19,9872.3,561.6,eastmoney-all
2017-09-20,9929.6,578.3,eastmoney-all
2017-09-21,9904.1,558.8,eastmoney-all
2017-09-22,9870.0,472.0,eastmoney-all
2017-09-25,9844.4,443.1,eastmoney-all
2017-09-26,9835.3,374.5,eastmoney-all
2017-09-27,9827.7,416.7,eastmoney-all
2017-09-28,9804.5,429.1,eastmoney-all
2017-09-29,9655.5,396.1,eastmoney-all
2017-10-09,9814.3,650.9,eastmoney-all
2017-10-10,9881.3,569.0,eastmoney-all
2017-10-11,9900.2,547.3,eastmoney-all
2017-10-12,9901.3,471.0,eastmoney-all
2017-10-13,9895.0,425.5,eastmoney-all
2017-10-16,9906.9,547.7,eastmoney-all
2017-10-17,9903.8,364.0,eastmoney-all
2017-10-18,9867.1,409.4,eastmoney-all
2017-10-19,9836.6,411.7,eastmoney-all
2017-10-20,9820.5,346.7,eastmoney-all
2017-10-23,9856.7,376.5,eastmoney-all
2017-10-24,9824.0,366.1,eastmoney-all
2017-10-25,9846.1,401.4,eastmoney-all
2017-10-26,9919.5,565.3,eastmoney-all
2017-10-27,9922.3,476.9,eastmoney-all
2017-10-30,9923.2,575.1,eastmoney-all
2017-10-31,9945.6,449.2,eastmoney-all
2017-11-01,9999.9,501.8,eastmoney-all
2017-11-02,9995.3,450.1,eastmoney-all
2017-11-03,9951.1,447.0,eastmoney-all
2017-11-06,10017.6,493.7,eastmoney-all
2017-11-07,10071.5,560.6,eastmoney-all
2017-11-08,10126.0,591.5,eastmoney-all
2017-11-09,10161.5,511.3,eastmoney-all
2017-11-10,10179.8,616.1,eastmoney-all
2017-11-13,10268.1,678.4,eastmoney-all
2017-11-14,10310.8,650.0,eastmoney-all
2017-11-15,10324.5,535.7,eastmoney-all
2017-11-16,10349.1,523.6,eastmoney-all
2017-11-17,10225.2,607.9,eastmoney-all
2017-11-20,10238.3,520.5,eastmoney-all
2017-11-21,10312.5,659.6,eastmoney-all
2017-11-22,10339.4,663.9,eastmoney-all
2017-11-23,10314.7,617.5,eastmoney-all
2017-11-24,10249.0,427.0,eastmoney-all
2017-11-27,10209.1,418.1,eastmoney-all
2017-11-28,10228.9,390.7,eastmoney-all
2017-11-29,10246.9,490.4,eastmoney-all
2017-11-30,10237.2,417.6,eastmoney-all
2017-12-01,10218.8,385.6,eastmoney-all
2017-12-04,10208.9,384.7,eastmoney-all
2017-12-05,10075.0,398.4,eastmoney-all
2017-12-06,10082.7,403.9,eastmoney-all
2017-12-07,10090.3,346.6,eastmoney-all
2017-12-08,10091.2,355.5,eastmoney-all
2017-12-11,10108.2,393.4,eastmoney-all
2017-12-12,10122.2,387.4,eastmoney-all
2017-12-13,10151.6,351.8,eastmoney-all
2017-12-14,10174.8,382.9,eastmoney-all
2017-12-15,10144.3,360.8,eastmoney-all
2017-12-18,10152.6,323.0,eastmoney-all
2017-12-19,10166.3,328.5,eastmoney-all
2017-12-20,10157.6,369.4,eastmoney-all
2017-12-21,10169.8,396.8,eastmoney-all
2017-12-22,10161.1,338.0,eastmoney-all
2017-12-25,10186.0,385.4,eastmoney-all
2017-12-26,10216.0,360.8,eastmoney-all
2017-12-27,10233.5,420.7,eastmoney-all
2017-12-28,10267.8,437.3,eastmoney-all
2017-12-29,10215.9,336.0,eastmoney-all
2018-01-02,10250.8,469.5,eastmoney-all
2018-01-03,10267.5,550.4,eastmoney-all
2018-01-04,10288.3,509.2,eastmoney-all
2018-01-05,10287.2,519.0,eastmoney-all
2018-01-08,10341.0,617.9,eastmoney-all
2018-01-09,10377.8,527.0,eastmoney-all
2018-01-10,10424.1,571.2,eastmoney-all
2018-01-11,10454.8,509.0,eastmoney-all
2018-01-12,10434.6,470.7,eastmoney-all
2018-01-15,10450.8,634.8,eastmoney-all
2018-01-16,10506.9,587.1,eastmoney-all
2018-01-17,10523.4,681.5,eastmoney-all
2018-01-18,10597.8,556.3,eastmoney-all
2018-01-19,10609.5,595.4,eastmoney-all
2018-01-22,10661.6,560.8,eastmoney-all
2018-01-23,10712.9,594.8,eastmoney-all
2018-01-24,10757.3,708.5,eastmoney-all
2018-01-25,10762.5,649.3,eastmoney-all
2018-01-26,10741.7,559.7,eastmoney-all
2018-01-29,10778.7,639.6,eastmoney-all
2018-01-30,10782.9,485.1,eastmoney-all
2018-01-31,10741.1,505.3,eastmoney-all
2018-02-01,10614.7,534.8,eastmoney-all
2018-02-02,10526.7,458.1,eastmoney-all
2018-02-05,10506.7,480.3,eastmoney-all
2018-02-06,10344.2,526.8,eastmoney-all
2018-02-07,10290.5,571.4,eastmoney-all
2018-02-08,10258.4,408.5,eastmoney-all
2018-02-09,10076.5,444.0,eastmoney-all
2018-02-12,10003.5,297.4,eastmoney-all
2018-02-13,9912.3,291.7,eastmoney-all
2018-02-14,9776.9,179.0,eastmoney-all
2018-02-22,9824.2,353.3,eastmoney-all
2018-02-23,9825.8,322.5,eastmoney-all
2018-02-26,9876.3,490.8,eastmoney-all
2018-02-27,9886.9,440.3,eastmoney-all
2018-02-28,9901.4,408.0,eastmoney-all
2018-03-01,9933.6,413.1,eastmoney-all
2018-03-02,9926.5,382.6,eastmoney-all
2018-03-05,9923.6,348.2,eastmoney-all
2018-03-06,9953.5,505.4,eastmoney-all
2018-03-07,9944.1,392.6,eastmoney-all
2018-03-08,9954.3,362.6,eastmoney-all
2018-03-09,9947.4,465.6,eastmoney-all
2018-03-12,10001.0,593.8,eastmoney-all
2018-03-13,10005.1,465.3,eastmoney-all
2018-03-14,10024.7,425.2,eastmoney-all
2018-03-15,10036.1,403.0,eastmoney-all
2018-03-16,10012.0,365.8,eastmoney-all
2018-03-19,10026.1,377.4,eastmoney-all
2018-03-20,10031.3,365.1,eastmoney-all
2018-03-21,10052.0,443.2,eastmoney-all
2018-03-22,10060.2,373.9,eastmoney-all
2018-03-23,9895.1,490.4,eastmoney-all
2018-03-26,9938.9,425.7,eastmoney-all
2018-03-27,9961.2,483.3,eastmoney-all
2018-03-28,9957.1,411.8,eastmoney-all
2018-03-29,9977.4,447.6,eastmoney-all
2018-03-30,9956.6,427.1,eastmoney-all
2018-04-02,9987.6,518.8,eastmoney-all
2018-04-03,9986.7,393.4,eastmoney-all
2018-04-04,9927.2,367.1,eastmoney-all
2018-04-09,9958.0,379.5,eastmoney-all
2018-04-10,9945.6,405.6,eastmoney-all
2018-04-11,9952.6,398.7,eastmoney-all
2018-04-12,9955.9,336.1,eastmoney-all
2018-04-13,9941.3,314.1,eastmoney-all
2018-04-16,9956.3,386.3,eastmoney-all
2018-04-17,9932.9,377.6,eastmoney-all
2018-04-18,9930.8,419.0,eastmoney-all
2018-04-19,9914.3,414.3,eastmoney-all
2018-04-20,9859.4,366.1,eastmoney-all
2018-04-23,9871.6,344.8,eastmoney-all
2018-04-24,9856.1,396.4,eastmoney-all
2018-04-25,9868.6,345.4,eastmoney-all
2018-04-26,9859.7,359.9,eastmoney-all
2018-04-27,9787.6,336.9,eastmoney-all
2018-05-02,9780.8,316.6,eastmoney-all
2018-05-03,9769.6,337.7,eastmoney-all
2018-05-04,9746.6,292.3,eastmoney-all
2018-05-07,9769.4,377.4,eastmoney-all
2018-05-08,9781.1,390.9,eastmoney-all
2018-05-09,9807.1,315.7,eastmoney-all
2018-05-10,9828.0,353.1,eastmoney-all
2018-05-11,9792.2,333.5,eastmoney-all
2018-05-14,9800.0,343.0,eastmoney-all
2018-05-15,9809.9,318.2,eastmoney-all
2018-05-16,9815.8,342.2,eastmoney-all
2018-05-17,9835.8,291.7,eastmoney-all
2018-05-18,9816.3,314.3,eastmoney-all
2018-05-21,9849.3,423.0,eastmoney-all
2018-05-22,9888.9,370.5,eastmoney-all
2018-05-23,9909.0,371.3,eastmoney-all
2018-05-24,9926.4,309.5,eastmoney-all
2018-05-25,9891.6,299.6,eastmoney-all
2018-05-28,9897.2,309.1,eastmoney-all
2018-05-29,9883.6,324.4,eastmoney-all
2018-05-30,9838.7,320.4,eastmoney-all
2018-05-31,9829.0,310.2,eastmoney-all
2018-06-01,9784.5,270.1,eastmoney-all
2018-06-04,9759.6,256.3,eastmoney-all
2018-06-05,9760.5,293.2,eastmoney-all
2018-06-06,9754.2,272.9,eastmoney-all
2018-06-07,9754.1,286.1,eastmoney-all
2018-06-08,9721.6,255.8,eastmoney-all
2018-06-11,9705.4,225.7,eastmoney-all
2018-06-12,9702.3,271.1,eastmoney-all
2018-06-13,9676.6,241.9,eastmoney-all
2018-06-14,9672.3,252.4,eastmoney-all
2018-06-15,9589.5,252.5,eastmoney-all
2018-06-19,9374.4,343.8,eastmoney-all
2018-06-20,9316.9,251.5,eastmoney-all
2018-06-21,9241.8,264.3,eastmoney-all
2018-06-22,9193.8,208.4,eastmoney-all
2018-06-25,9172.8,216.6,eastmoney-all
2018-06-26,9177.9,240.6,eastmoney-all
2018-06-27,9163.5,234.1,eastmoney-all
2018-06-28,9143.7,208.8,eastmoney-all
2018-06-29,9127.7,259.8,eastmoney-all
2018-07-02,9109.7,263.7,eastmoney-all
2018-07-03,9125.3,300.5,eastmoney-all
2018-07-04,9071.9,200.4,eastmoney-all
2018-07-05,9022.9,207.4,eastmoney-all
2018-07-06,8987.2,255.2,eastmoney-all
2018-07-09,8968.8,235.5,eastmoney-all
2018-07-10,8962.0,229.1,eastmoney-all
2018-07-11,8919.3,225.5,eastmoney-all
2018-07-12,8940.8,318.8,eastmoney-all
2018-07-13,8905.2,246.3,eastmoney-all
2018-07-16,8908.7,236.7,eastmoney-all
2018-07-17,8918.0,231.8,eastmoney-all
2018-07-18,8910.2,242.6,eastmoney-all
2018-07-19,8891.2,216.4,eastmoney-all
2018-07-20,8863.3,272.0,eastmoney-all
2018-07-23,8847.1,332.6,eastmoney-all
2018-07-24,8845.2,424.9,eastmoney-all
2018-07-25,8856.1,316.0,eastmoney-all
2018-07-26,8877.0,293.6,eastmoney-all
2018-07-27,8850.0,220.9,eastmoney-all
2018-07-30,8848.3,246.6,eastmoney-all
2018-07-31,8842.5,198.5,eastmoney-all
2018-08-01,8826.2,253.4,eastmoney-all
2018-08-02,8805.9,283.2,eastmoney-all
2018-08-03,8763.9,189.6,eastmoney-all
2018-08-06,8736.1,210.3,eastmoney-all
2018-08-07,8715.5,243.9,eastmoney-all
2018-08-08,8687.6,220.2,eastmoney-all
2018-08-09,8694.0,279.5,eastmoney-all
2018-08-10,8661.2,207.6,eastmoney-all
2018-08-13,8673.3,243.2,eastmoney-all
2018-08-14,8679.2,204.6,eastmoney-all
2018-08-15,8675.6,211.6,eastmoney-all
2018-08-16,8674.7,215.8,eastmoney-all
2018-08-17,8639.0,195.5,eastmoney-all
2018-08-20,8620.7,195.8,eastmoney-all
2018-08-21,8591.5,206.2,eastmoney-all
2018-08-22,8574.0,158.5,eastmoney-all
2018-08-23,8575.8,203.3,eastmoney-all
2018-08-24,8548.8,176.7,eastmoney-all
2018-08-27,8550.0,263.4,eastmoney-all
2018-08-28,8545.3,223.0,eastmoney-all
2018-08-29,8547.3,193.1,eastmoney-all
2018-08-30,8540.4,192.2,eastmoney-all
2018-08-31,8501.9,173.4,eastmoney-all
2018-09-03,8496.3,177.1,eastmoney-all
2018-09-04,8497.5,217.4,eastmoney-all
2018-09-05,8490.6,193.7,eastmoney-all
2018-09-06,8492.6,189.0,eastmoney-all
2018-09-07,8460.2,199.3,eastmoney-all
2018-09-10,8432.6,174.8,eastmoney-all
2018-09-11,8421.3,155.9,eastmoney-all
2018-09-12,8423.2,158.1,eastmoney-all
2018-09-13,8420.1,204.9,eastmoney-all
2018-09-14,8377.9,166.5,eastmoney-all
2018-09-17,8359.3,141.9,eastmoney-all
2018-09-18,8358.0,203.7,eastmoney-all
2018-09-19,8328.7,238.2,eastmoney-all
2018-09-20,8305.9,174.5,eastmoney-all
2018-09-21,8263.6,264.6,eastmoney-all
2018-09-25,8274.9,211.6,eastmoney-all
2018-09-26,8257.9,253.9,eastmoney-all
2018-09-27,8232.7,210.0,eastmoney-all
2018-09-28,8151.6,198.9,eastmoney-all
2018-10-08,8199.7,275.7,eastmoney-all
2018-10-09,8199.9,178.1,eastmoney-all
2018-10-10,8197.8,179.7,eastmoney-all
2018-10-11,8056.5,266.5,eastmoney-all
2018-10-12,7930.8,212.1,eastmoney-all
2018-10-15,7880.9,164.3,eastmoney-all
2018-10-16,7796.0,168.9,eastmoney-all
2018-10-17,7750.7,190.9,eastmoney-all
2018-10-18,7699.7,154.8,eastmoney-all
2018-10-19,7648.6,208.3,eastmoney-all
2018-10-22,7655.4,355.3,eastmoney-all
2018-10-23,7666.1,291.6,eastmoney-all
2018-10-24,7666.7,240.9,eastmoney-all
2018-10-25,7658.4,233.8,eastmoney-all
2018-10-26,7642.2,219.4,eastmoney-all
2018-10-29,7650.8,204.2,eastmoney-all
2018-10-30,7629.1,248.5,eastmoney-all
2018-10-31,7621.1,243.1,eastmoney-all
2018-11-01,7617.6,310.4,eastmoney-all
2018-11-02,7591.1,357.7,eastmoney-all
2018-11-05,7610.4,316.4,eastmoney-all
2018-11-06,7621.1,238.0,eastmoney-all
2018-11-07,7623.2,264.7,eastmoney-all
2018-11-08,7616.8,219.3,eastmoney-all
2018-11-09,7614.0,200.8,eastmoney-all
2018-11-12,7639.1,263.9,eastmoney-all
2018-11-13,7650.4,377.0,eastmoney-all
2018-11-14,7670.5,325.2,eastmoney-all
2018-11-15,7690.6,321.3,eastmoney-all
2018-11-16,7678.8,397.7,eastmoney-all
2018-11-19,7709.3,388.4,eastmoney-all
2018-11-20,7733.5,356.8,eastmoney-all
2018-11-21,7737.1,272.0,eastmoney-all
2018-11-22,7739.2,230.1,eastmoney-all
2018-11-23,7687.9,250.2,eastmoney-all
2018-11-26,7677.8,178.8,eastmoney-all
2018-11-27,7676.7,179.8,eastmoney-all
2018-11-28,7671.5,223.3,eastmoney-all
2018-11-29,7647.5,227.1,eastmoney-all
2018-11-30,7621.1,183.1,eastmoney-all
2018-12-03,7630.0,349.1,eastmoney-all
2018-12-04,7631.0,257.4,eastmoney-all
2018-12-05,7632.4,242.7,eastmoney-all
2018-12-06,7646.5,243.8,eastmoney-all
2018-12-07,7631.7,166.0,eastmoney-all
2018-12-10,7639.5,172.3,eastmoney-all
2018-12-11,7634.7,149.1,eastmoney-all
2018-12-12,7626.9,153.7,eastmoney-all
2018-12-13,7627.7,241.4,eastmoney-all
2018-12-14,7589.1,202.2,eastmoney-all
2018-12-17,7598.8,174.6,eastmoney-all
2018-12-18,7599.7,164.3,eastmoney-all
2018-12-19,7581.9,142.6,eastmoney-all
2018-12-20,7595.5,178.2,eastmoney-all
2018-12-21,7576.6,158.1,eastmoney-all
2018-12-24,7578.3,145.3,eastmoney-all
2018-12-25,7565.6,199.0,eastmoney-all
2018-12-26,7560.0,155.1,eastmoney-all
2018-12-27,7551.8,182.5,eastmoney-all
2018-12-28,7489.9,140.1,eastmoney-all
2019-01-02,7497.7,158.6,eastmoney-all
2019-01-03,7489.8,167.8,eastmoney-all
2019-01-04,7501.8,253.4,eastmoney-all
2019-01-07,7509.8,266.5,eastmoney-all
2019-01-08,7504.1,215.2,eastmoney-all
2019-01-09,7493.4,290.3,eastmoney-all
2019-01-10,7490.2,220.8,eastmoney-all
2019-01-11,7472.6,200.3,eastmoney-all
2019-01-14,7477.9,192.5,eastmoney-all
2019-01-15,7471.0,239.9,eastmoney-all
2019-01-16,7447.2,213.8,eastmoney-all
2019-01-17,7434.9,218.7,eastmoney-all
2019-01-18,7402.3,241.1,eastmoney-all
2019-01-21,7399.7,244.3,eastmoney-all
2019-01-22,7414.8,212.3,eastmoney-all
2019-01-23,7410.4,167.6,eastmoney-all
2019-01-24,7403.0,223.7,eastmoney-all
2019-01-25,7351.1,216.4,eastmoney-all
2019-01-28,7330.1,221.2,eastmoney-all
2019-01-29,7303.9,207.7,eastmoney-all
2019-01-30,7270.5,159.6,eastmoney-all
2019-01-31,7219.0,203.1,eastmoney-all
2019-02-01,7109.3,180.9,eastmoney-all
2019-02-11,7160.0,291.2,eastmoney-all
2019-02-12,7193.0,320.5,eastmoney-all
2019-02-13,7243.3,449.8,eastmoney-all
2019-02-14,7281.1,378.9,eastmoney-all
2019-02-15,7323.9,381.0,eastmoney-all
2019-02-18,7375.0,507.4,eastmoney-all
2019-02-19,7435.0,565.7,eastmoney-all
2019-02-20,7480.3,459.2,eastmoney-all
2019-02-21,7517.8,580.9,eastmoney-all
2019-02-22,7572.1,614.3,eastmoney-all
2019-02-25,7751.7,1101.9,eastmoney-all
2019-02-26,7849.2,1140.7,eastmoney-all
2019-02-27,7947.8,911.4,eastmoney-all
2019-02-28,7965.0,616.1,eastmoney-all
2019-03-01,7962.3,649.5,eastmoney-all
2019-03-04,8070.4,1115.2,eastmoney-all
2019-03-05,8203.1,926.3,eastmoney-all
2019-03-06,8332.9,1157.9,eastmoney-all
2019-03-07,8495.0,1249.3,eastmoney-all
2019-03-08,8551.4,1167.7,eastmoney-all
2019-03-11,8684.6,964.2,eastmoney-all
2019-03-12,8772.4,1152.5,eastmoney-all
2019-03-13,8811.6,1013.2,eastmoney-all
2019-03-14,8800.0,738.7,eastmoney-all
2019-03-15,8773.2,698.9,eastmoney-all
2019-03-18,8835.8,850.8,eastmoney-all
2019-03-19,8891.4,782.2,eastmoney-all
2019-03-20,8928.0,788.3,eastmoney-all
2019-03-21,9022.8,942.4,eastmoney-all
2019-03-22,9016.8,783.1,eastmoney-all
2019-03-25,9095.0,833.8,eastmoney-all
2019-03-26,9083.3,699.8,eastmoney-all
2019-03-27,9105.5,610.4,eastmoney-all
2019-03-28,9113.9,619.6,eastmoney-all
2019-03-29,9132.2,842.8,eastmoney-all
2019-04-01,9214.8,1109.9,eastmoney-all
2019-04-02,9294.5,1097.2,eastmoney-all
2019-04-03,9353.6,982.4,eastmoney-all
2019-04-04,9370.1,1066.6,eastmoney-all
2019-04-08,9511.4,1180.5,eastmoney-all
2019-04-09,9556.0,856.2,eastmoney-all
2019-04-10,9602.8,916.3,eastmoney-all
2019-04-11,9599.6,775.2,eastmoney-all
2019-04-12,9571.5,592.0,eastmoney-all
2019-04-15,9591.1,762.9,eastmoney-all
2019-04-16,9664.8,809.1,eastmoney-all
2019-04-17,9718.7,825.1,eastmoney-all
2019-04-18,9741.5,736.1,eastmoney-all
2019-04-19,9755.8,744.0,eastmoney-all
2019-04-22,9800.9,834.4,eastmoney-all
2019-04-23,9784.9,653.7,eastmoney-all
2019-04-24,9822.7,618.4,eastmoney-all
2019-04-25,9769.2,636.6,eastmoney-all
2019-04-26,9738.9,533.5,eastmoney-all
2019-04-29,9643.0,520.7,eastmoney-all
2019-04-30,9524.9,375.0,eastmoney-all
2019-05-06,9419.6,547.7,eastmoney-all
2019-05-07,9372.8,398.4,eastmoney-all
2019-05-08,9362.6,364.8,eastmoney-all
2019-05-09,9346.8,322.8,eastmoney-all
2019-05-10,9342.3,538.6,eastmoney-all
2019-05-13,9310.2,364.1,eastmoney-all
2019-05-14,9300.2,328.3,eastmoney-all
2019-05-15,9301.8,430.1,eastmoney-all
2019-05-16,9299.3,419.8,eastmoney-all
2019-05-17,9244.7,419.0,eastmoney-all
2019-05-20,9242.2,349.4,eastmoney-all
2019-05-21,9252.3,381.9,eastmoney-all
2019-05-22,9234.6,346.1,eastmoney-all
2019-05-23,9206.4,336.7,eastmoney-all
2019-05-24,9163.7,260.9,eastmoney-all
2019-05-27,9209.0,388.8,eastmoney-all
2019-05-28,9187.6,371.8,eastmoney-all
2019-05-29,9190.9,351.2,eastmoney-all
2019-05-30,9184.5,333.5,eastmoney-all
2019-05-31,9147.9,311.9,eastmoney-all
2019-06-03,9131.6,326.0,eastmoney-all
2019-06-04,9095.2,276.2,eastmoney-all
2019-06-05,9073.3,291.3,eastmoney-all
2019-06-06,9017.9,261.2,eastmoney-all
2019-06-10,9012.8,274.8,eastmoney-all
2019-06-11,9029.7,475.7,eastmoney-all
2019-06-12,9047.5,412.7,eastmoney-all
2019-06-13,9064.1,340.8,eastmoney-all
2019-06-14,9018.6,303.3,eastmoney-all
2019-06-17,9019.0,233.7,eastmoney-all
2019-06-18,9006.0,212.5,eastmoney-all
2019-06-19,8997.7,415.5,eastmoney-all
2019-06-20,9020.1,527.4,eastmoney-all
2019-06-21,9010.9,503.6,eastmoney-all
2019-06-24,9051.0,403.9,eastmoney-all
2019-06-25,9066.8,428.6,eastmoney-all
2019-06-26,9062.3,284.4,eastmoney-all
2019-06-27,9065.4,388.3,eastmoney-all
2019-06-28,9019.4,315.1,eastmoney-all
2019-07-01,9068.9,592.0,eastmoney-all
2019-07-02,9083.4,433.7,eastmoney-all
2019-07-03,9112.0,416.2,eastmoney-all
2019-07-04,9113.3,342.8,eastmoney-all
2019-07-05,9092.4,283.6,eastmoney-all
2019-07-08,9084.9,365.8,eastmoney-all
2019-07-09,9074.7,253.0,eastmoney-all
2019-07-10,9068.1,239.0,eastmoney-all
2019-07-11,9045.5,261.7,eastmoney-all
2019-07-12,9023.12,241.39,eastmoney-all
2019-07-15,9046.12,348.65,eastmoney-all
2019-07-16,9043.95,261.09,eastmoney-all
2019-07-17,9053.42,312.04,eastmoney-all
2019-07-18,9035.39,270.82,eastmoney-all
2019-07-19,9013.58,272.41,eastmoney-all
2019-07-22,8982.5,267.45,eastmoney-all
2019-07-23,8967.28,217.17,eastmoney-all
2019-07-24,8974.42,304.01,eastmoney-all
2019-07-25,8979.12,309.16,eastmoney-all
2019-07-26,8960.02,256.92,eastmoney-all
2019-07-29,8984.44,267.45,eastmoney-all
2019-07-30,8979.45,306.25,eastmoney-all
2019-07-31,8974.65,268.78,eastmoney-all
2019-08-01,8980.59,270.29,eastmoney-all
2019-08-02,8946.17,326.61,eastmoney-all
2019-08-05,8950.15,307.35,eastmoney-all
2019-08-06,8902.54,364.19,eastmoney-all
2019-08-07,8865.22,232.89,eastmoney-all
2019-08-08,8846.38,242.19,eastmoney-all
2019-08-09,8808.17,247.54,eastmoney-all
2019-08-12,8817.87,263.62,eastmoney-all
2019-08-13,8822.4,248.96,eastmoney-all
2019-08-14,8831.48,308.13,eastmoney-all
2019-08-15,8822.42,290.55,eastmoney-all
2019-08-16,8822.27,333.15,eastmoney-all
2019-08-19,8930.3,566.35,eastmoney-all
2019-08-20,8975.16,475.25,eastmoney-all
2019-08-21,9005.97,395.62,eastmoney-all
2019-08-22,9039.46,385.7,eastmoney-all
2019-08-23,9030.21,402.51,eastmoney-all
2019-08-26,9070.05,407.27,eastmoney-all
2019-08-27,9087.6,497.66,eastmoney-all
2019-08-28,9114.71,435.17,eastmoney-all
2019-08-29,9145.53,417.28,eastmoney-all
2019-08-30,9134.56,484.22,eastmoney-all
2019-09-02,9181.57,511.79,eastmoney-all
2019-09-03,9208.81,517.09,eastmoney-all
2019-09-04,9242.4,582.81,eastmoney-all
2019-09-05,9308.75,815.84,eastmoney-all
2019-09-06,9317.64,602.77,eastmoney-all
2019-09-09,9427.66,758.99,eastmoney-all
2019-09-10,9480.21,714.17,eastmoney-all
2019-09-11,9510.03,639.63,eastmoney-all
2019-09-12,9468.39,503.12,eastmoney-all
2019-09-16,9546.55,592.7,eastmoney-all
2019-09-17,9562.27,547.54,eastmoney-all
2019-09-18,9574.21,435.45,eastmoney-all
2019-09-19,9602.01,459.54,eastmoney-all
2019-09-20,9577.09,483.66,eastmoney-all
2019-09-23,9604.52,476.52,eastmoney-all
2019-09-24,9604.28,528.02,eastmoney-all
2019-09-25,9572.46,466.45,eastmoney-all
2019-09-26,9521.32,452.4,eastmoney-all
2019-09-27,9473.83,324.8,eastmoney-all
2019-09-30,9372.55,257.1,eastmoney-all
2019-10-08,9426.17,333.9,eastmoney-all
2019-10-09,9441.5,310.9,eastmoney-all
2019-10-10,9467.81,377.38,eastmoney-all
2019-10-11,9444.19,411.7,eastmoney-all
2019-10-14,9507.62,534.09,eastmoney-all
2019-10-15,9494.18,394.63,eastmoney-all
2019-10-16,9502.45,373.7,eastmoney-all
2019-10-17,9503.36,304.8,eastmoney-all
2019-10-18,9471.23,345.47,eastmoney-all
2019-10-21,9474.24,288.77,eastmoney-all
2019-10-22,9485.34,294.14,eastmoney-all
2019-10-23,9492.18,308.25,eastmoney-all
2019-10-24,9504.68,303.18,eastmoney-all
2019-10-25,9507.85,369.47,eastmoney-all
2019-10-28,9562.0,503.26,eastmoney-all
2019-10-29,9555.35,478.96,eastmoney-all
2019-10-30,9553.82,390.14,eastmoney-all
2019-10-31,9532.28,373.56,eastmoney-all
2019-11-01,9531.88,390.27,eastmoney-all
2019-11-04,9551.17,437.4,eastmoney-all
2019-11-05,9566.95,446.78,eastmoney-all
2019-11-06,9568.3,410.88,eastmoney-all
2019-11-07,9580.72,361.92,eastmoney-all
2019-11-08,9561.92,413.83,eastmoney-all
2019-11-11,9545.23,360.48,eastmoney-all
2019-11-12,9539.39,302.45,eastmoney-all
2019-11-13,9549.83,308.69,eastmoney-all
2019-11-14,9569.14,342.29,eastmoney-all
2019-11-15,9535.12,333.0,eastmoney-all
2019-11-18,9546.14,308.35,eastmoney-all
2019-11-19,9578.01,379.86,eastmoney-all
2019-11-20,9584.69,382.61,eastmoney-all
2019-11-21,9592.18,309.88,eastmoney-all
2019-11-22,9554.16,413.86,eastmoney-all
2019-11-25,9550.82,361.6,eastmoney-all
2019-11-26,9519.62,281.76,eastmoney-all
2019-11-27,9537.52,308.17,eastmoney-all
2019-11-28,9524.76,259.97,eastmoney-all
2019-11-29,9519.79,291.2,eastmoney-all
2019-12-02,9533.57,291.82,eastmoney-all
2019-12-03,9555.75,302.25,eastmoney-all
2019-12-04,9563.84,319.97,eastmoney-all
2019-12-05,9588.33,397.79,eastmoney-all
2019-12-06,9590.95,376.01,eastmoney-all
2019-12-09,9626.76,446.06,eastmoney-all
2019-12-10,9649.44,425.36,eastmoney-all
2019-12-11,9667.31,435.36,eastmoney-all
2019-12-12,9682.06,409.02,eastmoney-all
2019-12-13,9678.4,528.81,eastmoney-all
2019-12-16,9771.24,669.06,eastmoney-all
2019-12-17,9854.67,820.57,eastmoney-all
2019-12-18,9929.6,707.28,eastmoney-all
2019-12-19,9968.63,572.45,eastmoney-all
2019-12-20,9946.11,548.89,eastmoney-all
2019-12-23,9966.83,514.48,eastmoney-all
2019-12-24,9965.73,441.26,eastmoney-all
2019-12-25,9983.06,517.07,eastmoney-all
2019-12-26,10012.58,538.58,eastmoney-all
2019-12-27,9994.82,651.2,eastmoney-all
2019-12-30,10054.52,643.68,eastmoney-all
2019-12-31,10054.69,538.15,eastmoney-all
2020-01-02,10106.54,825.39,eastmoney-all
2020-01-03,10122.11,717.29,eastmoney-all
2020-01-06,10227.21,885.69,eastmoney-all
2020-01-07,10270.87,759.46,eastmoney-all
2020-01-08,10301.56,822.98,eastmoney-all
2020-01-09,10332.69,731.96,eastmoney-all
2020-01-10,10320.43,639.55,eastmoney-all
2020-01-13,10376.59,719.43,eastmoney-all
2020-01-14,10402.21,739.19,eastmoney-all
2020-01-15,10430.76,635.63,eastmoney-all
2020-01-16,10439.07,614.47,eastmoney-all
2020-01-17,10411.3,596.56,eastmoney-all
2020-01-20,10450.14,740.96,eastmoney-all
2020-01-21,10444.15,725.04,eastmoney-all
2020-01-22,10442.58,746.51,eastmoney-all
2020-01-23,10269.1,787.19,eastmoney-all
2020-02-03,10155.47,486.72,eastmoney-all
2020-02-04,10141.07,835.32,eastmoney-all
2020-02-05,10149.09,835.13,eastmoney-all
2020-02-06,10238.62,939.87,eastmoney-all
2020-02-07,10273.23,930.76,eastmoney-all
2020-02-10,10325.06,890.87,eastmoney-all
2020-02-11,10306.07,754.08,eastmoney-all
2020-02-12,10372.38,848.12,eastmoney-all
2020-02-13,10397.44,919.4,eastmoney-all
2020-02-14,10389.28,872.74,eastmoney-all
2020-02-17,10507.96,1054.86,eastmoney-all
2020-02-18,10620.39,1103.79,eastmoney-all
2020-02-19,10645.76,1130.39,eastmoney-all
2020-02-20,10755.69,1217.76,eastmoney-all
2020-02-21,10828.06,1342.45,eastmoney-all
2020-02-24,10963.32,1395.61,eastmoney-all
2020-02-25,11077.7,1611.58,eastmoney-all
2020-02-26,11108.98,1461.46,eastmoney-all
2020-02-27,11092.32,1074.56,eastmoney-all
2020-02-28,10878.6,1035.66,eastmoney-all
2020-03-02,10962.82,1107.64,eastmoney-all
2020-03-03,11020.23,1277.27,eastmoney-all
2020-03-04,11051.31,1003.27,eastmoney-all
2020-03-05,11150.44,1287.69,eastmoney-all
2020-03-06,11107.98,952.31,eastmoney-all
2020-03-09,11078.68,1050.84,eastmoney-all
2020-03-10,11132.41,1096.11,eastmoney-all
2020-03-11,11113.12,951.73,eastmoney-all
2020-03-12,11079.04,781.71,eastmoney-all
2020-03-13,10994.3,883.84,eastmoney-all
2020-03-16,10821.18,830.41,eastmoney-all
2020-03-17,10837.27,743.3,eastmoney-all
2020-03-18,10745.83,752.11,eastmoney-all
2020-03-19,10788.89,751.62,eastmoney-all
2020-03-20,10730.73,615.22,eastmoney-all
2020-03-23,10631.96,550.65,eastmoney-all
2020-03-24,10623.63,610.33,eastmoney-all
2020-03-25,10636.51,700.12,eastmoney-all
2020-03-26,10594.65,543.65,eastmoney-all
2020-03-27,10537.05,544.37,eastmoney-all
2020-03-30,10500.49,521.52,eastmoney-all
2020-03-31,10474.06,464.33,eastmoney-all
2020-04-01,10429.78,487.11,eastmoney-all
2020-04-02,10443.17,529.72,eastmoney-all
2020-04-03,10374.73,466.49,eastmoney-all
2020-04-07,10429.54,696.95,eastmoney-all
2020-04-08,10426.24,585.98,eastmoney-all
2020-04-09,10444.55,623.15,eastmoney-all
2020-04-10,10378.27,581.4,eastmoney-all
2020-04-13,10373.6,431.9,eastmoney-all
2020-04-14,10376.56,506.64,eastmoney-all
2020-04-15,10378.34,557.84,eastmoney-all
2020-04-16,10399.64,519.32,eastmoney-all
2020-04-17,10376.81,673.2,eastmoney-all
2020-04-20,10414.03,554.54,eastmoney-all
2020-04-21,10424.63,578.26,eastmoney-all
2020-04-22,10454.75,535.34,eastmoney-all
2020-04-23,10453.31,578.49,eastmoney-all
2020-04-24,10388.1,496.78,eastmoney-all
2020-04-27,10368.86,456.25,eastmoney-all
2020-04-28,10326.17,569.68,eastmoney-all
2020-04-29,10285.15,470.67,eastmoney-all
2020-04-30,10216.0,630.63,eastmoney-all
2020-05-06,10334.91,692.52,eastmoney-all
2020-05-07,10394.43,619.58,eastmoney-all
2020-05-08,10409.4,653.04,eastmoney-all
2020-05-11,10471.06,643.97,eastmoney-all
2020-05-12,10500.51,534.48,eastmoney-all
2020-05-13,10531.33,517.31,eastmoney-all
2020-05-14,10548.57,540.08,eastmoney-all
2020-05-15,10542.94,561.76,eastmoney-all
2020-05-18,10552.81,653.1,eastmoney-all
2020-05-19,10588.8,604.33,eastmoney-all
2020-05-20,10588.37,603.7,eastmoney-all
2020-05-21,10581.94,530.41,eastmoney-all
2020-05-22,10532.63,479.16,eastmoney-all
2020-05-25,10534.85,381.15,eastmoney-all
2020-05-26,10559.29,430.13,eastmoney-all
2020-05-27,10554.65,457.57,eastmoney-all
2020-05-28,10546.25,469.13,eastmoney-all
2020-05-29,10518.88,445.47,eastmoney-all
2020-06-01,10619.97,723.97,eastmoney-all
2020-06-02,10661.33,687.19,eastmoney-all
2020-06-03,10688.97,703.65,eastmoney-all
2020-06-04,10708.32,573.45,eastmoney-all
2020-06-05,10698.18,542.31,eastmoney-all
2020-06-08,10743.24,613.66,eastmoney-all
2020-06-09,10760.35,549.43,eastmoney-all
2020-06-10,10780.76,533.77,eastmoney-all
2020-06-11,10809.74,655.66,eastmoney-all
2020-06-12,10807.4,588.03,eastmoney-all
2020-06-15,10850.39,681.77,eastmoney-all
2020-06-16,10921.92,678.55,eastmoney-all
2020-06-17,10958.01,683.22,eastmoney-all
2020-06-18,11006.76,745.8,eastmoney-all
2020-06-19,11007.36,754.71,eastmoney-all
2020-06-22,11114.27,862.5,eastmoney-all
2020-06-23,11155.66,754.36,eastmoney-all
2020-06-24,11104.95,687.07,eastmoney-all
2020-06-29,11193.71,725.56,eastmoney-all
2020-06-30,11313.35,864.2,eastmoney-all
2020-07-01,11421.49,1036.89,eastmoney-all
2020-07-02,11550.08,1174.51,eastmoney-all
2020-07-03,11667.63,1319.93,eastmoney-all
2020-07-06,12035.02,1881.4,eastmoney-all
2020-07-07,12299.23,2037.38,eastmoney-all
2020-07-08,12606.69,1867.75,eastmoney-all
2020-07-09,12846.43,2101.42,eastmoney-all
2020-07-10,13013.41,1888.83,eastmoney-all
2020-07-13,13318.77,2034.58,eastmoney-all
2020-07-14,13449.75,1924.57,eastmoney-all
2020-07-15,13464.56,1688.74,eastmoney-all
2020-07-16,13418.93,1481.18,eastmoney-all
2020-07-17,13347.91,1017.79,eastmoney-all
2020-07-20,13445.18,1232.94,eastmoney-all
2020-07-21,13448.76,1100.83,eastmoney-all
2020-07-22,13503.42,1243.96,eastmoney-all
2020-07-23,13580.46,1299.08,eastmoney-all
2020-07-24,13411.2,1257.99,eastmoney-all
2020-07-27,13449.25,874.84,eastmoney-all
2020-07-28,13458.46,841.51,eastmoney-all
2020-07-29,13583.03,1097.66,eastmoney-all
2020-07-30,13652.47,1114.76,eastmoney-all
2020-07-31,13719.47,1181.41,eastmoney-all
2020-08-03,13940.82,1483.82,eastmoney-all
2020-08-04,13979.43,1436.47,eastmoney-all
2020-08-05,14087.26,1268.01,eastmoney-all
2020-08-06,14126.37,1379.63,eastmoney-all
2020-08-07,14036.33,1273.28,eastmoney-all
2020-08-10,14083.37,1193.65,eastmoney-all
2020-08-11,14028.31,1088.45,eastmoney-all
2020-08-12,13990.55,970.11,eastmoney-all
2020-08-13,14005.6,799.14,eastmoney-all
2020-08-14,13937.09,765.63,eastmoney-all
2020-08-17,14100.1,1245.23,eastmoney-all
2020-08-18,14172.15,1082.7,eastmoney-all
2020-08-19,14170.16,1070.9,eastmoney-all
2020-08-20,14156.56,775.83,eastmoney-all
2020-08-21,14138.52,771.49,eastmoney-all
2020-08-24,14200.88,821.96,eastmoney-all
2020-08-25,14189.53,811.85,eastmoney-all
2020-08-26,14126.18,828.92,eastmoney-all
2020-08-27,14145.5,716.93,eastmoney-all
2020-08-28,14157.74,866.15,eastmoney-all
2020-08-31,14256.66,1029.03,eastmoney-all
2020-09-01,14282.91,757.89,eastmoney-all
2020-09-02,14362.84,898.06,eastmoney-all
2020-09-03,14361.28,806.27,eastmoney-all
2020-09-04,14332.72,691.67,eastmoney-all
2020-09-07,14314.0,853.36,eastmoney-all
2020-09-08,14296.24,748.27,eastmoney-all
2020-09-09,14254.08,797.49,eastmoney-all
2020-09-10,14144.25,619.39,eastmoney-all
2020-09-11,14112.89,519.42,eastmoney-all
2020-09-14,14131.99,603.13,eastmoney-all
2020-09-15,14140.54,579.53,eastmoney-all
2020-09-16,14132.34,529.96,eastmoney-all
2020-09-17,14155.24,633.6,eastmoney-all
2020-09-18,14167.45,723.8,eastmoney-all
2020-09-21,14179.7,637.64,eastmoney-all
2020-09-22,14174.6,585.38,eastmoney-all
2020-09-23,14199.14,557.13,eastmoney-all
2020-09-24,14186.23,536.93,eastmoney-all
2020-09-25,14141.52,445.66,eastmoney-all
2020-09-28,14090.67,385.78,eastmoney-all
2020-09-29,14052.91,419.18,eastmoney-all
2020-09-30,13885.96,378.45,eastmoney-all
2020-10-09,13994.57,644.76,eastmoney-all
2020-10-12,14113.5,930.37,eastmoney-all
2020-10-13,14200.45,786.48,eastmoney-all
2020-10-14,14268.0,687.93,eastmoney-all
2020-10-15,14279.01,630.88,eastmoney-all
2020-10-16,14238.2,550.24,eastmoney-all
2020-10-19,14256.76,615.63,eastmoney-all
2020-10-20,14283.8,537.84,eastmoney-all
2020-10-21,14274.75,543.45,eastmoney-all
2020-10-22,14292.39,537.41,eastmoney-all
2020-10-23,14195.58,550.51,eastmoney-all
2020-10-26,14170.77,511.33,eastmoney-all
2020-10-27,14171.78,451.19,eastmoney-all
2020-10-28,14199.1,587.35,eastmoney-all
2020-10-29,14224.17,641.48,eastmoney-all
2020-10-30,14148.41,689.83,eastmoney-all
2020-11-02,14163.35,645.2,eastmoney-all
2020-11-03,14193.65,652.61,eastmoney-all
2020-11-04,14230.03,601.07,eastmoney-all
2020-11-05,14284.43,783.61,eastmoney-all
2020-11-06,14285.03,780.11,eastmoney-all
2020-11-09,14393.2,1056.02,eastmoney-all
2020-11-10,14416.99,874.52,eastmoney-all
2020-11-11,14400.2,764.61,eastmoney-all
2020-11-12,14396.37,607.11,eastmoney-all
2020-11-13,14388.97,635.9,eastmoney-all
2020-11-16,14443.3,705.22,eastmoney-all
2020-11-17,14458.64,757.39,eastmoney-all
2020-11-18,14474.16,719.53,eastmoney-all
2020-11-19,14463.48,638.54,eastmoney-all
2020-11-20,14451.36,650.83,eastmoney-all
2020-11-23,14541.46,939.8,eastmoney-all
2020-11-24,14586.78,778.41,eastmoney-all
2020-11-25,14604.38,796.87,eastmoney-all
2020-11-26,14573.22,620.88,eastmoney-all
2020-11-27,14524.15,622.45,eastmoney-all
2020-11-30,14571.4,914.92,eastmoney-all
2020-12-01,14629.62,837.63,eastmoney-all
2020-12-02,14695.0,858.7,eastmoney-all
2020-12-03,14701.14,766.71,eastmoney-all
2020-12-04,14690.68,683.45,eastmoney-all
2020-12-07,14739.76,701.06,eastmoney-all
2020-12-08,14740.39,621.35,eastmoney-all
2020-12-09,14691.36,688.93,eastmoney-all
2020-12-10,14685.7,592.85,eastmoney-all
2020-12-11,14638.61,646.87,eastmoney-all
2020-12-14,14667.01,578.36,eastmoney-all
2020-12-15,14669.12,586.57,eastmoney-all
2020-12-16,14674.67,579.45,eastmoney-all
2020-12-17,14702.2,708.44,eastmoney-all
2020-12-18,14715.99,695.64,eastmoney-all
2020-12-21,14776.41,837.12,eastmoney-all
2020-12-22,14784.94,903.58,eastmoney-all
2020-12-23,14823.87,863.84,eastmoney-all
2020-12-24,14825.1,773.51,eastmoney-all
2020-12-25,14828.28,766.1,eastmoney-all
2020-12-28,14857.7,787.72,eastmoney-all
2020-12-29,14795.04,738.07,eastmoney-all
2020-12-30,14830.65,781.41,eastmoney-all
2020-12-31,14819.95,911.63,eastmoney-all
2021-01-04,15059.72,1251.23,eastmoney-all
2021-01-05,15155.43,1294.2,eastmoney-all
2021-01-06,15211.31,1148.08,eastmoney-all
2021-01-07,15274.53,1215.93,eastmoney-all
2021-01-08,15263.85,1093.19,eastmoney-all
2021-01-11,15288.28,1182.77,eastmoney-all
2021-01-12,15370.58,1160.1,eastmoney-all
2021-01-13,15402.3,1306.89,eastmoney-all
2021-01-14,15386.48,1126.29,eastmoney-all
2021-01-15,15365.06,994.83,eastmoney-all
2021-01-18,15444.76,1011.89,eastmoney-all
2021-01-19,15480.2,1018.29,eastmoney-all
2021-01-20,15528.67,889.37,eastmoney-all
2021-01-21,15608.8,1130.05,eastmoney-all
2021-01-22,15603.03,1115.87,eastmoney-all
2021-01-25,15664.86,1248.69,eastmoney-all
2021-01-26,15602.61,947.5,eastmoney-all
2021-01-27,15595.69,839.54,eastmoney-all
2021-01-28,15551.66,827.1,eastmoney-all
2021-01-29,15401.83,803.61,eastmoney-all
2021-02-01,15382.58,738.54,eastmoney-all
2021-02-02,15382.31,813.25,eastmoney-all
2021-02-03,15370.19,890.04,eastmoney-all
2021-02-04,15280.26,830.01,eastmoney-all
2021-02-05,15177.19,788.5,eastmoney-all
2021-02-08,15142.85,714.89,eastmoney-all
2021-02-09,15167.32,820.12,eastmoney-all
2021-02-10,14987.39,821.37,eastmoney-all
2021-02-18,15217.05,1175.98,eastmoney-all
2021-02-19,15277.08,1062.27,eastmoney-all
2021-02-22,15404.16,1340.64,eastmoney-all
2021-02-23,15386.67,920.81,eastmoney-all
2021-02-24,15394.43,981.42,eastmoney-all
2021-02-25,15375.78,847.07,eastmoney-all
2021-02-26,15303.41,746.09,eastmoney-all
2021-03-01,15341.08,737.06,eastmoney-all
2021-03-02,15362.06,791.94,eastmoney-all
2021-03-03,15361.48,732.68,eastmoney-all
2021-03-04,15326.57,830.99,eastmoney-all
2021-03-05,15262.61,723.35,eastmoney-all
2021-03-08,15249.39,834.27,eastmoney-all
2021-03-09,15167.33,757.89,eastmoney-all
2021-03-10,15100.27,553.47,eastmoney-all
2021-03-11,15124.78,679.1,eastmoney-all
2021-03-12,15078.02,662.73,eastmoney-all
2021-03-15,15115.85,693.55,eastmoney-all
2021-03-16,15098.26,589.48,eastmoney-all
2021-03-17,15108.01,585.24,eastmoney-all
2021-03-18,15092.85,598.84,eastmoney-all
2021-03-19,15074.9,607.85,eastmoney-all
2021-03-22,15127.04,623.53,eastmoney-all
2021-03-23,15113.14,607.29,eastmoney-all
2021-03-24,15117.72,600.6,eastmoney-all
2021-03-25,15078.53,488.8,eastmoney-all
2021-03-26,15055.35,587.46,eastmoney-all
2021-03-29,15072.57,602.66,eastmoney-all
2021-03-30,15074.95,582.21,eastmoney-all
2021-03-31,15096.84,536.47,eastmoney-all
2021-04-01,15072.3,547.37,eastmoney-all
2021-04-02,15040.56,610.9,eastmoney-all
2021-04-06,15108.23,596.79,eastmoney-all
2021-04-07,15164.38,614.83,eastmoney-all
2021-04-08,15170.44,624.73,eastmoney-all
2021-04-09,15148.24,549.42,eastmoney-all
2021-04-12,15139.28,603.36,eastmoney-all
2021-04-13,15086.18,494.87,eastmoney-all
2021-04-14,15098.86,524.15,eastmoney-all
2021-04-15,15107.76,511.99,eastmoney-all
2021-04-16,15085.43,530.05,eastmoney-all
2021-04-19,15133.31,741.21,eastmoney-all
2021-04-20,15157.51,712.41,eastmoney-all
2021-04-21,15169.88,602.62,eastmoney-all
2021-04-22,15200.22,616.89,eastmoney-all
2021-04-23,15159.59,652.4,eastmoney-all
2021-04-26,15190.6,808.36,eastmoney-all
2021-04-27,15166.1,619.73,eastmoney-all
2021-04-28,15181.1,688.03,eastmoney-all
2021-04-29,15155.19,707.89,eastmoney-all
2021-04-30,15025.21,724.66,eastmoney-all
2021-05-06,15111.31,789.78,eastmoney-all
2021-05-07,15096.5,778.53,eastmoney-all
2021-05-10,15149.38,749.33,eastmoney-all
2021-05-11,15166.87,728.13,eastmoney-all
2021-05-12,15203.02,655.59,eastmoney-all
2021-05-13,15220.67,678.53,eastmoney-all
2021-05-14,15226.44,832.21,eastmoney-all
2021-05-17,15272.97,838.31,eastmoney-all
2021-05-18,15327.31,726.78,eastmoney-all
2021-05-19,15386.53,778.65,eastmoney-all
2021-05-20,15397.77,754.48,eastmoney-all
2021-05-21,15390.9,689.63,eastmoney-all
2021-05-24,15448.74,739.68,eastmoney-all
2021-05-25,15442.49,916.2,eastmoney-all
2021-05-26,15497.18,907.71,eastmoney-all
2021-05-27,15564.82,853.7,eastmoney-all
2021-05-28,15593.97,942.16,eastmoney-all
2021-05-31,15695.52,950.44,eastmoney-all
2021-06-01,15775.14,953.49,eastmoney-all
2021-06-02,15789.13,879.43,eastmoney-all
2021-06-03,15799.88,837.81,eastmoney-all
2021-06-04,15773.92,816.23,eastmoney-all
2021-06-07,15850.8,848.65,eastmoney-all
2021-06-08,15857.14,861.11,eastmoney-all
2021-06-09,15865.1,731.53,eastmoney-all
2021-06-10,15910.66,879.82,eastmoney-all
2021-06-11,15871.54,949.63,eastmoney-all
2021-06-15,15943.8,852.58,eastmoney-all
2021-06-16,15893.15,735.51,eastmoney-all
2021-06-17,15922.43,772.81,eastmoney-all
2021-06-18,15949.15,894.64,eastmoney-all
2021-06-21,16019.4,885.63,eastmoney-all
2021-06-22,16081.14,868.44,eastmoney-all
2021-06-23,16116.5,965.53,eastmoney-all
2021-06-24,16128.9,846.11,eastmoney-all
2021-06-25,16118.08,939.02,eastmoney-all
2021-06-28,16207.9,960.64,eastmoney-all
2021-06-29,16246.87,859.09,eastmoney-all
2021-06-30,16281.19,895.53,eastmoney-all
2021-07-01,16181.05,934.24,eastmoney-all
2021-07-02,16160.33,837.68,eastmoney-all
2021-07-05,16223.55,851.41,eastmoney-all
2021-07-06,16222.19,953.09,eastmoney-all
2021-07-07,16291.25,953.1,eastmoney-all
2021-07-08,16336.52,1087.33,eastmoney-all
2021-07-09,16355.47,999.23,eastmoney-all
2021-07-12,16445.32,1233.55,eastmoney-all
2021-07-13,16498.0,1124.87,eastmoney-all
2021-07-14,16504.86,1068.06,eastmoney-all
2021-07-15,16500.88,1033.06,eastmoney-all
2021-07-16,16469.37,1091.56,eastmoney-all
2021-07-19,16485.85,972.23,eastmoney-all
2021-07-20,16504.47,818.75,eastmoney-all
2021-07-21,16590.0,1154.81,eastmoney-all
2021-07-22,16663.45,1202.02,eastmoney-all
2021-07-23,16649.92,1259.19,eastmoney-all
2021-07-26,16679.01,1255.33,eastmoney-all
2021-07-27,16599.99,1347.11,eastmoney-all
2021-07-28,16443.58,940.21,eastmoney-all
2021-07-29,16483.03,1074.19,eastmoney-all
2021-07-30,16473.72,1151.15,eastmoney-all
2021-08-02,16588.69,1397.59,eastmoney-all
2021-08-03,16576.2,1209.5,eastmoney-all
2021-08-04,16658.46,1165.47,eastmoney-all
2021-08-05,16701.34,1148.89,eastmoney-all
2021-08-06,16706.77,1100.48,eastmoney-all
2021-08-09,16770.03,1121.3,eastmoney-all
2021-08-10,16784.82,1157.13,eastmoney-all
2021-08-11,16856.99,1114.78,eastmoney-all
2021-08-12,16925.77,1141.97,eastmoney-all
2021-08-13,16897.66,1106.42,eastmoney-all
2021-08-16,16912.27,1034.0,eastmoney-all
2021-08-17,16825.98,1037.17,eastmoney-all
2021-08-18,16838.79,1006.59,eastmoney-all
2021-08-19,16820.69,1001.53,eastmoney-all
2021-08-20,16794.51,994.1,eastmoney-all
2021-08-23,16932.87,1166.05,eastmoney-all
2021-08-24,16981.43,1248.33,eastmoney-all
2021-08-25,17020.81,1112.68,eastmoney-all
2021-08-26,17058.25,1185.5,eastmoney-all
2021-08-27,17013.97,1124.45,eastmoney-all
2021-08-30,17084.69,1400.78,eastmoney-all
2021-08-31,17066.52,1276.6,eastmoney-all
2021-09-01,17080.14,1511.56,eastmoney-all
2021-09-02,17106.83,1252.92,eastmoney-all
2021-09-03,17043.09,1360.13,eastmoney-all
2021-09-06,17130.19,1253.79,eastmoney-all
2021-09-07,17200.93,1286.43,eastmoney-all
2021-09-08,17308.39,1357.29,eastmoney-all
2021-09-09,17396.37,1304.52,eastmoney-all
2021-09-10,17414.96,1434.23,eastmoney-all
2021-09-13,17527.24,1342.81,eastmoney-all
2021-09-14,17543.12,1329.67,eastmoney-all
2021-09-15,17583.61,1132.17,eastmoney-all
2021-09-16,17478.4,1178.94,eastmoney-all
2021-09-17,17295.21,1068.25,eastmoney-all
2021-09-22,17365.19,979.97,eastmoney-all
2021-09-23,17413.97,1078.51,eastmoney-all
2021-09-24,17319.49,975.72,eastmoney-all
2021-09-27,17193.79,1035.04,eastmoney-all
2021-09-28,17161.08,744.54,eastmoney-all
2021-09-29,17054.15,773.84,eastmoney-all
2021-09-30,16853.08,658.33,eastmoney-all
2021-10-08,16961.13,844.85,eastmoney-all
2021-10-11,16995.55,743.49,eastmoney-all
2021-10-12,16955.97,706.17,eastmoney-all
2021-10-13,16927.16,671.61,eastmoney-all
2021-10-14,16944.0,659.77,eastmoney-all
2021-10-15,16892.64,702.93,eastmoney-all
2021-10-18,16965.76,766.47,eastmoney-all
2021-10-19,16997.86,738.37,eastmoney-all
2021-10-20,17046.7,801.22,eastmoney-all
2021-10-21,17047.32,756.02,eastmoney-all
2021-10-22,16986.72,735.61,eastmoney-all
2021-10-25,17054.95,800.3,eastmoney-all
2021-10-26,17084.11,832.78,eastmoney-all
2021-10-27,17096.01,816.49,eastmoney-all
2021-10-28,17005.17,788.74,eastmoney-all
2021-10-29,16967.97,829.52,eastmoney-all
2021-11-01,17012.38,897.58,eastmoney-all
2021-11-02,16957.31,915.29,eastmoney-all
2021-11-03,16927.81,693.06,eastmoney-all
2021-11-04,16972.13,821.5,eastmoney-all
2021-11-05,16872.95,818.91,eastmoney-all
2021-11-08,16927.17,750.61,eastmoney-all
2021-11-09,16959.21,761.58,eastmoney-all
2021-11-10,16979.69,821.01,eastmoney-all
2021-11-11,16991.2,851.1,eastmoney-all
2021-11-12,16980.06,829.0,eastmoney-all
2021-11-15,17000.26,836.97,eastmoney-all
2021-11-16,16966.36,774.63,eastmoney-all
2021-11-17,17006.28,750.94,eastmoney-all
2021-11-18,17019.78,811.96,eastmoney-all
2021-11-19,17003.22,820.17,eastmoney-all
2021-11-22,17112.26,1003.14,eastmoney-all
2021-11-23,17148.37,934.71,eastmoney-all
2021-11-24,17186.54,926.64,eastmoney-all
2021-11-25,17212.64,834.88,eastmoney-all
2021-11-26,17177.7,807.52,eastmoney-all
2021-11-29,17204.95,861.54,eastmoney-all
2021-11-30,17239.23,886.16,eastmoney-all
2021-12-01,17269.28,815.56,eastmoney-all
2021-12-02,17249.89,809.64,eastmoney-all
2021-12-03,17231.09,824.32,eastmoney-all
2021-12-06,17225.54,899.87,eastmoney-all
2021-12-07,17195.91,853.55,eastmoney-all
2021-12-08,17222.21,826.62,eastmoney-all
2021-12-09,17225.26,966.49,eastmoney-all
2021-12-10,17239.65,851.59,eastmoney-all
2021-12-13,17288.02,981.0,eastmoney-all
2021-12-14,17309.47,826.18,eastmoney-all
2021-12-15,17327.71,833.98,eastmoney-all
2021-12-16,17328.27,826.78,eastmoney-all
2021-12-17,17260.67,806.14,eastmoney-all
2021-12-20,17238.38,802.62,eastmoney-all
2021-12-21,17220.1,686.28,eastmoney-all
2021-12-22,17232.45,742.83,eastmoney-all
2021-12-23,17239.08,783.14,eastmoney-all
2021-12-24,17149.63,841.39,eastmoney-all
2021-12-27,17184.32,731.36,eastmoney-all
2021-12-28,17212.41,706.88,eastmoney-all
2021-12-29,17211.38,682.23,eastmoney-all
2021-12-30,17213.27,732.25,eastmoney-all
2021-12-31,17120.06,744.52,eastmoney-all
2022-01-04,17190.37,937.31,eastmoney-all
2022-01-05,17163.11,884.99,eastmoney-all
2022-01-06,17179.05,773.51,eastmoney-all
2022-01-07,17026.91,784.89,eastmoney-all
2022-01-10,17045.26,703.78,eastmoney-all
2022-01-11,17035.92,700.8,eastmoney-all
2022-01-12,17057.79,728.65,eastmoney-all
2022-01-13,17052.33,746.58,eastmoney-all
2022-01-14,17009.12,743.6,eastmoney-all
2022-01-17,17053.19,795.16,eastmoney-all
2022-01-18,17020.02,797.09,eastmoney-all
2022-01-19,16987.53,689.65,eastmoney-all
2022-01-20,16884.55,724.87,eastmoney-all
2022-01-21,16764.84,618.68,eastmoney-all
2022-01-24,16739.81,551.21,eastmoney-all
2022-01-25,16648.35,596.96,eastmoney-all
2022-01-26,16575.07,461.56,eastmoney-all
2022-01-27,16483.84,493.01,eastmoney-all
2022-01-28,16202.38,439.27,eastmoney-all
2022-02-07,16237.82,533.78,eastmoney-all
2022-02-08,16224.67,567.77,eastmoney-all
2022-02-09,16251.03,625.18,eastmoney-all
2022-02-10,16241.49,598.02,eastmoney-all
2022-02-11,16179.4,616.43,eastmoney-all
2022-02-14,16209.57,571.86,eastmoney-all
2022-02-15,16217.05,524.48,eastmoney-all
2022-02-16,16232.55,521.4,eastmoney-all
2022-02-17,16236.36,608.74,eastmoney-all
2022-02-18,16198.68,530.48,eastmoney-all
2022-02-21,16268.05,651.11,eastmoney-all
2022-02-22,16296.65,697.22,eastmoney-all
2022-02-23,16362.07,772.64,eastmoney-all
2022-02-24,16314.68,959.16,eastmoney-all
2022-02-25,16295.24,704.84,eastmoney-all
2022-02-28,16310.99,647.26,eastmoney-all
2022-03-01,16326.41,685.09,eastmoney-all
2022-03-02,16346.13,623.1,eastmoney-all
2022-03-03,16334.42,703.09,eastmoney-all
2022-03-04,16281.06,657.91,eastmoney-all
2022-03-07,16313.45,697.77,eastmoney-all
2022-03-08,16294.0,758.38,eastmoney-all
2022-03-09,16215.76,745.96,eastmoney-all
2022-03-10,16194.76,695.66,eastmoney-all
2022-03-11,16133.6,690.08,eastmoney-all
2022-03-14,16147.56,639.26,eastmoney-all
2022-03-15,16023.52,710.38,eastmoney-all
2022-03-16,15980.15,797.14,eastmoney-all
2022-03-17,15938.08,860.4,eastmoney-all
2022-03-18,15867.23,648.69,eastmoney-all
2022-03-21,15914.51,705.69,eastmoney-all
2022-03-22,15916.87,625.93,eastmoney-all
2022-03-23,15917.21,637.65,eastmoney-all
2022-03-24,15912.59,614.99,eastmoney-all
2022-03-25,15871.85,599.9,eastmoney-all
2022-03-28,15859.28,541.93,eastmoney-all
2022-03-29,15838.12,544.38,eastmoney-all
2022-03-30,15864.05,679.08,eastmoney-all
2022-03-31,15806.68,659.33,eastmoney-all
2022-04-01,15700.05,593.18,eastmoney-all
2022-04-06,15762.97,676.94,eastmoney-all
2022-04-07,15723.93,589.2,eastmoney-all
2022-04-08,15665.3,596.41,eastmoney-all
2022-04-11,15588.68,602.68,eastmoney-all
2022-04-12,15565.57,582.01,eastmoney-all
2022-04-13,15514.34,537.93,eastmoney-all
2022-04-14,15502.05,608.97,eastmoney-all
2022-04-15,15413.95,598.08,eastmoney-all
2022-04-18,15410.08,522.79,eastmoney-all
2022-04-19,15400.6,488.23,eastmoney-all
2022-04-20,15396.91,516.78,eastmoney-all
2022-04-21,15296.16,487.64,eastmoney-all
2022-04-22,15169.84,390.22,eastmoney-all
2022-04-25,14934.31,516.09,eastmoney-all
2022-04-26,14654.7,447.66,eastmoney-all
2022-04-27,14540.19,532.48,eastmoney-all
2022-04-28,14444.54,484.59,eastmoney-all
2022-04-29,14337.64,603.53,eastmoney-all
2022-05-05,14397.6,618.26,eastmoney-all
2022-05-06,14387.84,512.87,eastmoney-all
2022-05-09,14408.76,429.89,eastmoney-all
2022-05-10,14423.48,524.03,eastmoney-all
2022-05-11,14465.92,761.31,eastmoney-all
2022-05-12,14458.92,511.11,eastmoney-all
2022-05-13,14437.21,494.0,eastmoney-all
2022-05-16,14453.87,514.82,eastmoney-all
2022-05-17,14449.86,531.74,eastmoney-all
2022-05-18,14464.17,520.82,eastmoney-all
2022-05-19,14467.28,539.2,eastmoney-all
2022-05-20,14437.01,653.12,eastmoney-all
2022-05-23,14494.7,641.53,eastmoney-all
2022-05-24,14472.29,667.7,eastmoney-all
2022-05-25,14487.86,495.71,eastmoney-all
2022-05-26,14486.93,562.29,eastmoney-all
2022-05-27,14437.8,529.52,eastmoney-all
2022-05-30,14449.9,536.09,eastmoney-all
2022-05-31,14445.49,637.0,eastmoney-all
2022-06-01,14442.65,606.57,eastmoney-all
2022-06-02,14406.99,615.85,eastmoney-all
2022-06-06,14498.86,871.44,eastmoney-all
2022-06-07,14533.48,754.26,eastmoney-all
2022-06-08,14561.36,839.7,eastmoney-all
2022-06-09,14580.81,725.51,eastmoney-all
2022-06-10,14569.9,743.22,eastmoney-all
2022-06-13,14665.19,843.22,eastmoney-all
2022-06-14,14704.76,849.11,eastmoney-all
2022-06-15,14754.11,1098.9,eastmoney-all
2022-06-16,14790.17,852.9,eastmoney-all
2022-06-17,14769.24,827.4,eastmoney-all
2022-06-20,14831.3,890.86,eastmoney-all
2022-06-21,14809.11,780.75,eastmoney-all
2022-06-22,14850.36,736.53,eastmoney-all
2022-06-23,14880.06,822.24,eastmoney-all
2022-06-24,14868.3,871.49,eastmoney-all
2022-06-27,14960.93,1011.27,eastmoney-all
2022-06-28,15046.65,1012.83,eastmoney-all
2022-06-29,15052.23,1010.98,eastmoney-all
2022-06-30,15097.45,962.58,eastmoney-all
2022-07-01,15071.91,839.28,eastmoney-all
2022-07-04,15153.6,897.88,eastmoney-all
2022-07-05,15187.24,932.13,eastmoney-all
2022-07-06,15231.67,832.18,eastmoney-all
2022-07-07,15276.82,809.85,eastmoney-all
2022-07-08,15234.17,748.32,eastmoney-all
2022-07-11,15244.87,724.83,eastmoney-all
2022-07-12,15222.88,665.42,eastmoney-all
2022-07-13,15246.24,664.24,eastmoney-all
2022-07-14,15264.13,732.02,eastmoney-all
2022-07-15,15212.03,744.68,eastmoney-all
2022-07-18,15263.4,714.09,eastmoney-all
2022-07-19,15292.7,672.66,eastmoney-all
2022-07-20,15310.79,672.56,eastmoney-all
2022-07-21,15306.48,726.74,eastmoney-all
2022-07-22,15275.33,632.87,eastmoney-all
2022-07-25,15270.16,542.68,eastmoney-all
2022-07-26,15270.24,553.06,eastmoney-all
2022-07-27,15309.57,586.2,eastmoney-all
2022-07-28,15312.44,686.86,eastmoney-all
2022-07-29,15277.13,655.19,eastmoney-all
2022-08-01,15305.19,656.74,eastmoney-all
2022-08-02,15184.65,726.75,eastmoney-all
2022-08-03,15153.93,726.67,eastmoney-all
2022-08-04,15177.43,566.67,eastmoney-all
2022-08-05,15145.83,685.91,eastmoney-all
2022-08-08,15186.23,647.14,eastmoney-all
2022-08-09,15231.89,653.26,eastmoney-all
2022-08-10,15263.49,663.29,eastmoney-all
2022-08-11,15278.3,782.44,eastmoney-all
2022-08-12,15223.19,666.09,eastmoney-all
2022-08-15,15277.77,689.05,eastmoney-all
2022-08-16,15304.82,692.6,eastmoney-all
2022-08-17,15330.84,752.11,eastmoney-all
2022-08-18,15362.7,729.15,eastmoney-all
2022-08-19,15307.59,740.61,eastmoney-all
2022-08-22,15319.82,680.34,eastmoney-all
2022-08-23,15348.92,684.03,eastmoney-all
2022-08-24,15293.52,731.07,eastmoney-all
2022-08-25,15262.79,626.38,eastmoney-all
2022-08-26,15207.06,567.81,eastmoney-all
2022-08-29,15220.5,502.7,eastmoney-all
2022-08-30,15210.74,494.19,eastmoney-all
2022-08-31,15107.46,569.58,eastmoney-all
2022-09-01,15068.22,435.26,eastmoney-all
2022-09-02,15035.38,422.54,eastmoney-all
2022-09-05,15044.67,453.28,eastmoney-all
2022-09-06,15046.16,552.24,eastmoney-all
2022-09-07,15066.98,549.62,eastmoney-all
2022-09-08,15052.7,476.46,eastmoney-all
2022-09-09,14971.82,468.06,eastmoney-all
2022-09-13,14993.96,485.51,eastmoney-all
2022-09-14,14990.47,452.23,eastmoney-all
2022-09-15,14934.72,561.46,eastmoney-all
2022-09-16,14879.04,460.35,eastmoney-all
2022-09-19,14850.32,361.76,eastmoney-all
2022-09-20,14858.14,391.25,eastmoney-all
2022-09-21,14864.32,369.91,eastmoney-all
2022-09-22,14845.28,378.47,eastmoney-all
2022-09-23,14771.2,373.64,eastmoney-all
2022-09-26,14726.59,364.9,eastmoney-all
2022-09-27,14712.46,378.7,eastmoney-all
2022-09-28,14640.46,339.18,eastmoney-all
2022-09-29,14599.18,339.32,eastmoney-all
2022-09-30,14436.11,263.68,eastmoney-all
2022-10-10,14442.99,358.85,eastmoney-all
2022-10-11,14434.8,304.92,eastmoney-all
2022-10-12,14448.49,445.61,eastmoney-all
2022-10-13,14458.01,438.01,eastmoney-all
2022-10-14,14439.85,565.67,eastmoney-all
2022-10-17,14463.71,522.51,eastmoney-all
2022-10-18,14484.86,507.46,eastmoney-all
2022-10-19,14503.67,471.13,eastmoney-all
2022-10-20,14509.55,500.64,eastmoney-all
2022-10-21,14467.54,420.48,eastmoney-all
2022-10-24,14496.9,613.55,eastmoney-all
2022-10-25,14495.68,496.04,eastmoney-all
2022-10-26,14535.5,628.55,eastmoney-all
2022-10-27,14526.0,608.01,eastmoney-all
2022-10-28,14412.2,541.53,eastmoney-all
2022-10-31,14428.48,565.4,eastmoney-all
2022-11-01,14464.74,667.52,eastmoney-all
2022-11-02,14477.31,757.81,eastmoney-all
2022-11-03,14521.82,632.9,eastmoney-all
2022-11-04,14531.75,842.96,eastmoney-all
2022-11-07,14588.64,766.37,eastmoney-all
2022-11-08,14632.53,597.72,eastmoney-all
2022-11-09,14657.81,561.73,eastmoney-all
2022-11-10,14663.51,578.42,eastmoney-all
2022-11-11,14599.29,888.72,eastmoney-all
2022-11-14,14604.74,740.42,eastmoney-all
2022-11-15,14637.27,808.65,eastmoney-all
2022-11-16,14655.91,692.07,eastmoney-all
2022-11-17,14684.03,682.84,eastmoney-all
2022-11-18,14650.68,711.83,eastmoney-all
2022-11-21,14711.8,609.8,eastmoney-all
2022-11-22,14711.99,631.98,eastmoney-all
2022-11-23,14716.56,582.79,eastmoney-all
2022-11-24,14716.51,512.73,eastmoney-all
2022-11-25,14645.04,481.63,eastmoney-all
2022-11-28,14642.4,515.65,eastmoney-all
2022-11-29,14661.08,727.03,eastmoney-all
2022-11-30,14643.68,641.63,eastmoney-all
2022-12-01,14655.87,775.87,eastmoney-all
2022-12-02,14638.52,606.19,eastmoney-all
2022-12-05,14707.69,829.74,eastmoney-all
2022-12-06,14715.93,742.87,eastmoney-all
2022-12-07,14742.79,723.31,eastmoney-all
2022-12-08,14742.23,619.06,eastmoney-all
2022-12-09,14715.83,680.47,eastmoney-all
2022-12-12,14768.76,668.2,eastmoney-all
2022-12-13,14768.17,570.63,eastmoney-all
2022-12-14,14746.95,572.81,eastmoney-all
2022-12-15,14771.95,542.95,eastmoney-all
2022-12-16,14715.49,504.52,eastmoney-all
2022-12-19,14697.52,527.77,eastmoney-all
2022-12-20,14700.0,413.44,eastmoney-all
2022-12-21,14662.55,347.64,eastmoney-all
2022-12-22,14617.61,420.12,eastmoney-all
2022-12-23,14562.05,358.37,eastmoney-all
2022-12-26,14583.94,425.18,eastmoney-all
2022-12-27,14563.32,442.28,eastmoney-all
2022-12-28,14529.98,388.91,eastmoney-all
2022-12-29,14524.61,376.51,eastmoney-all
2022-12-30,14445.24,332.79,eastmoney-all
2023-01-03,14495.26,541.16,eastmoney-all
2023-01-04,14505.57,503.14,eastmoney-all
2023-01-05,14522.29,589.16,eastmoney-all
2023-01-06,14491.71,568.95,eastmoney-all
2023-01-09,14514.76,568.89,eastmoney-all
2023-01-10,14512.28,523.48,eastmoney-all
2023-01-11,14497.17,508.15,eastmoney-all
2023-01-12,14476.36,460.35,eastmoney-all
2023-01-13,14430.85,476.64,eastmoney-all
2023-01-16,14433.57,689.35,eastmoney-all
2023-01-17,14419.56,491.94,eastmoney-all
2023-01-18,14386.99,439.82,eastmoney-all
2023-01-19,14363.75,512.24,eastmoney-all
2023-01-20,14187.91,552.02,eastmoney-all
2023-01-30,14392.09,913.31,eastmoney-all
2023-01-31,14450.81,685.96,eastmoney-all
2023-02-01,14531.36,808.46,eastmoney-all
2023-02-02,14577.22,803.64,eastmoney-all
2023-02-03,14581.28,697.28,eastmoney-all
2023-02-06,14641.66,670.11,eastmoney-all
2023-02-07,14694.89,645.12,eastmoney-all
2023-02-08,14709.65,596.34,eastmoney-all
2023-02-09,14728.29,697.41,eastmoney-all
2023-02-10,14707.29,679.62,eastmoney-all
2023-02-13,14769.28,752.2,eastmoney-all
2023-02-14,14806.41,697.74,eastmoney-all
2023-02-15,14838.42,758.44,eastmoney-all
2023-02-16,14811.24,954.13,eastmoney-all
2023-02-17,14767.93,647.61,eastmoney-all
2023-02-20,14821.9,743.57,eastmoney-all
2023-02-21,14845.44,723.34,eastmoney-all
2023-02-22,14877.44,598.52,eastmoney-all
2023-02-23,14882.82,610.35,eastmoney-all
2023-02-24,14866.22,550.96,eastmoney-all
2023-02-27,14874.4,541.94,eastmoney-all
2023-02-28,14881.0,553.91,eastmoney-all
2023-03-01,14911.55,746.69,eastmoney-all
2023-03-02,14913.3,736.5,eastmoney-all
2023-03-03,14883.59,685.8,eastmoney-all
2023-03-06,14940.37,755.05,eastmoney-all
2023-03-07,14919.76,716.79,eastmoney-all
2023-03-08,14936.32,541.57,eastmoney-all
2023-03-09,14958.07,572.65,eastmoney-all
2023-03-10,14904.56,591.15,eastmoney-all
2023-03-13,14922.68,640.38,eastmoney-all
2023-03-14,14943.27,733.67,eastmoney-all
2023-03-15,14945.71,635.21,eastmoney-all
2023-03-16,14942.23,638.78,eastmoney-all
2023-03-17,14930.05,772.52,eastmoney-all
2023-03-20,14957.23,814.72,eastmoney-all
2023-03-21,14976.24,670.99,eastmoney-all
2023-03-22,15012.73,765.99,eastmoney-all
2023-03-23,15050.87,861.0,eastmoney-all
2023-03-24,15073.04,899.54,eastmoney-all
2023-03-27,15154.35,965.74,eastmoney-all
2023-03-28,15170.02,797.14,eastmoney-all
2023-03-29,15157.91,793.95,eastmoney-all
2023-03-30,15167.0,777.78,eastmoney-all
2023-03-31,15129.93,755.85,eastmoney-all
2023-04-03,15229.45,1110.68,eastmoney-all
2023-04-04,15244.3,1134.01,eastmoney-all
2023-04-06,15325.47,1114.47,eastmoney-all
2023-04-07,15304.2,944.41,eastmoney-all
2023-04-10,15321.12,1062.41,eastmoney-all
2023-04-11,15333.78,856.37,eastmoney-all
2023-04-12,15394.68,982.27,eastmoney-all
2023-04-13,15394.04,929.8,eastmoney-all
2023-04-14,15382.95,921.85,eastmoney-all
2023-04-17,15420.14,903.07,eastmoney-all
2023-04-18,15430.46,872.59,eastmoney-all
2023-04-19,15454.22,923.62,eastmoney-all
2023-04-20,15486.64,961.02,eastmoney-all
2023-04-21,15416.96,962.5,eastmoney-all
2023-04-24,15445.7,812.91,eastmoney-all
2023-04-25,15369.77,811.59,eastmoney-all
2023-04-26,15321.27,833.29,eastmoney-all
2023-04-27,15241.55,739.3,eastmoney-all
2023-04-28,15139.16,831.69,eastmoney-all
2023-05-04,15245.41,912.59,eastmoney-all
2023-05-05,15207.22,794.41,eastmoney-all
2023-05-08,15264.03,881.9,eastmoney-all
2023-05-09,15278.61,986.75,eastmoney-all
2023-05-10,15283.18,755.95,eastmoney-all
2023-05-11,15274.31,645.51,eastmoney-all
2023-05-12,15214.47,578.6,eastmoney-all
2023-05-15,15235.68,685.39,eastmoney-all
2023-05-16,15221.33,604.6,eastmoney-all
2023-05-17,15231.77,558.42,eastmoney-all
2023-05-18,15266.77,672.69,eastmoney-all
2023-05-19,15223.69,615.58,eastmoney-all
2023-05-22,15215.2,555.35,eastmoney-all
2023-05-23,15192.77,518.91,eastmoney-all
2023-05-24,15201.72,583.08,eastmoney-all
2023-05-25,15192.21,603.81,eastmoney-all
2023-05-26,15164.47,614.0,eastmoney-all
2023-05-29,15178.87,655.19,eastmoney-all
2023-05-30,15173.76,679.24,eastmoney-all
2023-05-31,15189.06,651.35,eastmoney-all
2023-06-01,15196.45,728.22,eastmoney-all
2023-06-02,15147.16,653.87,eastmoney-all
2023-06-05,15171.3,622.94,eastmoney-all
2023-06-06,15134.93,635.83,eastmoney-all
2023-06-07,15136.96,557.02,eastmoney-all
2023-06-08,15114.13,564.96,eastmoney-all
2023-06-09,15090.01,641.01,eastmoney-all
2023-06-12,15122.12,671.09,eastmoney-all
2023-06-13,15118.88,681.54,eastmoney-all
2023-06-14,15107.76,721.46,eastmoney-all
2023-06-15,15100.34,796.67,eastmoney-all
2023-06-16,15072.81,801.21,eastmoney-all
2023-06-19,15134.85,864.56,eastmoney-all
2023-06-20,15164.78,844.49,eastmoney-all
2023-06-21,15073.57,717.25,eastmoney-all
2023-06-26,15055.14,654.09,eastmoney-all
2023-06-27,15047.18,541.34,eastmoney-all
2023-06-28,15001.99,583.59,eastmoney-all
2023-06-29,15010.44,589.12,eastmoney-all
2023-06-30,14954.96,627.68,eastmoney-all
2023-07-03,14984.68,728.82,eastmoney-all
2023-07-04,15007.91,668.08,eastmoney-all
2023-07-05,15017.25,608.71,eastmoney-all
2023-07-06,15025.46,582.5,eastmoney-all
2023-07-07,14983.33,531.16,eastmoney-all
2023-07-10,14989.98,503.92,eastmoney-all
2023-07-11,14993.48,533.79,eastmoney-all
2023-07-12,14965.31,624.42,eastmoney-all
2023-07-13,14947.93,633.91,eastmoney-all
2023-07-14,14933.61,649.98,eastmoney-all
2023-07-17,14955.81,567.76,eastmoney-all
2023-07-18,14956.96,513.4,eastmoney-all
2023-07-19,14958.74,460.75,eastmoney-all
2023-07-20,14907.94,505.62,eastmoney-all
2023-07-21,14855.88,431.98,eastmoney-all
2023-07-24,14855.2,411.53,eastmoney-all
2023-07-25,14851.16,663.23,eastmoney-all
2023-07-26,14837.61,528.17,eastmoney-all
2023-07-27,14823.51,515.1,eastmoney-all
2023-07-28,14792.29,694.44,eastmoney-all
2023-07-31,14862.76,848.45,eastmoney-all
2023-08-01,14881.11,674.06,eastmoney-all
2023-08-02,14910.95,610.29,eastmoney-all
2023-08-03,14927.75,619.44,eastmoney-all
2023-08-04,14933.03,863.3,eastmoney-all
2023-08-07,14987.77,667.4,eastmoney-all
2023-08-08,14987.24,576.2,eastmoney-all
2023-08-09,14965.74,492.45,eastmoney-all
2023-08-10,14959.57,478.29,eastmoney-all
2023-08-11,14906.07,528.19,eastmoney-all
2023-08-14,14905.88,490.42,eastmoney-all
2023-08-15,14903.22,470.83,eastmoney-all
2023-08-16,14878.34,470.75,eastmoney-all
2023-08-17,14889.19,506.44,eastmoney-all
2023-08-18,14842.14,485.01,eastmoney-all
2023-08-21,14840.34,431.85,eastmoney-all
2023-08-22,14841.88,539.91,eastmoney-all
2023-08-23,14814.54,443.0,eastmoney-all
2023-08-24,14791.98,504.48,eastmoney-all
2023-08-25,14694.53,442.85,eastmoney-all
2023-08-28,14756.17,856.17,eastmoney-all
2023-08-29,14786.85,729.6,eastmoney-all
2023-08-30,14795.23,685.0,eastmoney-all
2023-08-31,14773.27,537.19,eastmoney-all
2023-09-01,14725.05,489.73,eastmoney-all
2023-09-04,14763.32,606.7,eastmoney-all
2023-09-05,14781.65,553.25,eastmoney-all
2023-09-06,14800.48,537.21,eastmoney-all
2023-09-07,14781.78,506.11,eastmoney-all
2023-09-08,14739.56,462.39,eastmoney-all
2023-09-11,14994.97,858.23,eastmoney-all
2023-09-12,15080.37,623.61,eastmoney-all
2023-09-13,15129.55,586.0,eastmoney-all
2023-09-14,15148.85,518.62,eastmoney-all
2023-09-15,15164.0,579.2,eastmoney-all
2023-09-18,15197.74,538.54,eastmoney-all
2023-09-19,15198.21,461.11,eastmoney-all
2023-09-20,15199.1,413.12,eastmoney-all
2023-09-21,15207.85,423.47,eastmoney-all
2023-09-22,15211.52,624.33,eastmoney-all
2023-09-25,15247.18,575.47,eastmoney-all
2023-09-26,15245.61,515.79,eastmoney-all
2023-09-27,15265.34,578.97,eastmoney-all
2023-09-28,15096.95,523.51,eastmoney-all
2023-10-09,15216.27,669.7,eastmoney-all
2023-10-10,15279.95,637.08,eastmoney-all
2023-10-11,15333.98,696.52,eastmoney-all
2023-10-12,15371.78,691.7,eastmoney-all
2023-10-13,15357.28,655.77,eastmoney-all
2023-10-16,15400.17,657.77,eastmoney-all
2023-10-17,15405.96,579.09,eastmoney-all
2023-10-18,15395.6,608.13,eastmoney-all
2023-10-19,15399.89,660.83,eastmoney-all
2023-10-20,15370.58,539.95,eastmoney-all
2023-10-23,15365.52,566.65,eastmoney-all
2023-10-24,15383.91,603.91,eastmoney-all
2023-10-25,15393.91,666.2,eastmoney-all
2023-10-26,15394.66,643.34,eastmoney-all
2023-10-27,15370.49,759.07,eastmoney-all
2023-10-30,15467.68,856.77,eastmoney-all
2023-10-31,15494.62,724.72,eastmoney-all
2023-11-01,15529.56,626.94,eastmoney-all
2023-11-02,15506.95,564.16,eastmoney-all
2023-11-03,15468.54,621.08,eastmoney-all
2023-11-06,15563.22,945.77,eastmoney-all
2023-11-07,15620.14,864.62,eastmoney-all
2023-11-08,15693.0,907.79,eastmoney-all
2023-11-09,15705.66,798.46,eastmoney-all
2023-11-10,15699.87,685.85,eastmoney-all
2023-11-13,15756.98,725.77,eastmoney-all
2023-11-14,15811.21,786.89,eastmoney-all
2023-11-15,15855.48,901.98,eastmoney-all
2023-11-16,15864.18,706.41,eastmoney-all
2023-11-17,15861.24,658.42,eastmoney-all
2023-11-20,15942.73,789.53,eastmoney-all
2023-11-21,15947.13,825.9,eastmoney-all
2023-11-22,15955.14,697.44,eastmoney-all
2023-11-23,15964.27,648.93,eastmoney-all
2023-11-24,15914.1,592.5,eastmoney-all
2023-11-27,15928.07,612.09,eastmoney-all
2023-11-28,15933.11,576.11,eastmoney-all
2023-11-29,15952.96,599.74,eastmoney-all
2023-11-30,15925.04,542.41,eastmoney-all
2023-12-01,15923.76,631.46,eastmoney-all
2023-12-04,15941.26,651.77,eastmoney-all
2023-12-05,15937.51,604.7,eastmoney-all
2023-12-06,15942.1,582.17,eastmoney-all
2023-12-07,15955.87,583.74,eastmoney-all
2023-12-08,15920.07,647.95,eastmoney-all
2023-12-11,15954.24,699.64,eastmoney-all
2023-12-12,15979.33,614.89,eastmoney-all
2023-12-13,15999.0,586.72,eastmoney-all
2023-12-14,15977.17,541.12,eastmoney-all
2023-12-15,15962.84,541.94,eastmoney-all
2023-12-18,15942.26,475.74,eastmoney-all
2023-12-19,15953.3,465.36,eastmoney-all
2023-12-20,15910.93,452.54,eastmoney-all
2023-12-21,15925.39,543.53,eastmoney-all
2023-12-22,15846.35,550.95,eastmoney-all
2023-12-25,15846.22,419.67,eastmoney-all
2023-12-26,15823.39,423.41,eastmoney-all
2023-12-27,15833.35,436.51,eastmoney-all
2023-12-28,15864.71,720.01,eastmoney-all
2023-12-29,15792.86,601.79,eastmoney-all
2024-01-02,15850.03,592.23,eastmoney-all
2024-01-03,15859.34,527.18,eastmoney-all
2024-01-04,15881.92,468.7,eastmoney-all
2024-01-05,15797.82,492.36,eastmoney-all
2024-01-08,15802.01,453.53,eastmoney-all
2024-01-09,15768.37,445.05,eastmoney-all
2024-01-10,15741.32,424.13,eastmoney-all
2024-01-11,15749.09,515.26,eastmoney-all
2024-01-12,15698.46,452.69,eastmoney-all
2024-01-15,15708.32,403.54,eastmoney-all
2024-01-16,15682.95,453.6,eastmoney-all
2024-01-17,15677.34,448.87,eastmoney-all
2024-01-18,15609.91,594.7,eastmoney-all
2024-01-19,15536.66,426.11,eastmoney-all
2024-01-22,15385.8,498.42,eastmoney-all
2024-01-23,15345.05,478.31,eastmoney-all
2024-01-24,15322.79,565.56,eastmoney-all
2024-01-25,15363.71,734.43,eastmoney-all
2024-01-26,15313.81,623.39,eastmoney-all
2024-01-29,15278.77,591.22,eastmoney-all
2024-01-30,15199.07,440.35,eastmoney-all
2024-01-31,15005.19,475.47,eastmoney-all
2024-02-01,14890.64,426.9,eastmoney-all
2024-02-02,14599.28,501.21,eastmoney-all
2024-02-05,14204.53,495.42,eastmoney-all
2024-02-06,14053.17,572.49,eastmoney-all
2024-02-07,13921.52,601.04,eastmoney-all
2024-02-08,13751.7,659.21,eastmoney-all
2024-02-19,13906.24,794.82,eastmoney-all
2024-02-20,13966.89,654.64,eastmoney-all
2024-02-21,14021.89,902.98,eastmoney-all
2024-02-22,14079.75,734.25,eastmoney-all
2024-02-23,14126.98,819.29,eastmoney-all
2024-02-26,14213.96,884.99,eastmoney-all
2024-02-27,14324.63,955.61,eastmoney-all
2024-02-28,14356.59,1241.75,eastmoney-all
2024-02-29,14408.92,945.48,eastmoney-all
2024-03-01,14430.75,1018.02,eastmoney-all
2024-03-04,14528.03,1042.9,eastmoney-all
2024-03-05,14482.5,944.7,eastmoney-all
2024-03-06,14534.97,879.11,eastmoney-all
2024-03-07,14516.45,876.95,eastmoney-all
2024-03-08,14529.25,768.96,eastmoney-all
2024-03-11,14609.21,979.56,eastmoney-all
2024-03-12,14681.9,1092.38,eastmoney-all
2024-03-13,14751.98,1013.6,eastmoney-all
2024-03-14,14763.02,900.39,eastmoney-all
2024-03-15,14765.31,842.45,eastmoney-all
2024-03-18,14901.27,1140.41,eastmoney-all
2024-03-19,14938.03,995.73,eastmoney-all
2024-03-20,15006.95,925.36,eastmoney-all
2024-03-21,15062.77,983.8,eastmoney-all
2024-03-22,15041.84,974.56,eastmoney-all
2024-03-25,15034.55,859.3,eastmoney-all
2024-03-26,15024.53,765.36,eastmoney-all
2024-03-27,14984.85,683.07,eastmoney-all
2024-03-28,15020.97,792.24,eastmoney-all
2024-03-29,14964.08,728.32,eastmoney-all
2024-04-01,15037.9,931.64,eastmoney-all
2024-04-02,15052.46,816.28,eastmoney-all
2024-04-03,14986.17,742.51,eastmoney-all
2024-04-08,15036.13,770.86,eastmoney-all
2024-04-09,15042.86,624.96,eastmoney-all
2024-04-10,15010.96,648.75,eastmoney-all
2024-04-11,14995.69,640.61,eastmoney-all
2024-04-12,14958.49,647.46,eastmoney-all
2024-04-15,14932.55,756.82,eastmoney-all
2024-04-16,14858.44,686.51,eastmoney-all
2024-04-17,14905.87,741.33,eastmoney-all
2024-04-18,14928.88,795.4,eastmoney-all
2024-04-19,14883.43,712.3,eastmoney-all
2024-04-22,14889.14,648.66,eastmoney-all
2024-04-23,14858.96,588.69,eastmoney-all
2024-04-24,14859.2,641.58,eastmoney-all
2024-04-25,14853.51,624.05,eastmoney-all
2024-04-26,14819.27,948.49,eastmoney-all
2024-04-29,14875.97,1095.63,eastmoney-all
2024-04-30,14740.02,824.69,eastmoney-all
2024-05-06,14890.69,1015.51,eastmoney-all
2024-05-07,14920.3,842.63,eastmoney-all
2024-05-08,14958.47,735.55,eastmoney-all
2024-05-09,14962.66,778.46,eastmoney-all
2024-05-10,14946.83,766.74,eastmoney-all
2024-05-13,14965.6,746.53,eastmoney-all
2024-05-14,14981.17,687.42,eastmoney-all
2024-05-15,14964.71,680.35,eastmoney-all
2024-05-16,14991.05,739.43,eastmoney-all
2024-05-17,14945.7,766.77,eastmoney-all
2024-05-20,14973.94,885.93,eastmoney-all
2024-05-21,14988.19,683.77,eastmoney-all
2024-05-22,15009.2,736.02,eastmoney-all
2024-05-23,14986.9,725.47,eastmoney-all
2024-05-24,14920.73,627.71,eastmoney-all
2024-05-27,14920.75,612.94,eastmoney-all
2024-05-28,14922.99,597.2,eastmoney-all
2024-05-29,14917.12,569.18,eastmoney-all
2024-05-30,14907.73,596.78,eastmoney-all
2024-05-31,14883.04,547.87,eastmoney-all
2024-06-03,14869.61,642.03,eastmoney-all
2024-06-04,14834.01,565.84,eastmoney-all
2024-06-05,14823.08,548.62,eastmoney-all
2024-06-06,14761.62,672.0,eastmoney-all
2024-06-07,14697.46,550.63,eastmoney-all
2024-06-11,14744.14,586.58,eastmoney-all
2024-06-12,14761.55,564.83,eastmoney-all
2024-06-13,14769.5,625.32,eastmoney-all
2024-06-14,14728.42,631.87,eastmoney-all
2024-06-17,14759.52,603.54,eastmoney-all
2024-06-18,14789.67,646.44,eastmoney-all
2024-06-19,14788.6,589.28,eastmoney-all
2024-06-20,14760.08,595.6,eastmoney-all
2024-06-21,14708.7,471.94,eastmoney-all
2024-06-24,14652.03,518.57,eastmoney-all
2024-06-25,14589.08,483.9,eastmoney-all
2024-06-26,14589.3,521.65,eastmoney-all
2024-06-27,14555.31,457.53,eastmoney-all
2024-06-28,14493.15,552.19,eastmoney-all
2024-07-01,14490.99,540.94,eastmoney-all
2024-07-02,14499.48,496.95,eastmoney-all
2024-07-03,14489.7,445.56,eastmoney-all
2024-07-04,14424.09,437.62,eastmoney-all
2024-07-05,14374.71,434.44,eastmoney-all
2024-07-08,14327.7,428.63,eastmoney-all
2024-07-09,14323.54,596.51,eastmoney-all
2024-07-10,14302.52,544.2,eastmoney-all
2024-07-11,14331.37,680.97,eastmoney-all
2024-07-12,14284.04,556.49,eastmoney-all
2024-07-15,14265.03,464.41,eastmoney-all
2024-07-16,14261.26,538.47,eastmoney-all
2024-07-17,14210.64,539.57,eastmoney-all
2024-07-18,14163.38,532.68,eastmoney-all
2024-07-19,14107.86,539.38,eastmoney-all
2024-07-22,14144.91,553.21,eastmoney-all
2024-07-23,14118.4,524.84,eastmoney-all
2024-07-24,14093.2,457.18,eastmoney-all
2024-07-25,14091.39,454.69,eastmoney-all
2024-07-26,14059.5,468.24,eastmoney-all
2024-07-29,14079.97,462.87,eastmoney-all
2024-07-30,14084.54,471.94,eastmoney-all
2024-07-31,14137.07,793.1,eastmoney-all
2024-08-01,14159.89,656.18,eastmoney-all
2024-08-02,14118.34,582.72,eastmoney-all
2024-08-05,14063.55,615.0,eastmoney-all
2024-08-06,14080.25,532.02,eastmoney-all
2024-08-07,14077.64,456.92,eastmoney-all
2024-08-08,14062.96,469.87,eastmoney-all
2024-08-09,14044.82,423.82,eastmoney-all
2024-08-12,14031.47,350.3,eastmoney-all
2024-08-13,14041.42,362.6,eastmoney-all
2024-08-14,14049.56,358.93,eastmoney-all
2024-08-15,14028.88,453.03,eastmoney-all
2024-08-16,13999.05,434.64,eastmoney-all
2024-08-19,14000.8,434.82,eastmoney-all
2024-08-20,13983.13,417.19,eastmoney-all
2024-08-21,13965.38,361.17,eastmoney-all
2024-08-22,13906.93,393.03,eastmoney-all
2024-08-23,13851.77,347.49,eastmoney-all
2024-08-26,13849.7,375.01,eastmoney-all
2024-08-27,13813.53,360.68,eastmoney-all
2024-08-28,13797.28,353.99,eastmoney-all
2024-08-29,13804.62,472.07,eastmoney-all
2024-08-30,13814.26,699.48,eastmoney-all
2024-09-02,13828.76,526.34,eastmoney-all
2024-09-03,13824.18,422.46,eastmoney-all
2024-09-04,13810.87,414.12,eastmoney-all
2024-09-05,13806.58,397.86,eastmoney-all
2024-09-06,13753.87,415.49,eastmoney-all
2024-09-09,13758.66,378.82,eastmoney-all
2024-09-10,13759.5,396.96,eastmoney-all
2024-09-11,13741.23,362.89,eastmoney-all
2024-09-12,13729.44,387.06,eastmoney-all
2024-09-13,13642.95,357.95,eastmoney-all
2024-09-18,13630.79821352,360.39475027,eastmoney-all
2024-09-19,13650.17675642,512.52151902,eastmoney-all
2024-09-20,13614.23512542,422.69147268,eastmoney-all
2024-09-23,13609.78238483,417.0588396,eastmoney-all
2024-09-24,13626.60059081,836.95023986,eastmoney-all
2024-09-25,13625.07158363,1005.95733471,eastmoney-all
2024-09-26,13661.72164674,1079.86988329,eastmoney-all
2024-09-27,13857.64063567,1518.08755814,eastmoney-all
2024-09-30,14306.74421632,2847.1091088,eastmoney-all
2024-10-08,15407.38242477,4141.30609031,eastmoney-all
2024-10-09,15780.78692579,3314.37800098,eastmoney-all
2024-10-10,15794.91846706,2112.27211479,eastmoney-all
2024-10-11,15716.03419156,1534.98436139,eastmoney-all
2024-10-14,15780.25390257,1547.02849093,eastmoney-all
2024-10-15,15801.80757603,1565.8510544,eastmoney-all
2024-10-16,15818.94417092,1272.91919738,eastmoney-all
2024-10-17,15855.64488144,1430.51359749,eastmoney-all
2024-10-18,16016.37590591,2251.46630167,eastmoney-all
2024-10-21,16253.86001528,2393.18305947,eastmoney-all
2024-10-22,16334.83758053,1900.40197344,eastmoney-all
2024-10-23,16418.58453012,1988.24663151,eastmoney-all
2024-10-24,16493.56874059,1457.10784354,eastmoney-all
2024-10-25,16545.57466397,1816.55745699,eastmoney-all
2024-10-28,16708.67771206,1833.10850876,eastmoney-all
2024-10-29,16770.55667639,2022.53112525,eastmoney-all
2024-10-30,16883.21245367,1782.66411715,eastmoney-all
2024-10-31,16990.29012878,2252.77383674,eastmoney-all
2024-11-01,16913.17878669,2098.5151177,eastmoney-all
2024-11-04,17067.20456348,1679.39247334,eastmoney-all
2024-11-05,17294.09721305,2581.75789171,eastmoney-all
2024-11-06,17521.57884387,2896.76219461,eastmoney-all
2024-11-07,17764.60029445,2767.71069818,eastmoney-all
2024-11-08,17944.39529012,3002.58722636,eastmoney-all
2024-11-11,18310.6401722,2850.21927078,eastmoney-all
2024-11-12,18352.05633047,2666.97298504,eastmoney-all
2024-11-13,18428.23798972,2088.98048415,eastmoney-all
2024-11-14,18355.55131197,1799.49860317,eastmoney-all
2024-11-15,18261.93029342,1757.71958854,eastmoney-all
2024-11-18,18228.11380614,1606.54773545,eastmoney-all
2024-11-19,18257.69490967,1438.65053865,eastmoney-all
2024-11-20,18310.9663191,1536.98825637,eastmoney-all
2024-11-21,18342.92039654,1534.00787604,eastmoney-all
2024-11-22,18220.1661772,1650.83966349,eastmoney-all
2024-11-25,18267.28625256,1295.90568331,eastmoney-all
2024-11-26,18213.69766392,1079.61973652,eastmoney-all
2024-11-27,18245.86253084,1334.22115811,eastmoney-all
2024-11-28,18282.89338423,1354.86165409,eastmoney-all
2024-11-29,18338.13841701,1697.12082213,eastmoney-all
2024-12-02,18452.47088076,1737.99534698,eastmoney-all
2024-12-03,18484.2395578,1585.34806704,eastmoney-all
2024-12-04,18475.76903808,1502.17794645,eastmoney-all
2024-12-05,18547.70962461,1408.46823171,eastmoney-all
2024-12-06,18532.58646411,1722.25647131,eastmoney-all
2024-12-09,18567.08392249,1495.90661684,eastmoney-all
2024-12-10,18704.43652041,2301.28332076,eastmoney-all
2024-12-11,18758.33611599,1652.34366944,eastmoney-all
2024-12-12,18826.38490225,1752.84264591,eastmoney-all
2024-12-13,18739.94826865,1744.23756864,eastmoney-all
2024-12-16,18742.9887592,1423.27798869,eastmoney-all
2024-12-17,18683.90135651,1289.54220964,eastmoney-all
2024-12-18,18697.03750754,1209.39487572,eastmoney-all
2024-12-19,18704.70690596,1335.55572519,eastmoney-all
2024-12-20,18750.58735614,1512.96428507,eastmoney-all
2024-12-23,18690.23675789,1384.11952943,eastmoney-all
2024-12-24,18703.74415769,1224.94764799,eastmoney-all
2024-12-25,18693.51672287,1239.81478563,eastmoney-all
2024-12-26,18705.18507326,1306.41451966,eastmoney-all
2024-12-27,18664.32856948,1436.64286937,eastmoney-all
2024-12-30,18696.76964158,1203.68289857,eastmoney-all
2024-12-31,18541.13832246,1222.04315294,eastmoney-all
2025-01-02,18471.11312818,1225.55898542,eastmoney-all
2025-01-03,18293.6076426,990.12564918,eastmoney-all
2025-01-06,18213.12209328,796.70512799,eastmoney-all
2025-01-07,18215.67664804,927.72189821,eastmoney-all
2025-01-08,18171.58683164,1062.74560924,eastmoney-all
2025-01-09,18167.27132747,967.70359675,eastmoney-all
2025-01-10,18078.65516242,966.68602716,eastmoney-all
2025-01-13,18070.25741375,788.69743586,eastmoney-all
2025-01-14,18185.36392266,1335.07681616,eastmoney-all
2025-01-15,18202.94407996,1055.72839322,eastmoney-all
2025-01-16,18214.67164856,1198.59736527,eastmoney-all
2025-01-17,18147.6006517,1034.1654867,eastmoney-all
2025-01-20,18156.71363694,1117.22490661,eastmoney-all
2025-01-21,18169.89352879,1177.74717377,eastmoney-all
2025-01-22,18151.59995338,1069.61958048,eastmoney-all
2025-01-23,18099.60825885,1330.72201608,eastmoney-all
2025-01-24,17987.77889538,1132.65689677,eastmoney-all
2025-01-27,17645.17829814,954.44997762,eastmoney-all
2025-02-05,17843.73687975,1312.03886852,eastmoney-all
2025-02-06,17990.02996659,1599.10676111,eastmoney-all
2025-02-07,18100.52579116,2064.83018995,eastmoney-all
2025-02-10,18291.81322252,1750.34462341,eastmoney-all
2025-02-11,18353.30379653,1586.6769115,eastmoney-all
2025-02-12,18425.3531814,1726.41403221,eastmoney-all
2025-02-13,18417.10991553,1803.25951117,eastmoney-all
2025-02-14,18423.01410258,1711.37407916,eastmoney-all
2025-02-17,18583.7130915,2015.4602719,eastmoney-all
2025-02-18,18514.19773152,1716.52080948,eastmoney-all
2025-02-19,18615.33053984,1760.72444196,eastmoney-all
2025-02-20,18683.28707267,1739.72262983,eastmoney-all
2025-02-21,18744.86980062,2366.8120477,eastmoney-all
2025-02-24,18864.14701833,2177.76351843,eastmoney-all
2025-02-25,18931.33213183,1945.67519036,eastmoney-all
2025-02-26,19031.3678962,2035.44689899,eastmoney-all
2025-02-27,19049.97692241,2022.09172948,eastmoney-all
2025-02-28,18871.39059488,1695.95531284,eastmoney-all
2025-03-03,18863.65608542,1471.33731646,eastmoney-all
2025-03-04,18882.78950423,1341.56651444,eastmoney-all
2025-03-05,18917.06399228,1395.66726244,eastmoney-all
2025-03-06,19087.98897789,2032.17348642,eastmoney-all
2025-03-07,18992.47180364,1779.80198384,eastmoney-all
2025-03-10,19089.59076962,1473.84186195,eastmoney-all
2025-03-11,19106.7225451,1469.11157873,eastmoney-all
2025-03-12,19223.62821664,1720.49955614,eastmoney-all
2025-03-13,19162.33236817,1507.39555524,eastmoney-all
2025-03-14,19174.70041308,1817.11969836,eastmoney-all
2025-03-17,19296.10931442,1551.58994558,eastmoney-all
2025-03-18,19378.53472273,1546.18602879,eastmoney-all
2025-03-19,19381.21131691,1415.27520508,eastmoney-all
2025-03-20,19402.33856917,1367.04354751,eastmoney-all
2025-03-21,19261.17447498,1376.06328863,eastmoney-all
2025-03-24,19204.31663362,1221.16381067,eastmoney-all
2025-03-25,19177.22148574,1105.45498807,eastmoney-all
2025-03-26,19183.83657348,1027.76093312,eastmoney-all
2025-03-27,19150.72815726,1069.35850357,eastmoney-all
2025-03-28,19112.96714246,998.34024265,eastmoney-all
2025-03-31,19075.34839223,1061.68419761,eastmoney-all
2025-04-01,19027.88247408,1007.01980783,eastmoney-all
2025-04-02,19007.68132959,868.23067111,eastmoney-all
2025-04-03,18919.47827243,1017.79500995,eastmoney-all
2025-04-07,18439.84099092,1302.36608935,eastmoney-all
2025-04-08,18053.66204744,1165.8037002,eastmoney-all
2025-04-09,17995.4504016,1435.8411018,eastmoney-all
2025-04-10,18023.00059682,1471.49479724,eastmoney-all
2025-04-11,17982.68548796,1247.74873904,eastmoney-all
2025-04-14,18070.841268,1188.10538116,eastmoney-all
2025-04-15,18075.74789972,905.39623403,eastmoney-all
2025-04-16,18023.94867712,906.48468308,eastmoney-all
2025-04-17,17989.8154036,868.60567609,eastmoney-all
2025-04-18,17926.98728487,761.89749351,eastmoney-all
2025-04-21,17984.25772024,970.49920314,eastmoney-all
2025-04-22,17977.45336697,953.9596083,eastmoney-all
2025-04-23,17997.70829095,1137.34595881,eastmoney-all
2025-04-24,17968.54841885,942.03118573,eastmoney-all
2025-04-25,17914.52307958,993.13826218,eastmoney-all
2025-04-28,17926.55722507,903.36168469,eastmoney-all
2025-04-29,17913.04935982,873.87574756,eastmoney-all
2025-04-30,17756.95810486,985.84187301,eastmoney-all
2025-05-06,17900.65622274,1254.46925165,eastmoney-all
2025-05-07,17972.86030559,1369.38633068,eastmoney-all
2025-05-08,17971.37656142,1163.60341652,eastmoney-all
2025-05-09,17924.37652382,1019.13702265,eastmoney-all
2025-05-12,17970.50857896,1238.56312965,eastmoney-all
2025-05-13,17983.77036723,1174.83559514,eastmoney-all
2025-05-14,17995.40178828,1253.45582153,eastmoney-all
2025-05-15,17967.28438089,1014.77583215,eastmoney-all
2025-05-16,17948.450354,940.2736974,eastmoney-all
2025-05-19,17984.41563192,908.7403645,eastmoney-all
2025-05-20,18006.95858048,1011.55634203,eastmoney-all
2025-05-21,17989.45185416,987.96106162,eastmoney-all
2025-05-22,17968.39932025,916.56432535,eastmoney-all
2025-05-23,17893.10907817,966.07148284,eastmoney-all
2025-05-26,17940.03392818,847.58743659,eastmoney-all
2025-05-27,17984.04338507,867.08552362,eastmoney-all
2025-05-28,17986.90909863,803.76848833,eastmoney-all
2025-05-29,17975.62105784,1040.11337514,eastmoney-all
2025-05-30,17892.13313003,916.31399795,eastmoney-all
2025-06-03,17926.81966564,942.55475348,eastmoney-all
2025-06-04,17949.20451681,985.86429475,eastmoney-all
2025-06-05,17995.19292151,1146.88254279,eastmoney-all
2025-06-06,17964.02830667,969.91725891,eastmoney-all
2025-06-09,18038.49527083,1187.30508927,eastmoney-all
2025-06-10,18047.69728908,1267.49719965,eastmoney-all
2025-06-11,18065.91506428,1130.94080867,eastmoney-all
2025-06-12,18089.79094738,1132.00350501,eastmoney-all
2025-06-13,18044.46837522,1176.6219788,eastmoney-all
2025-06-16,18100.37545026,1079.63157284,eastmoney-all
2025-06-17,18153.08003889,1122.16509323,eastmoney-all
2025-06-18,18166.4661974,1045.12065131,eastmoney-all
2025-06-19,18091.66667992,1085.55973844,eastmoney-all
2025-06-20,18009.34111882,845.76561315,eastmoney-all
2025-06-23,18051.57607555,972.29366097,eastmoney-all
2025-06-24,18102.88120665,1347.46625753,eastmoney-all
2025-06-25,18172.06196318,1599.34120054,eastmoney-all
2025-06-26,18265.34802469,1557.57243653,eastmoney-all
2025-06-27,18274.40060393,1520.54355432,eastmoney-all
2025-06-30,18381.27949525,1440.68756497,eastmoney-all
2025-07-01,18418.95469527,1344.80482999,eastmoney-all
2025-07-02,18429.80960966,1206.00532933,eastmoney-all
2025-07-03,18463.81619055,1200.34599644,eastmoney-all
2025-07-04,18400.40301087,1312.1599998,eastmoney-all
2025-07-07,18463.98708308,1095.33794065,eastmoney-all
2025-07-08,18518.85559708,1389.81712133,eastmoney-all
2025-07-09,18557.2841944,1402.01694715,eastmoney-all
2025-07-10,18604.94713535,1413.25730865,eastmoney-all
2025-07-11,18625.75003617,1702.78435742,eastmoney-all
2025-07-14,18723.11571404,1392.17855285,eastmoney-all
2025-07-15,18772.50155815,1588.11819357,eastmoney-all
2025-07-16,18840.70374223,1394.24276315,eastmoney-all
2025-07-17,18911.41884063,1526.50365385,eastmoney-all
2025-07-18,18891.5008822,1539.98236298,eastmoney-all
2025-07-21,19045.47516665,1776.68357557,eastmoney-all
2025-07-22,19195.93746212,2009.09064065,eastmoney-all
2025-07-23,19222.509105,1918.35788805,eastmoney-all
2025-07-24,19283.46353749,1958.88537203,eastmoney-all
2025-07-25,19338.16434423,1836.15342798,eastmoney-all
2025-07-28,19530.76965894,1915.16124298,eastmoney-all
2025-07-29,19683.98699864,1981.31065232,eastmoney-all
2025-07-30,19705.66669044,1944.78886264,eastmoney-all
2025-07-31,19709.97316791,2046.95068978,eastmoney-all
2025-08-01,19662.64624571,1575.21764679,eastmoney-all
2025-08-04,19775.9601457,1524.20860762,eastmoney-all
2025-08-05,19863.02473422,1635.59624878,eastmoney-all
2025-08-06,19953.23891658,1772.11869202,eastmoney-all
2025-08-07,19989.07566646,1870.44540545,eastmoney-all
2025-08-08,19953.47665829,1668.46100089,eastmoney-all
2025-08-11,20121.87521751,1951.56801699,eastmoney-all
2025-08-12,20203.51173481,1939.82211408,eastmoney-all
2025-08-13,20320.4521848,2355.0206432,eastmoney-all
2025-08-14,20410.39498494,2427.60347633,eastmoney-all
2025-08-15,20487.62163467,2482.56318517,eastmoney-all
2025-08-18,20880.80283807,3266.31052089,eastmoney-all
2025-08-19,21174.79666493,2925.61758111,eastmoney-all
2025-08-20,21329.39896722,2643.76238107,eastmoney-all
2025-08-21,21319.23983622,2611.54651626,eastmoney-all
2025-08-22,21400.95656693,2966.22697322,eastmoney-all
2025-08-25,21729.3654329,3740.56436983,eastmoney-all
2025-08-26,21921.24241148,3029.09495819,eastmoney-all
2025-08-27,22123.15552411,3638.03618948,eastmoney-all
2025-08-28,22284.01025535,3363.56324512,eastmoney-all
2025-08-29,22454.28551384,3205.43740142,eastmoney-all
2025-09-01,22808.1608096,3230.41211868,eastmoney-all
2025-09-02,22723.54732623,3146.05233878,eastmoney-all
2025-09-03,22739.01751529,2602.89660563,eastmoney-all
2025-09-04,22641.97255372,2663.1213983,eastmoney-all
2025-09-05,22712.92004357,2579.17732061,eastmoney-all
2025-09-08,22975.26281057,2793.95168684,eastmoney-all
2025-09-09,23034.76809785,2355.5125142,eastmoney-all
2025-09-10,23092.49367573,2223.87052,eastmoney-all
2025-09-11,23236.6053018,2937.27016521,eastmoney-all
2025-09-12,23349.40166601,2968.87762314,eastmoney-all
2025-09-15,23532.74758316,2654.38440087,eastmoney-all
2025-09-16,23757.84088916,2850.96709027,eastmoney-all
2025-09-17,23884.92868473,2837.18689308,eastmoney-all
2025-09-18,23857.28153001,3726.74762349,eastmoney-all
2025-09-19,23815.76763521,2585.62817539,eastmoney-all
2025-09-22,24008.08152367,2564.39680167,eastmoney-all
2025-09-23,24000.03339293,2778.21517428,eastmoney-all
2025-09-24,24140.83737812,2867.57602014,eastmoney-all
2025-09-25,24273.69726118,2882.81282339,eastmoney-all
2025-09-26,24080.13185024,2452.52296162,eastmoney-all
2025-09-29,24123.90840135,2654.28143411,eastmoney-all
2025-09-30,23783.43659032,2598.6003509,eastmoney-all
2025-10-09,24292.1501376,3442.89297319,eastmoney-all
2025-10-10,24256.46715521,2868.69981993,eastmoney-all
2025-10-13,24278.86305841,2627.83493096,eastmoney-all
2025-10-14,24302.19702577,2900.77020872,eastmoney-all
2025-10-15,24325.32759828,2342.77816087,eastmoney-all
2025-10-16,24401.22541227,2157.4496408,eastmoney-all
2025-10-17,24128.18377759,1987.73320784,eastmoney-all
2025-10-20,24132.13342086,1859.89147689,eastmoney-all
2025-10-21,24272.65961326,2171.21172965,eastmoney-all
2025-10-22,24355.25801195,1859.59088997,eastmoney-all
2025-10-23,24339.02396839,1768.60724033,eastmoney-all
2025-10-24,24397.64646962,2367.02321685,eastmoney-all
2025-10-27,24642.62486891,2869.29338363,eastmoney-all
2025-10-28,24769.63956171,2583.61732547,eastmoney-all
2025-10-29,24885.46905174,2809.22927817,eastmoney-all
2025-10-30,24811.48967821,2821.15720642,eastmoney-all
2025-10-31,24687.92065809,2542.86181246,eastmoney-all
2025-11-03,24769.94657806,2296.71853642,eastmoney-all
2025-11-04,24736.76682515,1978.35576174,eastmoney-all
2025-11-05,24735.32975959,1999.97643965,eastmoney-all
2025-11-06,24805.37437493,2337.10637356,eastmoney-all
2025-11-07,24755.14634982,2185.51422173,eastmoney-all
2025-11-10,24831.41322363,2427.88006403,eastmoney-all
2025-11-11,24871.48110444,2280.53242668,eastmoney-all
2025-11-12,24840.68195485,2066.58966566,eastmoney-all
2025-11-13,24881.3622404,2288.99264973,eastmoney-all
2025-11-14,24746.7898559,1983.93515589,eastmoney-all
2025-11-17,24822.98327692,1996.69746481,eastmoney-all
2025-11-18,24848.78526513,1981.52951868,eastmoney-all
2025-11-19,24803.00791083,1691.72763566,eastmoney-all
2025-11-20,24743.60560853,1733.01169018,eastmoney-all
2025-11-21,24451.50931891,1846.0869644,eastmoney-all
2025-11-24,24422.70814192,1640.49597472,eastmoney-all
2025-11-25,24462.59087982,1871.66830159,eastmoney-all
2025-11-26,24522.35380596,1858.22414896,eastmoney-all
2025-11-27,24549.84571917,1778.35250374,eastmoney-all
2025-11-28,24564.6790958,1571.2335603,eastmoney-all
2025-12-01,24666.97530888,1915.10205872,eastmoney-all
2025-12-02,24688.92648642,1554.56690331,eastmoney-all
2025-12-03,24651.79071694,1608.77021688,eastmoney-all
2025-12-04,24664.77944611,1539.34878184,eastmoney-all
2025-12-05,24640.99171396,1787.58308942,eastmoney-all
2025-12-08,24827.28739574,2280.18900606,eastmoney-all
2025-12-09,24928.81337906,2024.06812366,eastmoney-all
2025-12-10,24963.89775545,1804.31372604,eastmoney-all
2025-12-11,24901.28879083,1857.31121227,eastmoney-all
2025-12-12,24837.13103897,1948.30764789,eastmoney-all
2025-12-15,24885.51166093,1771.55312389,eastmoney-all
2025-12-16,24880.91580938,1782.87725948,eastmoney-all
2025-12-17,24858.56678519,1843.68020306,eastmoney-all
2025-12-18,24825.31539058,1712.24532002,eastmoney-all
2025-12-19,24871.24398244,1769.80276104,eastmoney-all
2025-12-22,24997.09945718,2024.02396623,eastmoney-all
2025-12-23,25145.67132091,2169.53856509,eastmoney-all
2025-12-24,25246.92764852,2069.10903691,eastmoney-all
2025-12-25,25284.67346836,2198.2811127,eastmoney-all
2025-12-26,25264.289838,2389.88321766,eastmoney-all
2025-12-29,25348.07855626,2293.27393861,eastmoney-all
2025-12-30,25385.18278729,2294.05144141,eastmoney-all
2025-12-31,25241.46174935,2178.28272041,eastmoney-all
2026-01-05,25434.31435157,2905.52359344,eastmoney-all
2026-01-06,25623.05221743,3280.07757069,eastmoney-all
2026-01-07,25872.00078356,3304.45478744,eastmoney-all
2026-01-08,26031.42603088,3118.69123158,eastmoney-all
2026-01-09,26099.20611284,3447.28327536,eastmoney-all
2026-01-12,26559.70945537,4263.40169095,eastmoney-all
2026-01-13,26653.70819198,4042.98805576,eastmoney-all
2026-01-14,26806.04378106,4508.32249755,eastmoney-all
2026-01-15,27012.15803422,3170.85754338,eastmoney-all
2026-01-16,27144.05974227,3357.09853653,eastmoney-all
2026-01-19,27059.0299323,2674.21320179,eastmoney-all
2026-01-20,26919.88447209,2634.74125299,eastmoney-all
2026-01-21,27036.89681396,2679.24022548,eastmoney-all
2026-01-22,27075.07603262,2679.0288737,eastmoney-all
2026-01-23,27061.03879348,3027.62692177,eastmoney-all
2026-01-26,27079.82607505,3103.6287647,eastmoney-all
2026-01-27,27058.63097101,2784.96861068,eastmoney-all
2026-01-28,27252.17258843,2955.33921458,eastmoney-all
2026-01-29,27221.86609951,3122.75446977,eastmoney-all
2026-01-30,26986.4210084,2669.78730912,eastmoney-all
2026-02-02,26926.64497337,2418.66450068,eastmoney-all
2026-02-03,26898.27369304,2443.35597777,eastmoney-all
2026-02-04,26758.85192503,2242.60558813,eastmoney-all
2026-02-05,26640.5363964,1983.76692335,eastmoney-all
2026-02-06,26470.32185388,1902.71141391,eastmoney-all
2026-02-09,26475.54276122,2159.46582662,eastmoney-all
2026-02-10,26437.25945137,1920.10576274,eastmoney-all
2026-02-11,26278.07665393,1800.10177182,eastmoney-all
2026-02-12,26293.20094149,2156.94965435,eastmoney-all
2026-02-13,25723.61330282,1791.67503108,eastmoney-all
2026-02-24,26062.47888065,2270.06184191,eastmoney-all
2026-02-25,26298.84411112,2465.84378011,eastmoney-all
2026-02-26,26499.52501791,2561.61613162,eastmoney-all
2026-02-27,26518.39712602,2428.88917392,eastmoney-all
2026-03-02,26562.7577427,2796.42644732,eastmoney-all
2026-03-03,26337.74107434,2820.56898001,eastmoney-all
2026-03-04,26254.78464528,2114.27154723,eastmoney-all
2026-03-05,26338.18701545,2281.85669612,eastmoney-all
2026-03-06,26276.56029257,2018.31905031,eastmoney-all
2026-03-09,26275.05670263,2390.36214799,eastmoney-all
2026-03-10,26372.77415902,2341.5351509,eastmoney-all
2026-03-11,26426.73254515,2431.95562264,eastmoney-all
2026-03-12,26459.29042052,2325.71168221,eastmoney-all
2026-03-13,26332.4249563,2185.41149087,eastmoney-all
2026-03-16,26429.81166176,2232.92896127,eastmoney-all
2026-03-17,26339.73371274,1993.48029262,eastmoney-all
2026-03-18,26365.14285912,1925.79203913,eastmoney-all
2026-03-19,26322.2769413,1918.69202167,eastmoney-all
2026-03-20,26148.19006325,2074.81286858,eastmoney-all
2026-03-23,26033.07936533,2101.86468038,eastmoney-all
2026-03-24,25964.0936507,1802.67308793,eastmoney-all
2026-03-25,25995.68364269,2062.40361161,eastmoney-all
2026-03-26,25987.31017051,1761.6025935,eastmoney-all
2026-03-27,25907.83074851,1658.77148413,eastmoney-all
2026-03-30,25985.82189271,1733.44504666,eastmoney-all
2026-03-31,25904.44664965,1791.18783028,eastmoney-all
2026-04-01,25911.96089526,1884.73728342,eastmoney-all
2026-04-02,25801.98718761,1630.04679951,eastmoney-all
2026-04-03,25627.13097915,1503.0418367,eastmoney-all
2026-04-07,25665.79024528,1491.88911626,eastmoney-all
2026-04-08,25828.41523584,2421.91472283,eastmoney-all
2026-04-09,25901.93793769,2040.39407054,eastmoney-all
2026-04-10,25954.95502135,2347.77776142,eastmoney-all
2026-04-13,26115.90536161,2111.78609941,eastmoney-all
2026-04-14,26278.72634876,2467.4207846,eastmoney-all
2026-04-15,26380.60722337,2462.80735192,eastmoney-all
2026-04-16,26488.97995459,2371.93275412,eastmoney-all
2026-04-17,26511.854521,2478.0812,eastmoney-all
2026-04-20,26803.34221901,2701.31598963,eastmoney-all
2026-04-21,26867.8962543,2348.5353385,eastmoney-all
2026-04-22,27004.30301496,2635.01194293,eastmoney-all
2026-04-23,27042.02146277,2830.47969357,eastmoney-all
2026-04-24,26929.62765693,2589.49407034,eastmoney-all
2026-04-27,27085.4382053,2616.73138344,eastmoney-all
2026-04-28,27086.63695733,2479.9967707,eastmoney-all
2026-04-29,27124.55318432,2630.61725737,eastmoney-all
2026-04-30,26955.46748141,2688.07046318,eastmoney-all
2026-05-06,27367.35482032,3503.00544534,eastmoney-all
2026-05-07,27663.35929098,3344.28100428,eastmoney-all
2026-05-08,27823.12773215,3076.37981793,eastmoney-all
2026-05-11,28130.25119017,3748.79049289,eastmoney-all
2026-05-12,28298.51244707,3278.83494935,eastmoney-all
2026-05-13,28528.38829865,3396.03124226,eastmoney-all
2026-05-14,28619.90990051,3459.31488043,eastmoney-all
2026-05-15,28561.59668158,3308.76945494,eastmoney-all
2026-05-18,28718.79189866,2849.72359261,eastmoney-all
2026-05-19,28770.64739354,2814.22670022,eastmoney-all
2026-05-20,28835.94201909,2931.30361874,eastmoney-all
2026-05-21,28752.54303919,3470.94441642,eastmoney-all
2026-05-22,28781.92783008,2916.04890877,eastmoney-all
2026-05-25,29035.10169873,3506.11877764,eastmoney-all
2026-05-26,29108.21915743,3319.8300567,eastmoney-all
2026-05-27,29149.0285168,3280.81047865,eastmoney-all
2026-05-28,29206.31252614,2991.55732357,eastmoney-all
2026-05-29,28909.35547659,3117.96907291,eastmoney-all
2026-06-01,28833.82909005,2630.78028651,eastmoney-all
2026-06-02,28847.03980237,2636.53045452,eastmoney-all
2026-06-03,28932.06976315,3185.91824124,eastmoney-all
2026-06-04,28996.91973979,2778.53087425,eastmoney-all
2026-06-05,28857.02315956,2980.11431513,eastmoney-all
2026-06-08,28623.37631623,2502.06424697,eastmoney-all
2026-06-09,28661.68354854,2539.21530503,eastmoney-all
2026-06-10,28579.66561485,2400.83034863,eastmoney-all
2026-06-11,28526.92719444,2369.39194277,eastmoney-all
2026-06-12,28523.03785755,2914.03885887,eastmoney-all
2026-06-15,28763.53316242,2996.40036934,eastmoney-all
2026-06-16,29028.71157525,3197.7876071,eastmoney-all
2026-06-17,29309.3930029,3314.8978551,eastmoney-all
2026-06-18,29437.72231836,3574.52413317,eastmoney-all
2026-06-22,29728.253952,3995.91678145,eastmoney-all
2026-06-23,29789.59926991,3537.87463592,eastmoney-all
2026-06-24,29926.42644093,3378.40396992,eastmoney-all
2026-06-25,30101.6090274,3889.14644522,eastmoney-all
2026-06-26,29895.01807463,3550.42003304,eastmoney-all
2026-06-29,29808.63688968,3368.12341771,eastmoney-all
2026-06-30,29970.51017258,3355.2939798,eastmoney-all
2026-07-01,30069.79879205,3928.49086897,eastmoney-all
2026-07-02,30004.48636567,3243.87724629,eastmoney-all
2026-07-03,29807.12932254,2968.97316081,eastmoney-all
2026-07-06,29701.40612025,2816.76465622,eastmoney-all
2026-07-07,29570.22709754,2289.76847675,eastmoney-all
2026-07-08,29381.00394405,2277.29413437,eastmoney-all
2026-07-09,29341.48515608,2792.23385994,eastmoney-all
2026-07-10,29227.86873824,3212.01334727,eastmoney-all
2026-07-13,28891.14272134,2327.41702092,eastmoney-all
2026-07-14,28780.97668002,2412.84214077,eastmoney-all
2026-07-15,28663.32691217,2336.54440557,eastmoney-all
2026-07-16,28376.22775587,2080.12064805,eastmoney-all
2026-07-17,27575.44154296,2063.4036748,eastmoney-all
2026-07-20,26977.54345309,2147.69058746,eastmoney-all
2026-07-21,26978.52606795,2675.86624019,eastmoney-all
2026-07-22,26985.96780509,2468.61374134,eastmoney-all
2026-07-23,26888.31553022,1908.49979845,eastmoney-all
2026-07-24,26665.73447092,1635.89385401,eastmoney-all
2026-07-27,26766.47788583,1844.97866633,eastmoney-all
2026-07-28,26468.71473317,1695.2582827,eastmoney-all
2026-07-29,26212.79475642,1907.70654758,eastmoney-all
2026-07-30,25844.79733104,1934.81650237,eastmoney-all
2026-07-31,25890.81732587,2440.94901988,eastmoney-all
2026-08-03,25803.46293375,1660.98012527,eastmoney-all
2026-08-04,25923.04486523,2109.85056633,eastmoney-all
2026-08-05,26045.27335168,2604.65292738,eastmoney-all
2026-08-06,26155.56874854,2368.38898165,eastmoney-all
2026-08-07,26225.33361208,2557.77250324,eastmoney-all
2026-08-10,26366.04466997,2362.17235628,eastmoney-all
2026-08-11,26379.07355341,2173.82568098,eastmoney-all
2026-08-12,26473.69138512,2022.81991667,eastmoney-all
2026-08-13,26497.25100007,2421.10328871,eastmoney-all
2026-08-14,26478.69309936,2008.73950825,eastmoney-all
2026-08-17,26656.52576777,2355.54765058,eastmoney-all
2026-08-18,26708.49591556,2295.51759586,eastmoney-all
2026-08-19,26411.3099667,2155.11837001,eastmoney-all
2026-08-20,26395.00368567,1888.29242438,eastmoney-all
2026-08-21,26332.93098109,1686.4507344,eastmoney-all
2026-08-24,26290.51620343,1705.39316006,eastmoney-all
2026-08-25,26283.51672543,1573.88448399,eastmoney-all
2026-08-26,26250.28202795,1580.45494031,eastmoney-all
2026-08-27,26363.81829746,2031.68293255,eastmoney-all
2026-08-28,26302.22014595,1904.29452981,eastmoney-all
2026-08-31,26354.61315125,1915.22751935,eastmoney-all
2026-09-01,26369.05565241,1755.1227842,eastmoney-all
2026-09-02,26315.53552725,1499.07356902,eastmoney-all
2026-09-03,26275.15419103,1493.81755995,eastmoney-all
2026-09-04,26092.48014685,1676.47529831,eastmoney-all
2026-09-07,26207.30221482,1746.49112205,eastmoney-all
2026-09-08,26226.226792,1710.21890606,eastmoney-all
2026-09-09,26193.91132085,1549.67337268,eastmoney-all
2026-09-10,26171.76056065,1363.10836334,eastmoney-all
2026-09-11,26025.81682717,1598.72168264,eastmoney-all
2026-09-14,25977.01438605,1312.10627174,eastmoney-all
2026-09-15,25982.73248014,1349.98998599,eastmoney-all
2026-09-16,26075.22635209,1694.91288727,eastmoney-all
2026-09-17,26098.46561596,1621.32099315,eastmoney-all
2026-09-18,26087.55789419,1892.90923597,eastmoney-all
2026-09-21,26233.94495772,1879.99968661,eastmoney-all
2026-09-22,26263.35709313,2099.35071634,eastmoney-all
2026-09-23,26252.91457882,1610.77759548,eastmoney-all
